{
"type": "FeatureCollection",
"name": "Jaga_Leuweung",
"crs": { "type": "name", "properties": { "name": "urn:ogc:def:crs:OGC:1.3:CRS84" } },
"features": [
{ "type": "Feature", "properties": { "No": null, "Nama": null, "NIK": null, "Usia\n(Tahun)": null, "Alamat": null, "Desa": null, "Kecamatan": null, "Kabupaten": null, "Koordinat Desa": null, "field_10": null, "Koordinat Calon Lokasi": "Persemaian", "field_12": null, "field_13": "Penanaman", "field_14": null, "Penyuluh Kehutanan \nPendamping": null, "Keterangan": null, "CDK": null }, "geometry": null },
{ "type": "Feature", "properties": { "No": 1, "Nama": "Muhammad Asep MI", "NIK": 3201252207810003, "Usia\n(Tahun)": "44", "Alamat": "Kp. Hegarsari No 19 RT/RW 001/016", "Desa": 3201110003, "Kecamatan": 3201110, "Kabupaten": 3201, "Koordinat Desa": -6.723, "field_10": 106.973, "Koordinat Calon Lokasi": "-6.702493", "field_12": 106.977691, "field_13": null, "field_14": null, "Penyuluh Kehutanan \nPendamping": "Yuliandri Hanafi, S.Hut", "Keterangan": "APL Daratan", "CDK": "CDK I\r" }, "geometry": { "type": "Point", "coordinates": [ 106.973, -6.723 ] } },
{ "type": "Feature", "properties": { "No": 2, "Nama": "Hendra Hermawan", "NIK": 3201250405760007, "Usia\n(Tahun)": "49", "Alamat": "Kp. Kp. Pensiunan RT/RW 002/001", "Desa": 3201110003, "Kecamatan": 3201110, "Kabupaten": 3201, "Koordinat Desa": -6.723, "field_10": 106.973, "Koordinat Calon Lokasi": "-6.702493", "field_12": 106.977691, "field_13": null, "field_14": null, "Penyuluh Kehutanan \nPendamping": "Yuliandri Hanafi, S.Hut", "Keterangan": "APL Daratan", "CDK": "CDK I\r" }, "geometry": { "type": "Point", "coordinates": [ 106.973, -6.723 ] } },
{ "type": "Feature", "properties": { "No": 3, "Nama": "Samsul A", "NIK": 3201250701810014, "Usia\n(Tahun)": "44", "Alamat": "Kp. Pensiunan RT/RW 002/001", "Desa": 3201110003, "Kecamatan": 3201110, "Kabupaten": 3201, "Koordinat Desa": -6.723, "field_10": 106.973, "Koordinat Calon Lokasi": "-6.702493", "field_12": 106.977691, "field_13": null, "field_14": null, "Penyuluh Kehutanan \nPendamping": "Yuliandri Hanafi, S.Hut", "Keterangan": "APL Daratan", "CDK": "CDK I\r" }, "geometry": { "type": "Point", "coordinates": [ 106.973, -6.723 ] } },
{ "type": "Feature", "properties": { "No": 4, "Nama": "Dede Iyus Darussalm", "NIK": 3201252812830009, "Usia\n(Tahun)": "42", "Alamat": "Kp. Pensiunan RT/RW 002/001", "Desa": 3201110003, "Kecamatan": 3201110, "Kabupaten": 3201, "Koordinat Desa": -6.723, "field_10": 106.973, "Koordinat Calon Lokasi": "-6.702493", "field_12": 106.977691, "field_13": null, "field_14": null, "Penyuluh Kehutanan \nPendamping": "Yuliandri Hanafi, S.Hut", "Keterangan": "APL Daratan", "CDK": "CDK I\r" }, "geometry": { "type": "Point", "coordinates": [ 106.973, -6.723 ] } },
{ "type": "Feature", "properties": { "No": 5, "Nama": "Solihin", "NIK": 3201252311800001, "Usia\n(Tahun)": "45", "Alamat": "Kp. Pensiunan RT/RW 001/001", "Desa": 3201110003, "Kecamatan": 3201110, "Kabupaten": 3201, "Koordinat Desa": -6.723, "field_10": 106.973, "Koordinat Calon Lokasi": "-6.702493", "field_12": 106.977691, "field_13": null, "field_14": null, "Penyuluh Kehutanan \nPendamping": "Yuliandri Hanafi, S.Hut", "Keterangan": "APL Daratan", "CDK": "CDK I\r" }, "geometry": { "type": "Point", "coordinates": [ 106.973, -6.723 ] } },
{ "type": "Feature", "properties": { "No": 6, "Nama": "Muplih", "NIK": 3201250902750002, "Usia\n(Tahun)": "51", "Alamat": "Kp. Pensiunan RT/RW 001/001 ", "Desa": 3201110003, "Kecamatan": 3201110, "Kabupaten": 3201, "Koordinat Desa": -6.723, "field_10": 106.973, "Koordinat Calon Lokasi": "-6.702493", "field_12": 106.977691, "field_13": null, "field_14": null, "Penyuluh Kehutanan \nPendamping": "Yuliandri Hanafi, S.Hut", "Keterangan": "APL Daratan", "CDK": "CDK I\r" }, "geometry": { "type": "Point", "coordinates": [ 106.973, -6.723 ] } },
{ "type": "Feature", "properties": { "No": 7, "Nama": "Ajum", "NIK": 3201080212670001, "Usia\n(Tahun)": "59", "Alamat": "Kp. Tonjong RT/RW 004/002 ", "Desa": 3201160013, "Kecamatan": 3201160, "Kabupaten": 3201, "Koordinat Desa": -6.549, "field_10": 107.169, "Koordinat Calon Lokasi": "-6.518119", "field_12": 107.167486, "field_13": null, "field_14": null, "Penyuluh Kehutanan \nPendamping": "Rusmana, SP", "Keterangan": "APL Daratan", "CDK": "CDK I\r" }, "geometry": { "type": "Point", "coordinates": [ 107.169, -6.549 ] } },
{ "type": "Feature", "properties": { "No": 8, "Nama": "Enoh", "NIK": 3201080107450002, "Usia\n(Tahun)": "80", "Alamat": "Kp. Tonjong I RT/RW 004/002 ", "Desa": 3201160013, "Kecamatan": 3201160, "Kabupaten": 3201, "Koordinat Desa": -6.549, "field_10": 107.169, "Koordinat Calon Lokasi": "-6.518119", "field_12": 107.167486, "field_13": null, "field_14": null, "Penyuluh Kehutanan \nPendamping": "Rusmana, SP", "Keterangan": "APL Daratan", "CDK": "CDK I\r" }, "geometry": { "type": "Point", "coordinates": [ 107.169, -6.549 ] } },
{ "type": "Feature", "properties": { "No": 9, "Nama": "Saepudin", "NIK": 3201080703800004, "Usia\n(Tahun)": "45", "Alamat": "Kp. Parakan Salam RT/RW 001/001", "Desa": 3201160013, "Kecamatan": 3201160, "Kabupaten": 3201, "Koordinat Desa": -6.549, "field_10": 107.169, "Koordinat Calon Lokasi": "-6.518119", "field_12": 107.167486, "field_13": null, "field_14": null, "Penyuluh Kehutanan \nPendamping": "Rusmana, SP", "Keterangan": "APL Daratan", "CDK": "CDK I\r" }, "geometry": { "type": "Point", "coordinates": [ 107.169, -6.549 ] } },
{ "type": "Feature", "properties": { "No": 10, "Nama": "Encep Saepudin", "NIK": 3201090810750003, "Usia\n(Tahun)": "51", "Alamat": "Kp. Cisoro. RT/RW 001/004 ", "Desa": 3201150005, "Kecamatan": 3201150, "Kabupaten": 3201, "Koordinat Desa": -6.592, "field_10": 106.996, "Koordinat Calon Lokasi": "-6.591166", "field_12": 107.001657, "field_13": null, "field_14": null, "Penyuluh Kehutanan \nPendamping": "Yuliandri Hanafi, S.Hut", "Keterangan": "KHDPK", "CDK": "CDK I\r" }, "geometry": { "type": "Point", "coordinates": [ 106.996, -6.592 ] } },
{ "type": "Feature", "properties": { "No": 11, "Nama": "H. Acep Edi", "NIK": 3201091207590003, "Usia\n(Tahun)": "67", "Alamat": "Kp. Cisoro. RT/RW 001/004, ", "Desa": 3201150005, "Kecamatan": 3201150, "Kabupaten": 3201, "Koordinat Desa": -6.592, "field_10": 106.996, "Koordinat Calon Lokasi": "-6.591166", "field_12": 107.001657, "field_13": null, "field_14": null, "Penyuluh Kehutanan \nPendamping": "Yuliandri Hanafi, S.Hut", "Keterangan": "KHDPK", "CDK": "CDK I\r" }, "geometry": { "type": "Point", "coordinates": [ 106.996, -6.592 ] } },
{ "type": "Feature", "properties": { "No": 12, "Nama": "Wahono", "NIK": 3403060709720005, "Usia\n(Tahun)": "52", "Alamat": "Kp. Cisoro. RT/RW 001/004, ", "Desa": 3201150005, "Kecamatan": 3201150, "Kabupaten": 3201, "Koordinat Desa": -6.592, "field_10": 106.996, "Koordinat Calon Lokasi": "-6.591166", "field_12": 107.001657, "field_13": null, "field_14": null, "Penyuluh Kehutanan \nPendamping": "Yuliandri Hanafi, S.Hut", "Keterangan": "KHDPK", "CDK": "CDK I\r" }, "geometry": { "type": "Point", "coordinates": [ 106.996, -6.592 ] } },
{ "type": "Feature", "properties": { "No": 13, "Nama": "Solahudin", "NIK": 3201270206760002, "Usia\n(Tahun)": "50", "Alamat": "Kp. Lengkong RT/RW. 004/005 ", "Desa": 3201090001, "Kecamatan": 3201090, "Kabupaten": 3201, "Koordinat Desa": -6.757, "field_10": 106.852, "Koordinat Calon Lokasi": "-6.761504", "field_12": 106.835931, "field_13": null, "field_14": null, "Penyuluh Kehutanan \nPendamping": "Annisa Fitriani Tyassita", "Keterangan": "APL Daratan", "CDK": "CDK I\r" }, "geometry": { "type": "Point", "coordinates": [ 106.852, -6.757 ] } },
{ "type": "Feature", "properties": { "No": 14, "Nama": "Tata Suparta", "NIK": 3201271002830005, "Usia\n(Tahun)": "43", "Alamat": "Kp. Lengkong RT/RW 004/005 ", "Desa": 3201090001, "Kecamatan": 3201090, "Kabupaten": 3201, "Koordinat Desa": -6.757, "field_10": 106.852, "Koordinat Calon Lokasi": "-6.761504", "field_12": 106.835931, "field_13": null, "field_14": null, "Penyuluh Kehutanan \nPendamping": "Annisa Fitriani Tyassita", "Keterangan": "APL Daratan", "CDK": "CDK I\r" }, "geometry": { "type": "Point", "coordinates": [ 106.852, -6.757 ] } },
{ "type": "Feature", "properties": { "No": 15, "Nama": "Solihin", "NIK": 3201271904790005, "Usia\n(Tahun)": "47", "Alamat": "kp. Lengkong RT/RW 002/005 ", "Desa": 3201090001, "Kecamatan": 3201090, "Kabupaten": 3201, "Koordinat Desa": -6.757, "field_10": 106.852, "Koordinat Calon Lokasi": "-6.761504", "field_12": 106.835931, "field_13": null, "field_14": null, "Penyuluh Kehutanan \nPendamping": "Annisa Fitriani Tyassita", "Keterangan": "APL Daratan", "CDK": "CDK I\r" }, "geometry": { "type": "Point", "coordinates": [ 106.852, -6.757 ] } },
{ "type": "Feature", "properties": { "No": 16, "Nama": "Bana", "NIK": 3201051506560004, "Usia\n(Tahun)": "69", "Alamat": "Kp. Curug RT/RW 002/015 ", "Desa": 3201140002, "Kecamatan": 3201140, "Kabupaten": 3201, "Koordinat Desa": -6.609, "field_10": 106.907, "Koordinat Calon Lokasi": "-6.619915", "field_12": 106.909408, "field_13": null, "field_14": null, "Penyuluh Kehutanan \nPendamping": "Raden Triangga Wicaksana, S. P.", "Keterangan": "KHDPK", "CDK": "CDK I\r" }, "geometry": { "type": "Point", "coordinates": [ 106.907, -6.609 ] } },
{ "type": "Feature", "properties": { "No": 17, "Nama": "Lukman", "NIK": 3201052607770003, "Usia\n(Tahun)": "49", "Alamat": "Kp. Curug RT/RW 002/015 ", "Desa": 3201140002, "Kecamatan": 3201140, "Kabupaten": 3201, "Koordinat Desa": -6.609, "field_10": 106.907, "Koordinat Calon Lokasi": "-6.619915", "field_12": 106.909408, "field_13": null, "field_14": null, "Penyuluh Kehutanan \nPendamping": "Raden Triangga Wicaksana, S. P.", "Keterangan": "KHDPK", "CDK": "CDK I\r" }, "geometry": { "type": "Point", "coordinates": [ 106.907, -6.609 ] } },
{ "type": "Feature", "properties": { "No": 18, "Nama": "Agus", "NIK": 3201051105680001, "Usia\n(Tahun)": "58", "Alamat": "Kp. Cibingbing RT/RW 004/005 ", "Desa": 3201140002, "Kecamatan": 3201140, "Kabupaten": 3201, "Koordinat Desa": -6.609, "field_10": 106.907, "Koordinat Calon Lokasi": "-6.619915", "field_12": 106.909408, "field_13": null, "field_14": null, "Penyuluh Kehutanan \nPendamping": "Raden Triangga Wicaksana, S. P.", "Keterangan": "KHDPK", "CDK": "CDK I\r" }, "geometry": { "type": "Point", "coordinates": [ 106.907, -6.609 ] } },
{ "type": "Feature", "properties": { "No": 19, "Nama": "Jaka", "NIK": 3201240101760020, "Usia\n(Tahun)": "50", "Alamat": "Kp Bojong, RT/RW 011/003 ", "Desa": 3201100004, "Kecamatan": 3201100, "Kabupaten": 3201, "Koordinat Desa": -6.735, "field_10": 106.928, "Koordinat Calon Lokasi": "-6.707810", "field_12": 106.90168, "field_13": null, "field_14": null, "Penyuluh Kehutanan \nPendamping": "Nurul Fadhilah Amiruddin", "Keterangan": "APL Daratan", "CDK": "CDK I\r" }, "geometry": { "type": "Point", "coordinates": [ 106.928, -6.735 ] } },
{ "type": "Feature", "properties": { "No": 20, "Nama": "Herman", "NIK": 3201241208680003, "Usia\n(Tahun)": "57", "Alamat": "Kp Bojong, RT/RW 014/004 ", "Desa": 3201100004, "Kecamatan": 3201100, "Kabupaten": 3201, "Koordinat Desa": -6.735, "field_10": 106.928, "Koordinat Calon Lokasi": "-6.707810", "field_12": 106.90168, "field_13": null, "field_14": null, "Penyuluh Kehutanan \nPendamping": "Nurul Fadhilah Amiruddin", "Keterangan": "APL Daratan", "CDK": "CDK I\r" }, "geometry": { "type": "Point", "coordinates": [ 106.928, -6.735 ] } },
{ "type": "Feature", "properties": { "No": 21, "Nama": "M. Arman Maulana", "NIK": 3201241109850003, "Usia\n(Tahun)": "57", "Alamat": "Kp Bojong, RT/RW 012/004 ", "Desa": 3201100004, "Kecamatan": 3201100, "Kabupaten": 3201, "Koordinat Desa": -6.735, "field_10": 106.928, "Koordinat Calon Lokasi": "-6.707810", "field_12": 106.90168, "field_13": null, "field_14": null, "Penyuluh Kehutanan \nPendamping": "Nurul Fadhilah Amiruddin", "Keterangan": "APL Daratan", "CDK": "CDK I\r" }, "geometry": { "type": "Point", "coordinates": [ 106.928, -6.735 ] } },
{ "type": "Feature", "properties": { "No": 22, "Nama": "Muhidin Abdillah", "NIK": 3201060609690010, "Usia\n(Tahun)": "40", "Alamat": "Kp. Bojong Korod RT/RW 002/010 ", "Desa": 3201170006, "Kecamatan": 3201170, "Kabupaten": 3201, "Koordinat Desa": -6.496, "field_10": 107.057, "Koordinat Calon Lokasi": "-6.504278", "field_12": 107.046175, "field_13": null, "field_14": null, "Penyuluh Kehutanan \nPendamping": "Dian Fajarwati, S.Hut", "Keterangan": "APL Daratan", "CDK": "CDK I\r" }, "geometry": { "type": "Point", "coordinates": [ 107.057, -6.496 ] } },
{ "type": "Feature", "properties": { "No": 23, "Nama": "Bayu Purbaya", "NIK": 3201060112840013, "Usia\n(Tahun)": "56", "Alamat": "Kp. Bojong Korod RT/RW 001/010 ", "Desa": 3201170006, "Kecamatan": 3201170, "Kabupaten": 3201, "Koordinat Desa": -6.496, "field_10": 107.057, "Koordinat Calon Lokasi": "-6.504278", "field_12": 107.046175, "field_13": null, "field_14": null, "Penyuluh Kehutanan \nPendamping": "Dian Fajarwati, S.Hut", "Keterangan": "APL Daratan", "CDK": "CDK I\r" }, "geometry": { "type": "Point", "coordinates": [ 107.057, -6.496 ] } },
{ "type": "Feature", "properties": { "No": 24, "Nama": "Supriadi", "NIK": 3201061506690072, "Usia\n(Tahun)": "41", "Alamat": "Kp. Bojong Korod RT/RW 001/010 ", "Desa": 3201170006, "Kecamatan": 3201170, "Kabupaten": 3201, "Koordinat Desa": -6.496, "field_10": 107.057, "Koordinat Calon Lokasi": "-6.504278", "field_12": 107.046175, "field_13": null, "field_14": null, "Penyuluh Kehutanan \nPendamping": "Dian Fajarwati, S.Hut", "Keterangan": "APL Daratan", "CDK": "CDK I\r" }, "geometry": { "type": "Point", "coordinates": [ 107.057, -6.496 ] } },
{ "type": "Feature", "properties": { "No": 25, "Nama": "Mansur", "NIK": 3201141706690004, "Usia\n(Tahun)": "56", "Alamat": "Kp. Gunung Sari RT/RW 003/006 ", "Desa": 3201020003, "Kecamatan": 3201020, "Kabupaten": 3201, "Koordinat Desa": -6.638, "field_10": 106.621, "Koordinat Calon Lokasi": "-6.646200", "field_12": 106.6188, "field_13": null, "field_14": null, "Penyuluh Kehutanan \nPendamping": "Hilda Guntara, A.Md", "Keterangan": "APL Daratan", "CDK": "CDK I\r" }, "geometry": { "type": "Point", "coordinates": [ 106.621, -6.638 ] } },
{ "type": "Feature", "properties": { "No": 26, "Nama": "Dedih", "NIK": 3201140204800010, "Usia\n(Tahun)": "57", "Alamat": "Kp. Legok Gintung RT/RW 001/004 ", "Desa": 3201020004, "Kecamatan": 3201020, "Kabupaten": 3201, "Koordinat Desa": -6.624, "field_10": 106.588, "Koordinat Calon Lokasi": "-6.617172", "field_12": 106.587523, "field_13": null, "field_14": null, "Penyuluh Kehutanan \nPendamping": "Hilda Guntara, A.Md", "Keterangan": "APL Daratan", "CDK": "CDK I\r" }, "geometry": { "type": "Point", "coordinates": [ 106.588, -6.624 ] } },
{ "type": "Feature", "properties": { "No": 27, "Nama": "Redi", "NIK": 3201140206860004, "Usia\n(Tahun)": "46", "Alamat": "Kp. Nangela Lebak RT/RW 001/008 ", "Desa": 3201020004, "Kecamatan": 3201020, "Kabupaten": 3201, "Koordinat Desa": -6.624, "field_10": 106.588, "Koordinat Calon Lokasi": "-6.617172", "field_12": 106.587523, "field_13": null, "field_14": null, "Penyuluh Kehutanan \nPendamping": "Hilda Guntara, A.Md", "Keterangan": "APL Daratan", "CDK": "CDK I\r" }, "geometry": { "type": "Point", "coordinates": [ 106.588, -6.624 ] } },
{ "type": "Feature", "properties": { "No": 28, "Nama": "Jaenal Abidin", "NIK": 3216171708770004, "Usia\n(Tahun)": "49", "Alamat": "Kp. Gaga, RT/RW 003/003", "Desa": 3216150002, "Kecamatan": 3216150, "Kabupaten": 3216, "Koordinat Desa": -6.006, "field_10": 107.042, "Koordinat Calon Lokasi": "-5.992500", "field_12": 107.025833, "field_13": null, "field_14": null, "Penyuluh Kehutanan \nPendamping": "Didin Hernadi", "Keterangan": "APL Mangrove dan Pantai", "CDK": "CDK I\r" }, "geometry": { "type": "Point", "coordinates": [ 107.042, -6.006 ] } },
{ "type": "Feature", "properties": { "No": 29, "Nama": "Dedeng", "NIK": 3216171508780005, "Usia\n(Tahun)": "48", "Alamat": "Kp. Gaga, RT/RW 002/001", "Desa": 3216150002, "Kecamatan": 3216150, "Kabupaten": 3216, "Koordinat Desa": -6.006, "field_10": 107.042, "Koordinat Calon Lokasi": "-5.992500", "field_12": 107.025833, "field_13": null, "field_14": null, "Penyuluh Kehutanan \nPendamping": "Didin Hernadi", "Keterangan": "APL Mangrove dan Pantai", "CDK": "CDK I\r" }, "geometry": { "type": "Point", "coordinates": [ 107.042, -6.006 ] } },
{ "type": "Feature", "properties": { "No": 30, "Nama": "Soleh Bin Ongkin", "NIK": 3216171506780036, "Usia\n(Tahun)": "48", "Alamat": "Kp. Muara Jaya RT 002/001", "Desa": 3216150002, "Kecamatan": 3216150, "Kabupaten": 3216, "Koordinat Desa": -6.006, "field_10": 107.042, "Koordinat Calon Lokasi": "-5.992501", "field_12": 107.025834, "field_13": null, "field_14": null, "Penyuluh Kehutanan \nPendamping": "Didin Hernadi", "Keterangan": "APL Mangrove dan Pantai", "CDK": "CDK I\r" }, "geometry": { "type": "Point", "coordinates": [ 107.042, -6.006 ] } },
{ "type": "Feature", "properties": { "No": 31, "Nama": "Royani", "NIK": 3201251007550002, "Usia\n(Tahun)": "70", "Alamat": "Kp. Cibulao RT.002 RW 006 ", "Desa": 3201110004, "Kecamatan": 3201110, "Kabupaten": 3201, "Koordinat Desa": -6.685, "field_10": 106.98, "Koordinat Calon Lokasi": "-6.684811", "field_12": 106.988769, "field_13": null, "field_14": null, "Penyuluh Kehutanan \nPendamping": "Yuliandri Hanafi, S.Hut.", "Keterangan": "KHDPK", "CDK": "CDK I\r" }, "geometry": { "type": "Point", "coordinates": [ 106.98, -6.685 ] } },
{ "type": "Feature", "properties": { "No": 32, "Nama": "Oyo", "NIK": 3201250312680002, "Usia\n(Tahun)": "57", "Alamat": "Kp. Cibulao RT.002 RW 006 ", "Desa": 3201110004, "Kecamatan": 3201110, "Kabupaten": 3201, "Koordinat Desa": -6.685, "field_10": 106.98, "Koordinat Calon Lokasi": "-6.684811", "field_12": 106.988769, "field_13": null, "field_14": null, "Penyuluh Kehutanan \nPendamping": "Yuliandri Hanafi, S.Hut.", "Keterangan": "KHDPK", "CDK": "CDK I\r" }, "geometry": { "type": "Point", "coordinates": [ 106.98, -6.685 ] } },
{ "type": "Feature", "properties": { "No": 33, "Nama": "Partinah", "NIK": 3201255002620003, "Usia\n(Tahun)": "63", "Alamat": "Kp. Cibulao RT.002 RW 006 ", "Desa": 3201110004, "Kecamatan": 3201110, "Kabupaten": 3201, "Koordinat Desa": -6.685, "field_10": 106.98, "Koordinat Calon Lokasi": "-6.684811", "field_12": 106.988769, "field_13": null, "field_14": null, "Penyuluh Kehutanan \nPendamping": "Yuliandri Hanafi, S.Hut.", "Keterangan": "KHDPK", "CDK": "CDK I\r" }, "geometry": { "type": "Point", "coordinates": [ 106.98, -6.685 ] } },
{ "type": "Feature", "properties": { "No": 34, "Nama": "Deden Hermawan", "NIK": 3201090706770003, "Usia\n(Tahun)": "48", "Alamat": "Kp. Leuwicatang RT 005 RW 003", "Desa": 3201150008, "Kecamatan": 3201150, "Kabupaten": 3201, "Koordinat Desa": -6.546, "field_10": 106.962, "Koordinat Calon Lokasi": "-6.541861", "field_12": 106.951976, "field_13": null, "field_14": null, "Penyuluh Kehutanan \nPendamping": "Yuliandri Hanafi, S.Hut.", "Keterangan": "APL Daratan", "CDK": "CDK I\r" }, "geometry": { "type": "Point", "coordinates": [ 106.962, -6.546 ] } },
{ "type": "Feature", "properties": { "No": 35, "Nama": "Husen", "NIK": 3201091701800004, "Usia\n(Tahun)": "45", "Alamat": "Kp. Leuwicatang RT 003 RW 003", "Desa": 3201150008, "Kecamatan": 3201150, "Kabupaten": 3201, "Koordinat Desa": -6.546, "field_10": 106.962, "Koordinat Calon Lokasi": "-6.541861", "field_12": 106.951976, "field_13": null, "field_14": null, "Penyuluh Kehutanan \nPendamping": "Yuliandri Hanafi, S.Hut.", "Keterangan": "APL Daratan", "CDK": "CDK I\r" }, "geometry": { "type": "Point", "coordinates": [ 106.962, -6.546 ] } },
{ "type": "Feature", "properties": { "No": 36, "Nama": "Mulyadi", "NIK": 3201091312830001, "Usia\n(Tahun)": "42", "Alamat": "Kp. Leuwicatang RT 005 RW 003", "Desa": 3201150008, "Kecamatan": 3201150, "Kabupaten": 3201, "Koordinat Desa": -6.546, "field_10": 106.962, "Koordinat Calon Lokasi": "-6.541861", "field_12": 106.951976, "field_13": null, "field_14": null, "Penyuluh Kehutanan \nPendamping": "Yuliandri Hanafi, S.Hut.", "Keterangan": "APL Daratan", "CDK": "CDK I\r" }, "geometry": { "type": "Point", "coordinates": [ 106.962, -6.546 ] } },
{ "type": "Feature", "properties": { "No": 37, "Nama": "Ucu Barokah", "NIK": 3201041904780005, "Usia\n(Tahun)": "48", "Alamat": "Kp. Cimuncang RT 002 RW 002 ", "Desa": 3201130001, "Kecamatan": 3201130, "Kabupaten": 3201, "Koordinat Desa": -6.631, "field_10": 106.847, "Koordinat Calon Lokasi": "-6.636783", "field_12": 106.871149, "field_13": null, "field_14": null, "Penyuluh Kehutanan \nPendamping": "Citra Betrianingrum, S.Hut", "Keterangan": "APL Daratan", "CDK": "CDK I\r" }, "geometry": { "type": "Point", "coordinates": [ 106.847, -6.631 ] } },
{ "type": "Feature", "properties": { "No": 38, "Nama": "Aos Suryadi", "NIK": 3201040402750002, "Usia\n(Tahun)": "50", "Alamat": "Kp. Bojong RT 002 RW 004", "Desa": 3201130001, "Kecamatan": 3201130, "Kabupaten": 3201, "Koordinat Desa": -6.631, "field_10": 106.847, "Koordinat Calon Lokasi": "-6.636783", "field_12": 106.871149, "field_13": null, "field_14": null, "Penyuluh Kehutanan \nPendamping": "Citra Betrianingrum, S.Hut", "Keterangan": "APL Daratan", "CDK": "CDK I\r" }, "geometry": { "type": "Point", "coordinates": [ 106.847, -6.631 ] } },
{ "type": "Feature", "properties": { "No": 39, "Nama": "Haliri", "NIK": 3201041505730005, "Usia\n(Tahun)": "53", "Alamat": "Kp. Gunung Geulis RT 003 RW 001", "Desa": 3201130002, "Kecamatan": 3201130, "Kabupaten": 3201, "Koordinat Desa": -6.631, "field_10": 106.882, "Koordinat Calon Lokasi": "-6.636783", "field_12": 106.871149, "field_13": null, "field_14": null, "Penyuluh Kehutanan \nPendamping": "Citra Betrianingrum, S.Hut", "Keterangan": "APL Daratan", "CDK": "CDK I\r" }, "geometry": { "type": "Point", "coordinates": [ 106.882, -6.631 ] } },
{ "type": "Feature", "properties": { "No": 40, "Nama": "Muhamad Hamda", "NIK": 3201390506660003, "Usia\n(Tahun)": "59", "Alamat": "Kp. Gunung Seureuh RT. 002 RW 006 ", "Desa": 3201021006, "Kecamatan": 3201021, "Kabupaten": 3201, "Koordinat Desa": -6.557, "field_10": 106.585, "Koordinat Calon Lokasi": "-6.550460", "field_12": 106.582074, "field_13": null, "field_14": null, "Penyuluh Kehutanan \nPendamping": "Memet Slamet Riady, S.Hut", "Keterangan": "APL Daratan", "CDK": "CDK I\r" }, "geometry": { "type": "Point", "coordinates": [ 106.585, -6.557 ] } },
{ "type": "Feature", "properties": { "No": 41, "Nama": "Cacang", "NIK": 3201390806850005, "Usia\n(Tahun)": "41", "Alamat": "Kp. Cikadu RT. 002 RW 005 ", "Desa": 3201021006, "Kecamatan": 3201021, "Kabupaten": 3201, "Koordinat Desa": -6.557, "field_10": 106.585, "Koordinat Calon Lokasi": "-6.550460", "field_12": 106.582074, "field_13": null, "field_14": null, "Penyuluh Kehutanan \nPendamping": "Memet Slamet Riady, S.Hut", "Keterangan": "APL Daratan", "CDK": "CDK I\r" }, "geometry": { "type": "Point", "coordinates": [ 106.585, -6.557 ] } },
{ "type": "Feature", "properties": { "No": 42, "Nama": "Tatang", "NIK": 3201390707770009, "Usia\n(Tahun)": "49", "Alamat": "Kp. Cikadu RT. 002 RW 005 ", "Desa": 3201021006, "Kecamatan": 3201021, "Kabupaten": 3201, "Koordinat Desa": -6.557, "field_10": 106.585, "Koordinat Calon Lokasi": "-6.550460", "field_12": 106.582074, "field_13": null, "field_14": null, "Penyuluh Kehutanan \nPendamping": "Memet Slamet Riady, S.Hut", "Keterangan": "APL Daratan", "CDK": "CDK I\r" }, "geometry": { "type": "Point", "coordinates": [ 106.585, -6.557 ] } },
{ "type": "Feature", "properties": { "No": 43, "Nama": "Hamid", "NIK": 3201222202690001, "Usia\n(Tahun)": "56", "Alamat": "Kp. Cilame RT 002 RW 012 ", "Desa": 3201270009, "Kecamatan": 3201270, "Kabupaten": 3201, "Koordinat Desa": -6.549, "field_10": 106.512, "Koordinat Calon Lokasi": "-6.544300", "field_12": 106.5149, "field_13": null, "field_14": null, "Penyuluh Kehutanan \nPendamping": "Memet Slamet Riady, S.Hut", "Keterangan": "APL Daratan", "CDK": "CDK I\r" }, "geometry": { "type": "Point", "coordinates": [ 106.512, -6.549 ] } },
{ "type": "Feature", "properties": { "No": 44, "Nama": "Mahroji", "NIK": 3201222611790001, "Usia\n(Tahun)": "57", "Alamat": "Kp. Cilame RT 002 RW 012 ", "Desa": 3201270009, "Kecamatan": 3201270, "Kabupaten": 3201, "Koordinat Desa": -6.549, "field_10": 106.512, "Koordinat Calon Lokasi": "-6.544300", "field_12": 106.5149, "field_13": null, "field_14": null, "Penyuluh Kehutanan \nPendamping": "Memet Slamet Riady, S.Hut", "Keterangan": "APL Daratan", "CDK": "CDK I\r" }, "geometry": { "type": "Point", "coordinates": [ 106.512, -6.549 ] } },
{ "type": "Feature", "properties": { "No": 45, "Nama": "Ahyar", "NIK": 3201220402700001, "Usia\n(Tahun)": "56", "Alamat": "Kp. Cilame RT 002 RW 012 ", "Desa": 3201270009, "Kecamatan": 3201270, "Kabupaten": 3201, "Koordinat Desa": -6.549, "field_10": 106.512, "Koordinat Calon Lokasi": "-6.544300", "field_12": 106.5149, "field_13": null, "field_14": null, "Penyuluh Kehutanan \nPendamping": "Memet Slamet Riady, S.Hut", "Keterangan": "APL Daratan", "CDK": "CDK I\r" }, "geometry": { "type": "Point", "coordinates": [ 106.512, -6.549 ] } },
{ "type": "Feature", "properties": { "No": 46, "Nama": "Jaya Sampurna", "NIK": 3201232802780007, "Usia\n(Tahun)": "47", "Alamat": "Kp. Dungus Biuk RT 001 RW 006", "Desa": 3201290004, "Kecamatan": 3201290, "Kabupaten": 3201, "Koordinat Desa": -6.365, "field_10": 106.472, "Koordinat Calon Lokasi": "-6.357500", "field_12": 106.4825, "field_13": null, "field_14": null, "Penyuluh Kehutanan \nPendamping": "Dadi Supriadi", "Keterangan": "APL Daratan", "CDK": "CDK I\r" }, "geometry": { "type": "Point", "coordinates": [ 106.472, -6.365 ] } },
{ "type": "Feature", "properties": { "No": 47, "Nama": "Tarmidi", "NIK": 3201230707820009, "Usia\n(Tahun)": "44", "Alamat": "Kp. Dungus Biuk RT 003 RW 007", "Desa": 3201290004, "Kecamatan": 3201290, "Kabupaten": 3201, "Koordinat Desa": -6.365, "field_10": 106.472, "Koordinat Calon Lokasi": "-6.357500", "field_12": 106.4825, "field_13": null, "field_14": null, "Penyuluh Kehutanan \nPendamping": "Dadi Supriadi", "Keterangan": "APL Daratan", "CDK": "CDK I\r" }, "geometry": { "type": "Point", "coordinates": [ 106.472, -6.365 ] } },
{ "type": "Feature", "properties": { "No": 48, "Nama": "Amun", "NIK": 3201230706740003, "Usia\n(Tahun)": "52", "Alamat": "Kp. Dungus Biuk RT 002 RW 007", "Desa": 3201290004, "Kecamatan": 3201290, "Kabupaten": 3201, "Koordinat Desa": -6.365, "field_10": 106.472, "Koordinat Calon Lokasi": "-6.357500", "field_12": 106.4825, "field_13": null, "field_14": null, "Penyuluh Kehutanan \nPendamping": "Dadi Supriadi", "Keterangan": "APL Daratan", "CDK": "CDK I\r" }, "geometry": { "type": "Point", "coordinates": [ 106.472, -6.365 ] } },
{ "type": "Feature", "properties": { "No": 49, "Nama": "Endang ", "NIK": 3201170705710010, "Usia\n(Tahun)": "55", "Alamat": "Kp. Cikuda Mulya RT 001 RW 005", "Desa": 3201030002, "Kecamatan": 3201030, "Kabupaten": 3201, "Koordinat Desa": -6.727, "field_10": 106.635, "Koordinat Calon Lokasi": "-6.699500", "field_12": 106.644478, "field_13": null, "field_14": null, "Penyuluh Kehutanan \nPendamping": "Herujaman, SE", "Keterangan": "APL Daratan", "CDK": "CDK I\r" }, "geometry": { "type": "Point", "coordinates": [ 106.635, -6.727 ] } },
{ "type": "Feature", "properties": { "No": 50, "Nama": "Satun", "NIK": 3201171805690002, "Usia\n(Tahun)": "57", "Alamat": "Kp. Cikuda Mulya RT 001 RW 005", "Desa": 3201030002, "Kecamatan": 3201030, "Kabupaten": 3201, "Koordinat Desa": -6.727, "field_10": 106.635, "Koordinat Calon Lokasi": "-6.699500", "field_12": 106.644478, "field_13": null, "field_14": null, "Penyuluh Kehutanan \nPendamping": "Herujaman, SE", "Keterangan": "APL Daratan", "CDK": "CDK I\r" }, "geometry": { "type": "Point", "coordinates": [ 106.635, -6.727 ] } },
{ "type": "Feature", "properties": { "No": 51, "Nama": "Pepen", "NIK": 3201171503650008, "Usia\n(Tahun)": "61", "Alamat": "Kp. Cikuda Mulya RT 001 RW 005", "Desa": 3201030002, "Kecamatan": 3201030, "Kabupaten": 3201, "Koordinat Desa": -6.727, "field_10": 106.635, "Koordinat Calon Lokasi": "-6.699500", "field_12": 106.644478, "field_13": null, "field_14": null, "Penyuluh Kehutanan \nPendamping": "Herujaman, SE", "Keterangan": "APL Daratan", "CDK": "CDK I\r" }, "geometry": { "type": "Point", "coordinates": [ 106.635, -6.727 ] } },
{ "type": "Feature", "properties": { "No": 52, "Nama": "Yuda Martin", "NIK": 3201181202790004, "Usia\n(Tahun)": "46", "Alamat": "Kp. Leuwibatu RT 003 RW 001", "Desa": 3201260001, "Kecamatan": 3201260, "Kabupaten": 3201, "Koordinat Desa": -6.528, "field_10": 106.62, "Koordinat Calon Lokasi": "-6.524036", "field_12": 106.631462, "field_13": null, "field_14": null, "Penyuluh Kehutanan \nPendamping": "Muhammad Abdurachman Yudiansyah", "Keterangan": "APL Daratan", "CDK": "CDK I\r" }, "geometry": { "type": "Point", "coordinates": [ 106.62, -6.528 ] } },
{ "type": "Feature", "properties": { "No": 53, "Nama": "Ukon Sukron", "NIK": 3201180502690002, "Usia\n(Tahun)": "56", "Alamat": "Kp. Leuwibatu RT 003 RW 001", "Desa": 3201260001, "Kecamatan": 3201260, "Kabupaten": 3201, "Koordinat Desa": -6.528, "field_10": 106.62, "Koordinat Calon Lokasi": "-6.524036", "field_12": 106.631462, "field_13": null, "field_14": null, "Penyuluh Kehutanan \nPendamping": "Muhammad Abdurachman Yudiansyah", "Keterangan": "APL Daratan", "CDK": "CDK I\r" }, "geometry": { "type": "Point", "coordinates": [ 106.62, -6.528 ] } },
{ "type": "Feature", "properties": { "No": 54, "Nama": "Ahmad Sukria", "NIK": 3201181005660012, "Usia\n(Tahun)": "59", "Alamat": "Kp. Leuwibatu RT 003 RW 001", "Desa": 3201260001, "Kecamatan": 3201260, "Kabupaten": 3201, "Koordinat Desa": -6.528, "field_10": 106.62, "Koordinat Calon Lokasi": "-6.524036", "field_12": 106.631462, "field_13": null, "field_14": null, "Penyuluh Kehutanan \nPendamping": "Muhammad Abdurachman Yudiansyah", "Keterangan": "APL Daratan", "CDK": "CDK I\r" }, "geometry": { "type": "Point", "coordinates": [ 106.62, -6.528 ] } },
{ "type": "Feature", "properties": { "No": 55, "Nama": "Encep Suryadi", "NIK": 3201281202600003, "Usia\n(Tahun)": "66", "Alamat": "Kp. Tajurhalang RT 004 RW 003", "Desa": 3201080016, "Kecamatan": 3201080, "Kabupaten": 3201, "Koordinat Desa": -6.682, "field_10": 106.773, "Koordinat Calon Lokasi": "-6.684560", "field_12": 106.77085, "field_13": null, "field_14": null, "Penyuluh Kehutanan \nPendamping": "Dini Dwi Fachrani", "Keterangan": "APL Daratan", "CDK": "CDK I\r" }, "geometry": { "type": "Point", "coordinates": [ 106.773, -6.682 ] } },
{ "type": "Feature", "properties": { "No": 56, "Nama": "Udung", "NIK": 3201281103780004, "Usia\n(Tahun)": "48", "Alamat": "Kp. Tajurhalang RT 004 RW 003", "Desa": 3201080016, "Kecamatan": 3201080, "Kabupaten": 3201, "Koordinat Desa": -6.682, "field_10": 106.773, "Koordinat Calon Lokasi": "-6.684560", "field_12": 106.77085, "field_13": null, "field_14": null, "Penyuluh Kehutanan \nPendamping": "Dini Dwi Fachrani", "Keterangan": "APL Daratan", "CDK": "CDK I\r" }, "geometry": { "type": "Point", "coordinates": [ 106.773, -6.682 ] } },
{ "type": "Feature", "properties": { "No": 57, "Nama": "Danu Umbara", "NIK": 3271011606810012, "Usia\n(Tahun)": "45", "Alamat": "Kp. Tajurhalang RT 004 RW 003", "Desa": 3201080016, "Kecamatan": 3201080, "Kabupaten": 3201, "Koordinat Desa": -6.682, "field_10": 106.773, "Koordinat Calon Lokasi": "-6.684560", "field_12": 106.77085, "field_13": null, "field_14": null, "Penyuluh Kehutanan \nPendamping": "Dini Dwi Fachrani", "Keterangan": "APL Daratan", "CDK": "CDK I\r" }, "geometry": { "type": "Point", "coordinates": [ 106.773, -6.682 ] } },
{ "type": "Feature", "properties": { "No": 58, "Nama": "Rohana", "NIK": 3213290601740001, "Usia\n(Tahun)": "42", "Alamat": "Dusun Banceuy Rt. 014 Rw. 005 ", "Desa": 3213021005, "Kecamatan": 3213021, "Kabupaten": 3213, "Koordinat Desa": -6.714, "field_10": 107.71, "Koordinat Calon Lokasi": "-6.680174", "field_12": 107.684551, "field_13": "-6.72883", "field_14": "107.70023", "Penyuluh Kehutanan \nPendamping": "Adang Juanda, S.ST", "Keterangan": null, "CDK": "CDK II\r" }, "geometry": { "type": "Point", "coordinates": [ 107.71, -6.714 ] } },
{ "type": "Feature", "properties": { "No": 59, "Nama": "Yana Suryana", "NIK": 3213121108700005, "Usia\n(Tahun)": "55", "Alamat": "Kp. Jalancagak Rt. 011 Rw. 002 ", "Desa": 3213020015, "Kecamatan": 3213020, "Kabupaten": 3213, "Koordinat Desa": -6.676, "field_10": 107.704, "Koordinat Calon Lokasi": "-6.680174", "field_12": 107.684551, "field_13": "-6.76315", "field_14": "107.64417", "Penyuluh Kehutanan \nPendamping": "Adang Juanda, S.ST", "Keterangan": null, "CDK": "CDK II\r" }, "geometry": { "type": "Point", "coordinates": [ 107.704, -6.676 ] } },
{ "type": "Feature", "properties": { "No": 60, "Nama": "Cucu Hidayat", "NIK": 3213290407760001, "Usia\n(Tahun)": "50", "Alamat": "Kp. Sukanagara Rt. 018 Rw. 005 ", "Desa": 3213021004, "Kecamatan": 3213021, "Kabupaten": 3213, "Koordinat Desa": -6.735, "field_10": 107.698, "Koordinat Calon Lokasi": "-6.680174", "field_12": 107.684551, "field_13": "-6.67033", "field_14": "107.70205", "Penyuluh Kehutanan \nPendamping": "Adang Juanda, S.ST", "Keterangan": null, "CDK": "CDK II\r" }, "geometry": { "type": "Point", "coordinates": [ 107.698, -6.735 ] } },
{ "type": "Feature", "properties": { "No": 61, "Nama": "Edi", "NIK": 3213190504760003, "Usia\n(Tahun)": "50", "Alamat": "Kp.Cisalak Rt 20/10 ", "Desa": 3213050005, "Kecamatan": 3213050, "Kabupaten": 3213, "Koordinat Desa": -6.635, "field_10": 107.797, "Koordinat Calon Lokasi": "-6.62661", "field_12": 107.806787, "field_13": "6,638648", "field_14": "107,802227", "Penyuluh Kehutanan \nPendamping": "Dedi Supriadi, S.ST", "Keterangan": null, "CDK": "CDK II\r" }, "geometry": { "type": "Point", "coordinates": [ 107.797, -6.635 ] } },
{ "type": "Feature", "properties": { "No": 62, "Nama": "Didi", "NIK": 3213190302730002, "Usia\n(Tahun)": "53", "Alamat": "Kp.Cisalak Rt 20/05 ", "Desa": 3213050005, "Kecamatan": 3213050, "Kabupaten": 3213, "Koordinat Desa": -6.635, "field_10": 107.797, "Koordinat Calon Lokasi": "-6.62661", "field_12": 107.806787, "field_13": "6,638648", "field_14": "107,802227", "Penyuluh Kehutanan \nPendamping": "Dedi Supriadi, S.ST", "Keterangan": null, "CDK": "CDK II\r" }, "geometry": { "type": "Point", "coordinates": [ 107.797, -6.635 ] } },
{ "type": "Feature", "properties": { "No": 63, "Nama": "Uju", "NIK": 3213190101600001, "Usia\n(Tahun)": "56", "Alamat": "Kp. Cisalak Rt 031/010 ", "Desa": 3213050005, "Kecamatan": 3213050, "Kabupaten": 3213, "Koordinat Desa": -6.635, "field_10": 107.797, "Koordinat Calon Lokasi": "-6.62661", "field_12": 107.806787, "field_13": "6,670328", "field_14": "107,758652", "Penyuluh Kehutanan \nPendamping": "Dedi Supriadi, S.ST", "Keterangan": null, "CDK": "CDK II\r" }, "geometry": { "type": "Point", "coordinates": [ 107.797, -6.635 ] } },
{ "type": "Feature", "properties": { "No": 64, "Nama": "Evi", "NIK": 3213030101770050, "Usia\n(Tahun)": "49", "Alamat": "Kp. Wanareja RT 05 RW 02 ", "Desa": 3213070012, "Kecamatan": 3213070, "Kabupaten": 3213, "Koordinat Desa": -6.589, "field_10": 107.811, "Koordinat Calon Lokasi": "-6.580677", "field_12": 107.813407, "field_13": "-6,581911", "field_14": "107,814269", "Penyuluh Kehutanan \nPendamping": "Yus Nur AU, A.Md", "Keterangan": null, "CDK": "CDK II\r" }, "geometry": { "type": "Point", "coordinates": [ 107.811, -6.589 ] } },
{ "type": "Feature", "properties": { "No": 65, "Nama": "Wirja", "NIK": 3213030506770013, "Usia\n(Tahun)": "49", "Alamat": "Kp. Wanareja RT 05 RW 02 ", "Desa": 3213070012, "Kecamatan": 3213070, "Kabupaten": 3213, "Koordinat Desa": -6.589, "field_10": 107.811, "Koordinat Calon Lokasi": "-6.580677", "field_12": 107.813407, "field_13": "-6,580945", "field_14": "107,812884", "Penyuluh Kehutanan \nPendamping": "Yus Nur AU, A.Md", "Keterangan": null, "CDK": "CDK II\r" }, "geometry": { "type": "Point", "coordinates": [ 107.811, -6.589 ] } },
{ "type": "Feature", "properties": { "No": 66, "Nama": "Rasdi", "NIK": 3213170204550001, "Usia\n(Tahun)": "70", "Alamat": "Dusun Sariasih Desa Sadawana", "Desa": 3213060002, "Kecamatan": 3213060, "Kabupaten": 3213, "Koordinat Desa": -6.585, "field_10": 107.843, "Koordinat Calon Lokasi": "-6.580677", "field_12": 107.813407, "field_13": "-6,583928", "field_14": "107,823486", "Penyuluh Kehutanan \nPendamping": "Yus Nur AU, A.Md", "Keterangan": null, "CDK": "CDK II\r" }, "geometry": { "type": "Point", "coordinates": [ 107.843, -6.585 ] } },
{ "type": "Feature", "properties": { "No": 67, "Nama": "Mintarsih", "NIK": 3213275203730006, "Usia\n(Tahun)": "53", "Alamat": "Kp. Ciwiru RT.004/ RW.002 ", "Desa": 3213081002, "Kecamatan": 3213081, "Kabupaten": 3213, "Koordinat Desa": -6.582, "field_10": 107.713, "Koordinat Calon Lokasi": "-6.584445", "field_12": 107.715249, "field_13": "6.5797344", "field_14": "107.7106627", "Penyuluh Kehutanan \nPendamping": "Detty Sumiati, S.Hut", "Keterangan": null, "CDK": "CDK II\r" }, "geometry": { "type": "Point", "coordinates": [ 107.713, -6.582 ] } },
{ "type": "Feature", "properties": { "No": 68, "Nama": "Sunadi", "NIK": 3213272710820001, "Usia\n(Tahun)": "44", "Alamat": "Kp. Margasari RT.006/RW.002 ", "Desa": 3213081002, "Kecamatan": 3213081, "Kabupaten": 3213, "Koordinat Desa": -6.582, "field_10": 107.713, "Koordinat Calon Lokasi": "-6.584445", "field_12": 107.715249, "field_13": "6.5797344", "field_14": "107.7106627", "Penyuluh Kehutanan \nPendamping": "Detty Sumiati, S.Hut", "Keterangan": null, "CDK": "CDK II\r" }, "geometry": { "type": "Point", "coordinates": [ 107.713, -6.582 ] } },
{ "type": "Feature", "properties": { "No": 69, "Nama": "Suhanda", "NIK": 3213270612540002, "Usia\n(Tahun)": "72", "Alamat": "Kp. Cileutik RT. 002 RW.001 ", "Desa": 3213081004, "Kecamatan": 3213081, "Kabupaten": 3213, "Koordinat Desa": -6.56, "field_10": 107.721, "Koordinat Calon Lokasi": "-6.584445", "field_12": 107.715249, "field_13": "6.5797344", "field_14": "107.7106627", "Penyuluh Kehutanan \nPendamping": "Detty Sumiati, S.Hut", "Keterangan": null, "CDK": "CDK II\r" }, "geometry": { "type": "Point", "coordinates": [ 107.721, -6.56 ] } },
{ "type": "Feature", "properties": { "No": 70, "Nama": "Ade Mulyono", "NIK": 3215280205930001, "Usia\n(Tahun)": "44", "Alamat": "Kp. Cisarua Rt.006/003 ", "Desa": 3214011005, "Kecamatan": 3214011, "Kabupaten": 3214, "Koordinat Desa": -6.504, "field_10": 107.34, "Koordinat Calon Lokasi": "-6.4545", "field_12": 107.3532, "field_13": "-6,48599", "field_14": "107,3525", "Penyuluh Kehutanan \nPendamping": "Yayan Arianto,S.ST.,MP", "Keterangan": null, "CDK": "CDK II\r" }, "geometry": { "type": "Point", "coordinates": [ 107.34, -6.504 ] } },
{ "type": "Feature", "properties": { "No": 71, "Nama": "Salim", "NIK": 3214150912880002, "Usia\n(Tahun)": "54", "Alamat": "Kp. Cisarua Rt.006/003 ", "Desa": 3214011005, "Kecamatan": 3214011, "Kabupaten": 3214, "Koordinat Desa": -6.504, "field_10": 107.34, "Koordinat Calon Lokasi": "-6.5063", "field_12": 107.3008, "field_13": "-6.491780", "field_14": "107.307300", "Penyuluh Kehutanan \nPendamping": "Yayan Arianto,S.ST.,MP", "Keterangan": null, "CDK": "CDK II\r" }, "geometry": { "type": "Point", "coordinates": [ 107.34, -6.504 ] } },
{ "type": "Feature", "properties": { "No": 72, "Nama": "Kartas", "NIK": 3214151204700001, "Usia\n(Tahun)": "56", "Alamat": "Kp. Ciputat Rt.011/005 ", "Desa": 3214011005, "Kecamatan": 3214011, "Kabupaten": 3214, "Koordinat Desa": -6.504, "field_10": 107.34, "Koordinat Calon Lokasi": "-6.504152", "field_12": 107.35101, "field_13": "-6,501863", "field_14": "107,356452", "Penyuluh Kehutanan \nPendamping": "Yayan Arianto,S.ST.,MP", "Keterangan": null, "CDK": "CDK II\r" }, "geometry": { "type": "Point", "coordinates": [ 107.34, -6.504 ] } },
{ "type": "Feature", "properties": { "No": 73, "Nama": "Dudung", "NIK": 3214092010670001, "Usia\n(Tahun)": "59", "Alamat": "Kp.Peuntas RT.012/04 ", "Desa": 3214080020, "Kecamatan": 3214080, "Kabupaten": 3214, "Koordinat Desa": -6.62, "field_10": 107.532, "Koordinat Calon Lokasi": "-6.628567", "field_12": 107.535, "field_13": "-6.628303", "field_14": "107.534800", "Penyuluh Kehutanan \nPendamping": "Riswana Indrayadi, S.Hut", "Keterangan": null, "CDK": "CDK II\r" }, "geometry": { "type": "Point", "coordinates": [ 107.532, -6.62 ] } },
{ "type": "Feature", "properties": { "No": 74, "Nama": "Umuludin", "NIK": 3214090403580002, "Usia\n(Tahun)": "68", "Alamat": "Kp.Cisair RT.006/003 ", "Desa": 3214080003, "Kecamatan": 3214080, "Kabupaten": 3214, "Koordinat Desa": -6.71, "field_10": 107.539, "Koordinat Calon Lokasi": "-6.712877", "field_12": 107.544678, "field_13": "-6.712836", "field_14": "107.550816", "Penyuluh Kehutanan \nPendamping": "Riswana Indrayadi, S.Hut", "Keterangan": null, "CDK": "CDK II\r" }, "geometry": { "type": "Point", "coordinates": [ 107.539, -6.71 ] } },
{ "type": "Feature", "properties": { "No": 75, "Nama": "Apong", "NIK": 3214170202670001, "Usia\n(Tahun)": "59", "Alamat": "Kp.Ciseureuh Rt.009/005 ", "Desa": 3214081007, "Kecamatan": 3214081, "Kabupaten": 3214, "Koordinat Desa": -6.608, "field_10": 107.576, "Koordinat Calon Lokasi": "-6.609252", "field_12": 107.57439, "field_13": "-6.609338", "field_14": "107.574397", "Penyuluh Kehutanan \nPendamping": "Riswana Indrayadi, S.Hut", "Keterangan": null, "CDK": "CDK II\r" }, "geometry": { "type": "Point", "coordinates": [ 107.576, -6.608 ] } },
{ "type": "Feature", "properties": { "No": 76, "Nama": "Tatang Somantri", "NIK": 3214111002760004, "Usia\n(Tahun)": "50", "Alamat": "Kp. Cileuweung RT 016 RW 008 ", "Desa": 3214070002, "Kecamatan": 3214070, "Kabupaten": 3214, "Koordinat Desa": -6.743, "field_10": 107.531, "Koordinat Calon Lokasi": "-6.730157", "field_12": 107.520674, "field_13": "-6.730120", "field_14": "107.520580", "Penyuluh Kehutanan \nPendamping": "HanHan Rahdian, SP", "Keterangan": null, "CDK": "CDK II\r" }, "geometry": { "type": "Point", "coordinates": [ 107.531, -6.743 ] } },
{ "type": "Feature", "properties": { "No": 77, "Nama": "Jaja", "NIK": 3214110106810001, "Usia\n(Tahun)": "45", "Alamat": "Kp. Cileuweung RT 016 RW 008 ", "Desa": 3214070002, "Kecamatan": 3214070, "Kabupaten": 3214, "Koordinat Desa": -6.743, "field_10": 107.531, "Koordinat Calon Lokasi": "-6.730157", "field_12": 107.520674, "field_13": "-6.730150", "field_14": "107.520360", "Penyuluh Kehutanan \nPendamping": "HanHan Rahdian, SP", "Keterangan": null, "CDK": "CDK II\r" }, "geometry": { "type": "Point", "coordinates": [ 107.531, -6.743 ] } },
{ "type": "Feature", "properties": { "No": 78, "Nama": "Hasan", "NIK": 3214110205720004, "Usia\n(Tahun)": "54", "Alamat": "Kp. Cileuweung RT 016 RW 008 ", "Desa": 3214070002, "Kecamatan": 3214070, "Kabupaten": 3214, "Koordinat Desa": -6.743, "field_10": 107.531, "Koordinat Calon Lokasi": "-6.730157", "field_12": 107.520674, "field_13": "-6.730381", "field_14": "107.520580", "Penyuluh Kehutanan \nPendamping": "HanHan Rahdian, SP", "Keterangan": null, "CDK": "CDK II\r" }, "geometry": { "type": "Point", "coordinates": [ 107.531, -6.743 ] } },
{ "type": "Feature", "properties": { "No": 79, "Nama": "Yayan", "NIK": 3214051012770003, "Usia\n(Tahun)": "49", "Alamat": "Kp. sukamulya RT/RW 004/001 ", "Desa": 3214050003, "Kecamatan": 3214050, "Kabupaten": 3214, "Koordinat Desa": -6.637, "field_10": 107.441, "Koordinat Calon Lokasi": "-6.639173", "field_12": 107.428952, "field_13": "-6,636,657", "field_14": ",107.442742", "Penyuluh Kehutanan \nPendamping": "Enrico F Havier", "Keterangan": null, "CDK": "CDK II\r" }, "geometry": { "type": "Point", "coordinates": [ 107.441, -6.637 ] } },
{ "type": "Feature", "properties": { "No": 80, "Nama": "Samsudin", "NIK": 3214050903740001, "Usia\n(Tahun)": "51", "Alamat": "Kp. sukamulya RT/RW 004/001 ", "Desa": 3214050003, "Kecamatan": 3214050, "Kabupaten": 3214, "Koordinat Desa": -6.637, "field_10": 107.441, "Koordinat Calon Lokasi": "-6.639173", "field_12": 107.428952, "field_13": "-6,636,657", "field_14": ",107.442743", "Penyuluh Kehutanan \nPendamping": "Enrico F Havier", "Keterangan": null, "CDK": "CDK II\r" }, "geometry": { "type": "Point", "coordinates": [ 107.441, -6.637 ] } },
{ "type": "Feature", "properties": { "No": 81, "Nama": "Sayoga Edi Purwanto", "NIK": 3214050703700002, "Usia\n(Tahun)": "51", "Alamat": "Kp. Cigintung RT/RW 004/001 ", "Desa": 3214050003, "Kecamatan": 3214050, "Kabupaten": 3214, "Koordinat Desa": -6.637, "field_10": 107.441, "Koordinat Calon Lokasi": "-6.639173", "field_12": 107.428952, "field_13": "-6,636,657", "field_14": ",107.442744", "Penyuluh Kehutanan \nPendamping": "Enrico F Havier", "Keterangan": null, "CDK": "CDK II\r" }, "geometry": { "type": "Point", "coordinates": [ 107.441, -6.637 ] } },
{ "type": "Feature", "properties": { "No": 82, "Nama": "Mukti", "NIK": 3215280204780003, "Usia\n(Tahun)": "47", "Alamat": "Kp. Cisaar RT/RW 014/007", "Desa": 3215011008, "Kecamatan": 3215011, "Kabupaten": 3215, "Koordinat Desa": -6.504, "field_10": 107.275, "Koordinat Calon Lokasi": "-6.517877", "field_12": 107.268426, "field_13": "-6,515815", "field_14": "107,266235", "Penyuluh Kehutanan \nPendamping": "Hani Kadarinah, Amd", "Keterangan": null, "CDK": "CDK II\r" }, "geometry": { "type": "Point", "coordinates": [ 107.275, -6.504 ] } },
{ "type": "Feature", "properties": { "No": 83, "Nama": "Samin", "NIK": 3215282903740001, "Usia\n(Tahun)": "51", "Alamat": "Kp. Cikahuripan RT/RW 013/007", "Desa": 3215011008, "Kecamatan": 3215011, "Kabupaten": 3215, "Koordinat Desa": -6.504, "field_10": 107.275, "Koordinat Calon Lokasi": "-6.517878", "field_12": 107.268427, "field_13": "-6,513202", "field_14": "107,265453", "Penyuluh Kehutanan \nPendamping": "Hani Kadarinah, Amd", "Keterangan": null, "CDK": "CDK II\r" }, "geometry": { "type": "Point", "coordinates": [ 107.275, -6.504 ] } },
{ "type": "Feature", "properties": { "No": 84, "Nama": "Juhali", "NIK": 3215280703720000, "Usia\n(Tahun)": "53", "Alamat": "Kp. Cikahuripan RT/RW 013/007 ", "Desa": 3215011008, "Kecamatan": 3215011, "Kabupaten": 3215, "Koordinat Desa": -6.504, "field_10": 107.275, "Koordinat Calon Lokasi": "-6.517879", "field_12": 107.268428, "field_13": "-6,515125", "field_14": "107.265754", "Penyuluh Kehutanan \nPendamping": "Hani Kadarinah, Amd", "Keterangan": null, "CDK": "CDK II\r" }, "geometry": { "type": "Point", "coordinates": [ 107.275, -6.504 ] } },
{ "type": "Feature", "properties": { "No": 85, "Nama": "Hadi Ruhenda", "NIK": 3213230307750003, "Usia\n(Tahun)": "51", "Alamat": "Kp. Batukarut RT 005/001 ", "Desa": 3213011006, "Kecamatan": 3213011, "Kabupaten": 3213, "Koordinat Desa": -6.619, "field_10": 107.616, "Koordinat Calon Lokasi": "-6.643911", "field_12": 107.613862, "field_13": "-6.64391", "field_14": "107.61386", "Penyuluh Kehutanan \nPendamping": "Sutisna Sanjaya, S.ST", "Keterangan": null, "CDK": "CDK II\r" }, "geometry": { "type": "Point", "coordinates": [ 107.616, -6.619 ] } },
{ "type": "Feature", "properties": { "No": 86, "Nama": "Solihin", "NIK": 3213010510780005, "Usia\n(Tahun)": "47", "Alamat": "Kp. Ciceuri RT/RW 005/002 ", "Desa": 3213010003, "Kecamatan": 3213010, "Kabupaten": 3213, "Koordinat Desa": -6.708, "field_10": 107.625, "Koordinat Calon Lokasi": "-6.713697", "field_12": 107.624092, "field_13": "-6.71370", "field_14": "107.62409", "Penyuluh Kehutanan \nPendamping": "Sutisna Sanjaya, S.ST", "Keterangan": null, "CDK": "CDK II\r" }, "geometry": { "type": "Point", "coordinates": [ 107.625, -6.708 ] } },
{ "type": "Feature", "properties": { "No": 87, "Nama": "Ate Rohyana", "NIK": 3213230102730003, "Usia\n(Tahun)": "53", "Alamat": "Kp. Babakan Jati RT/RW 009/002 ", "Desa": 3213011005, "Kecamatan": 3213011, "Kabupaten": 3213, "Koordinat Desa": -6.623, "field_10": 107.596, "Koordinat Calon Lokasi": "-6.631538", "field_12": 107.595364, "field_13": "-6.63154", "field_14": "107.59536", "Penyuluh Kehutanan \nPendamping": "Sutisna Sanjaya, S.ST", "Keterangan": null, "CDK": "CDK II\r" }, "geometry": { "type": "Point", "coordinates": [ 107.596, -6.623 ] } },
{ "type": "Feature", "properties": { "No": 88, "Nama": "Tonny S", "NIK": 3213032003750005, "Usia\n(Tahun)": "51", "Alamat": "Blok Sukamekar RT 71 RW 19 ", "Desa": 3213070005, "Kecamatan": 3213070, "Kabupaten": 3213, "Koordinat Desa": -6.565, "field_10": 107.753, "Koordinat Calon Lokasi": "-6.574475", "field_12": 107.749533, "field_13": "-6,572317", "field_14": "107,749110", "Penyuluh Kehutanan \nPendamping": "Andang Kuswara", "Keterangan": null, "CDK": "CDK II\r" }, "geometry": { "type": "Point", "coordinates": [ 107.753, -6.565 ] } },
{ "type": "Feature", "properties": { "No": 89, "Nama": "Maman Sugandi", "NIK": 3213031303590004, "Usia\n(Tahun)": "67", "Alamat": "Blok Sukamekar RT30 RW 19 ", "Desa": 3213070005, "Kecamatan": 3213070, "Kabupaten": 3213, "Koordinat Desa": -6.565, "field_10": 107.753, "Koordinat Calon Lokasi": "-6.574475", "field_12": 107.749533, "field_13": "-6.572317", "field_14": "107.749110", "Penyuluh Kehutanan \nPendamping": "Andang Kuswara", "Keterangan": null, "CDK": "CDK II\r" }, "geometry": { "type": "Point", "coordinates": [ 107.753, -6.565 ] } },
{ "type": "Feature", "properties": { "No": 90, "Nama": "Sugiono", "NIK": 3213030610770001, "Usia\n(Tahun)": "47", "Alamat": "Blok Padasuka RT/RW 041/011 ", "Desa": 3213070005, "Kecamatan": 3213070, "Kabupaten": 3213, "Koordinat Desa": -6.565, "field_10": 107.753, "Koordinat Calon Lokasi": "-6.574475", "field_12": 107.749533, "field_13": "-6.572317", "field_14": "107.749110", "Penyuluh Kehutanan \nPendamping": "Andang Kuswara", "Keterangan": null, "CDK": "CDK II\r" }, "geometry": { "type": "Point", "coordinates": [ 107.753, -6.565 ] } },
{ "type": "Feature", "properties": { "No": 91, "Nama": "U. Rahmat", "NIK": 3213140304580003, "Usia\n(Tahun)": "68", "Alamat": "Kp. Dago Patrol RT 016 RW 005 ", "Desa": 3213040004, "Kecamatan": 3213040, "Kabupaten": 3213, "Koordinat Desa": -6.742, "field_10": 107.83, "Koordinat Calon Lokasi": "-6.741108", "field_12": 107.83456, "field_13": "-6.732126", "field_14": "107.834522", "Penyuluh Kehutanan \nPendamping": "Ahmad Sapari, SP", "Keterangan": null, "CDK": "CDK II\r" }, "geometry": { "type": "Point", "coordinates": [ 107.83, -6.742 ] } },
{ "type": "Feature", "properties": { "No": 92, "Nama": "Kabun Rahmat", "NIK": 3213141207700003, "Usia\n(Tahun)": "56", "Alamat": "Kp. Dago Patrol RT 016 RW 005 ", "Desa": 3213040004, "Kecamatan": 3213040, "Kabupaten": 3213, "Koordinat Desa": -6.742, "field_10": 107.83, "Koordinat Calon Lokasi": "-6.741108", "field_12": 107.83456, "field_13": "-6.732126", "field_14": "107.834522", "Penyuluh Kehutanan \nPendamping": "Ahmad Sapari, SP", "Keterangan": null, "CDK": "CDK II\r" }, "geometry": { "type": "Point", "coordinates": [ 107.83, -6.742 ] } },
{ "type": "Feature", "properties": { "No": 93, "Nama": "Deni Hamdani Rahman", "NIK": 3213140801850004, "Usia\n(Tahun)": "41", "Alamat": "Kp. Cimeuhmal RT 024 RW 001 ", "Desa": 3213040004, "Kecamatan": 3213040, "Kabupaten": 3213, "Koordinat Desa": -6.742, "field_10": 107.83, "Koordinat Calon Lokasi": "-6.765159", "field_12": 107.820568, "field_13": "-6.762755", "field_14": "107.822185", "Penyuluh Kehutanan \nPendamping": "Ahmad Sapari, SP", "Keterangan": null, "CDK": "CDK II\r" }, "geometry": { "type": "Point", "coordinates": [ 107.83, -6.742 ] } },
{ "type": "Feature", "properties": { "No": 94, "Nama": "Nurhasim", "NIK": 3213210303720001, "Usia\n(Tahun)": "53", "Alamat": "Dusun Tegal Sari RT. 007 RW.002 ", "Desa": 3213210004, "Kecamatan": 3213210, "Kabupaten": 3213, "Koordinat Desa": -6.216, "field_10": 107.803, "Koordinat Calon Lokasi": "-6.21481", "field_12": 107.784276, "field_13": "6.22357", "field_14": "107.80910", "Penyuluh Kehutanan \nPendamping": "Yayan Rusmana, S.Hut", "Keterangan": null, "CDK": "CDK II\r" }, "geometry": { "type": "Point", "coordinates": [ 107.803, -6.216 ] } },
{ "type": "Feature", "properties": { "No": 95, "Nama": "Wahyudin", "NIK": 3213211208740002, "Usia\n(Tahun)": "52", "Alamat": "Dusun Krajan RT. 003 RW.001 ", "Desa": 3213210004, "Kecamatan": 3213210, "Kabupaten": 3213, "Koordinat Desa": -6.216, "field_10": 107.803, "Koordinat Calon Lokasi": "-6.214593", "field_12": 107.786573, "field_13": "-6.21253", "field_14": "107.78607", "Penyuluh Kehutanan \nPendamping": "Yayan Rusmana, S.Hut", "Keterangan": null, "CDK": "CDK II\r" }, "geometry": { "type": "Point", "coordinates": [ 107.803, -6.216 ] } },
{ "type": "Feature", "properties": { "No": 96, "Nama": "Daim", "NIK": 1602151708530001, "Usia\n(Tahun)": "73", "Alamat": "Dusun Pondok Bali RT. 003 RW.002 ", "Desa": 3213210003, "Kecamatan": 3213210, "Kabupaten": 3213, "Koordinat Desa": -6.22, "field_10": 107.781, "Koordinat Calon Lokasi": "-6.21481", "field_12": 107.784276, "field_13": "6.22251", "field_14": "107.78567", "Penyuluh Kehutanan \nPendamping": "Yayan Rusmana, S.Hut", "Keterangan": null, "CDK": "CDK II\r" }, "geometry": { "type": "Point", "coordinates": [ 107.781, -6.22 ] } },
{ "type": "Feature", "properties": { "No": 97, "Nama": "Wawan Naswari", "NIK": 3213021012700006, "Usia\n(Tahun)": "55", "Alamat": "Desa Sukakerti Kecamatan Cisalak ", "Desa": 3213030005, "Kecamatan": 3213030, "Kabupaten": 3213, "Koordinat Desa": -6.731, "field_10": 107.746, "Koordinat Calon Lokasi": "-6.726494", "field_12": 107.752986, "field_13": "-6.72938", "field_14": "107.75198", "Penyuluh Kehutanan \nPendamping": "Burhan,SP", "Keterangan": null, "CDK": "CDK II\r" }, "geometry": { "type": "Point", "coordinates": [ 107.746, -6.731 ] } },
{ "type": "Feature", "properties": { "No": 98, "Nama": "Tatang Kurnia", "NIK": 3213022202760001, "Usia\n(Tahun)": "50", "Alamat": "Kp. Panyeredan Rt.13 Rw.04 ", "Desa": 3213030002, "Kecamatan": 3213030, "Kabupaten": 3213, "Koordinat Desa": -6.752, "field_10": 107.779, "Koordinat Calon Lokasi": "-6.753514", "field_12": 107.774269, "field_13": "-6.75335", "field_14": "107.77427", "Penyuluh Kehutanan \nPendamping": "Burhan,SP", "Keterangan": null, "CDK": "CDK II\r" }, "geometry": { "type": "Point", "coordinates": [ 107.779, -6.752 ] } },
{ "type": "Feature", "properties": { "No": 99, "Nama": "Dede Abdul Holik", "NIK": 3213021512790003, "Usia\n(Tahun)": "46", "Alamat": "KP. Patrol RT/RW 012/004 ", "Desa": 3213030002, "Kecamatan": 3213030, "Kabupaten": 3213, "Koordinat Desa": -6.752, "field_10": 107.779, "Koordinat Calon Lokasi": "-6.753514", "field_12": 107.774269, "field_13": "-6.75335", "field_14": "107.77427", "Penyuluh Kehutanan \nPendamping": "Burhan,SP", "Keterangan": null, "CDK": "CDK II\r" }, "geometry": { "type": "Point", "coordinates": [ 107.779, -6.752 ] } },
{ "type": "Feature", "properties": { "No": 100, "Nama": "Atoi Aldodo", "NIK": 3214161502640001, "Usia\n(Tahun)": "62", "Alamat": "Kp.Genggereng Rt.005/002 ", "Desa": 3214091003, "Kecamatan": 3214091, "Kabupaten": 3214, "Koordinat Desa": -6.633, "field_10": 107.506, "Koordinat Calon Lokasi": "-6.631582", "field_12": 107.509097, "field_13": "-6.635400", "field_14": "107.512100", "Penyuluh Kehutanan \nPendamping": "Iwan Pollo Ramadhani, S.Hut,", "Keterangan": null, "CDK": "CDK II\r" }, "geometry": { "type": "Point", "coordinates": [ 107.506, -6.633 ] } },
{ "type": "Feature", "properties": { "No": 101, "Nama": "Ujang Juhana", "NIK": 3214161109820002, "Usia\n(Tahun)": "44", "Alamat": "Kp.Genggereng Rt.005/002 ", "Desa": 3214091003, "Kecamatan": 3214091, "Kabupaten": 3214, "Koordinat Desa": -6.633, "field_10": 107.506, "Koordinat Calon Lokasi": "-6.631582", "field_12": 107.509097, "field_13": "-6.635400", "field_14": "107.512100", "Penyuluh Kehutanan \nPendamping": "Iwan Pollo Ramadhani, S.Hut,", "Keterangan": null, "CDK": "CDK II\r" }, "geometry": { "type": "Point", "coordinates": [ 107.506, -6.633 ] } },
{ "type": "Feature", "properties": { "No": 102, "Nama": "Sutisna", "NIK": 3214161210750002, "Usia\n(Tahun)": "51", "Alamat": "Kp.Genggereng Rt.005/002 ", "Desa": 3214091003, "Kecamatan": 3214091, "Kabupaten": 3214, "Koordinat Desa": -6.633, "field_10": 107.506, "Koordinat Calon Lokasi": "-6.631582", "field_12": 107.509097, "field_13": "-6.635400", "field_14": "107.512100", "Penyuluh Kehutanan \nPendamping": "Iwan Pollo Ramadhani, S.Hut,", "Keterangan": null, "CDK": "CDK II\r" }, "geometry": { "type": "Point", "coordinates": [ 107.506, -6.633 ] } },
{ "type": "Feature", "properties": { "No": 103, "Nama": "Misno Munawiharto", "NIK": 3214030803620003, "Usia\n(Tahun)": "63", "Alamat": "Kp. leuwi Gede Desa RT 014 RW 05 ", "Desa": 3214010015, "Kecamatan": 3214010, "Kabupaten": 3214, "Koordinat Desa": -6.608, "field_10": 107.447, "Koordinat Calon Lokasi": "-6.601622", "field_12": 107.450227, "field_13": "-6.602507", "field_14": "107.449652", "Penyuluh Kehutanan \nPendamping": "Suningsih, S.ST", "Keterangan": null, "CDK": "CDK II\r" }, "geometry": { "type": "Point", "coordinates": [ 107.447, -6.608 ] } },
{ "type": "Feature", "properties": { "No": 104, "Nama": "Muhrodin", "NIK": 3214030206710002, "Usia\n(Tahun)": "54", "Alamat": "Kp. Bagja RT 018 RW 06 ", "Desa": 3214010015, "Kecamatan": 3214010, "Kabupaten": 3214, "Koordinat Desa": -6.608, "field_10": 107.447, "Koordinat Calon Lokasi": "-6.601622", "field_12": 107.450227, "field_13": "-6.602507", "field_14": "107.449652", "Penyuluh Kehutanan \nPendamping": "Suningsih, S.ST", "Keterangan": null, "CDK": "CDK II\r" }, "geometry": { "type": "Point", "coordinates": [ 107.447, -6.608 ] } },
{ "type": "Feature", "properties": { "No": 105, "Nama": "Duloh Mustofa", "NIK": 3214031006740001, "Usia\n(Tahun)": "51", "Alamat": "Kp.Neglasari RT 010 RW 02 ", "Desa": 3214010008, "Kecamatan": 3214010, "Kabupaten": 3214, "Koordinat Desa": -6.53, "field_10": 107.411, "Koordinat Calon Lokasi": "-6.5285", "field_12": 107.4224, "field_13": "-6.530087", "field_14": "107.420585", "Penyuluh Kehutanan \nPendamping": "Suningsih, S.ST", "Keterangan": null, "CDK": "CDK II\r" }, "geometry": { "type": "Point", "coordinates": [ 107.411, -6.53 ] } },
{ "type": "Feature", "properties": { "No": 106, "Nama": "Herman", "NIK": 3214071307770002, "Usia\n(Tahun)": "48", "Alamat": "Kp. Pasir Bondol RT 007 RW 003 ", "Desa": 3214020007, "Kecamatan": 3214020, "Kabupaten": 3214, "Koordinat Desa": -6.683, "field_10": 107.263, "Koordinat Calon Lokasi": "-6.690048", "field_12": 107.25485, "field_13": "-6.693112", "field_14": "107.257308", "Penyuluh Kehutanan \nPendamping": "Yudho Diliyanto, S.ST", "Keterangan": null, "CDK": "CDK II\r" }, "geometry": { "type": "Point", "coordinates": [ 107.263, -6.683 ] } },
{ "type": "Feature", "properties": { "No": 107, "Nama": "Didih", "NIK": 3214071312620001, "Usia\n(Tahun)": "63", "Alamat": "Kp. Pasir Bondol RT 006 RW 003 ", "Desa": 3214020007, "Kecamatan": 3214020, "Kabupaten": 3214, "Koordinat Desa": -6.683, "field_10": 107.263, "Koordinat Calon Lokasi": "-6.690048", "field_12": 107.25485, "field_13": "-6.692917", "field_14": "107.254469", "Penyuluh Kehutanan \nPendamping": "Yudho Diliyanto, S.ST", "Keterangan": null, "CDK": "CDK II\r" }, "geometry": { "type": "Point", "coordinates": [ 107.263, -6.683 ] } },
{ "type": "Feature", "properties": { "No": 108, "Nama": "Oyib Suryadi", "NIK": 3214071301660001, "Usia\n(Tahun)": "60", "Alamat": "Kp. Sumur Nangka RT 010 RW 005 ", "Desa": 3214020004, "Kecamatan": 3214020, "Kabupaten": 3214, "Koordinat Desa": -6.68, "field_10": 107.317, "Koordinat Calon Lokasi": "-6.684471", "field_12": 107.316989, "field_13": "-6.681480", "field_14": "107.316450", "Penyuluh Kehutanan \nPendamping": "Yudho Diliyanto, S.ST", "Keterangan": null, "CDK": "CDK II\r" }, "geometry": { "type": "Point", "coordinates": [ 107.317, -6.68 ] } },
{ "type": "Feature", "properties": { "No": 109, "Nama": "Dani Wahyudin", "NIK": 3214050811840001, "Usia\n(Tahun)": "42", "Alamat": "Kp. Cianting Desa Cianting RT 001 RW 003 ", "Desa": 3214050002, "Kecamatan": 3214050, "Kabupaten": 3214, "Koordinat Desa": -6.646, "field_10": 107.427, "Koordinat Calon Lokasi": "-6.629955", "field_12": 107.402949, "field_13": "-6,627,295", "field_14": "107.403918", "Penyuluh Kehutanan \nPendamping": "Imbran Yosef Sagala", "Keterangan": null, "CDK": "CDK II\r" }, "geometry": { "type": "Point", "coordinates": [ 107.427, -6.646 ] } },
{ "type": "Feature", "properties": { "No": 110, "Nama": "Irwan Mohamad Ridwan", "NIK": 3214050303810003, "Usia\n(Tahun)": "43", "Alamat": "Kp. Cianting Desa Cianting RT 009 RW 003 ", "Desa": 3214050002, "Kecamatan": 3214050, "Kabupaten": 3214, "Koordinat Desa": -6.646, "field_10": 107.427, "Koordinat Calon Lokasi": "-6.629955", "field_12": 107.402949, "field_13": "-6,627,295", "field_14": "107.403918", "Penyuluh Kehutanan \nPendamping": "Imbran Yosef Sagala", "Keterangan": null, "CDK": "CDK II\r" }, "geometry": { "type": "Point", "coordinates": [ 107.427, -6.646 ] } },
{ "type": "Feature", "properties": { "No": 111, "Nama": "Mustopa", "NIK": 3214051207660008, "Usia\n(Tahun)": "80", "Alamat": "Kp. Cilalawi Desa Cianting Utara RT 009 RW 003 ", "Desa": 3214050002, "Kecamatan": 3214050, "Kabupaten": 3214, "Koordinat Desa": -6.646, "field_10": 107.427, "Koordinat Calon Lokasi": "-6.629955", "field_12": 107.402949, "field_13": "-6,627,295", "field_14": "107.403918", "Penyuluh Kehutanan \nPendamping": "Imbran Yosef Sagala", "Keterangan": null, "CDK": "CDK II\r" }, "geometry": { "type": "Point", "coordinates": [ 107.427, -6.646 ] } },
{ "type": "Feature", "properties": { "No": 112, "Nama": "Edy Sudrajat", "NIK": 3215011702770001, "Usia\n(Tahun)": "48", "Alamat": "Kp. Sinaruju RT/RW 002/001", "Desa": 3215011003, "Kecamatan": 3215011, "Kabupaten": 3215, "Koordinat Desa": -6.568, "field_10": 107.227, "Koordinat Calon Lokasi": "-6.567456", "field_12": 107.229398, "field_13": "-6,570618", "field_14": "107,236288", "Penyuluh Kehutanan \nPendamping": "Elfriardus Banggur", "Keterangan": null, "CDK": "CDK II\r" }, "geometry": { "type": "Point", "coordinates": [ 107.227, -6.568 ] } },
{ "type": "Feature", "properties": { "No": 113, "Nama": "Anwar Sadat", "NIK": 3215280503790003, "Usia\n(Tahun)": "46", "Alamat": "Kp. Sinaruju RT/RW 001/001", "Desa": 3215011003, "Kecamatan": 3215011, "Kabupaten": 3215, "Koordinat Desa": -6.568, "field_10": 107.227, "Koordinat Calon Lokasi": "-6.567457", "field_12": 107.229399, "field_13": "-6.541404", "field_14": "107.232895", "Penyuluh Kehutanan \nPendamping": "Elfriardus Banggur", "Keterangan": null, "CDK": "CDK II\r" }, "geometry": { "type": "Point", "coordinates": [ 107.227, -6.568 ] } },
{ "type": "Feature", "properties": { "No": 114, "Nama": "Deden", "NIK": 3215280507780001, "Usia\n(Tahun)": "47", "Alamat": "Kp. Sinaruju RT/RW 004/001", "Desa": 3215011003, "Kecamatan": 3215011, "Kabupaten": 3215, "Koordinat Desa": -6.568, "field_10": 107.227, "Koordinat Calon Lokasi": "-6.567458", "field_12": 107.2294, "field_13": "-6.574438", "field_14": "107.230074", "Penyuluh Kehutanan \nPendamping": "Elfriardus Banggur", "Keterangan": null, "CDK": "CDK II\r" }, "geometry": { "type": "Point", "coordinates": [ 107.227, -6.568 ] } },
{ "type": "Feature", "properties": { "No": 115, "Nama": "Usman Surahman", "NIK": 3202162805750007, "Usia\n(Tahun)": "51", "Alamat": "Kp. Kuta RT 02/01 ", "Desa": 3202230013, "Kecamatan": 3202230, "Kabupaten": 3202, "Koordinat Desa": -6.743, "field_10": 106.765, "Koordinat Calon Lokasi": "-6.74921", "field_12": 106.76869, "field_13": "-6.74921", "field_14": "106.76869", "Penyuluh Kehutanan \nPendamping": null, "Keterangan": null, "CDK": "CDK III\r" }, "geometry": { "type": "Point", "coordinates": [ 106.765, -6.743 ] } },
{ "type": "Feature", "properties": { "No": 116, "Nama": "Hendi Gumelar", "NIK": 3202170806820003, "Usia\n(Tahun)": "44", "Alamat": "Cidahu ", "Desa": 3202240007, "Kecamatan": 3202240, "Kabupaten": 3202, "Koordinat Desa": -6.801, "field_10": 106.717, "Koordinat Calon Lokasi": "-6.76103", "field_12": 106.723683, "field_13": "-6.76103", "field_14": "106.72368", "Penyuluh Kehutanan \nPendamping": null, "Keterangan": null, "CDK": "CDK III\r" }, "geometry": { "type": "Point", "coordinates": [ 106.717, -6.801 ] } },
{ "type": "Feature", "properties": { "No": 117, "Nama": "Uci Sanusi", "NIK": 3202160309820003, "Usia\n(Tahun)": "44", "Alamat": "Kp. Kuta tengah rt 05 rw 01 ", "Desa": 3202230013, "Kecamatan": 3202230, "Kabupaten": 3202, "Koordinat Desa": -6.743, "field_10": 106.765, "Koordinat Calon Lokasi": "-6.746162", "field_12": 106.766264, "field_13": "-6.746162", "field_14": "106.76626", "Penyuluh Kehutanan \nPendamping": null, "Keterangan": null, "CDK": "CDK III\r" }, "geometry": { "type": "Point", "coordinates": [ 106.765, -6.743 ] } },
{ "type": "Feature", "properties": { "No": 118, "Nama": "Rohmat", "NIK": 3202300703790003, "Usia\n(Tahun)": "47", "Alamat": "Kp. Sungapan RT 18/04 ", "Desa": 3202190005, "Kecamatan": 3202190, "Kabupaten": 3202, "Koordinat Desa": -6.867, "field_10": 106.91, "Koordinat Calon Lokasi": "-6.845971", "field_12": 106.924453, "field_13": "-6.845971", "field_14": "106.924453", "Penyuluh Kehutanan \nPendamping": null, "Keterangan": null, "CDK": "CDK III\r" }, "geometry": { "type": "Point", "coordinates": [ 106.91, -6.867 ] } },
{ "type": "Feature", "properties": { "No": 119, "Nama": "Edi Yusuf", "NIK": 3202301403740001, "Usia\n(Tahun)": "52", "Alamat": "Kp. Lebak Siuh ", "Desa": 3202190007, "Kecamatan": 3202190, "Kabupaten": 3202, "Koordinat Desa": -6.829, "field_10": 106.941, "Koordinat Calon Lokasi": "-6.869336", "field_12": 106.915771, "field_13": "-6.869336", "field_14": "106.915771", "Penyuluh Kehutanan \nPendamping": null, "Keterangan": null, "CDK": "CDK III\r" }, "geometry": { "type": "Point", "coordinates": [ 106.941, -6.829 ] } },
{ "type": "Feature", "properties": { "No": 120, "Nama": "Rostintawati", "NIK": 3202155609630004, "Usia\n(Tahun)": "62", "Alamat": "Kp. Wangun RT. 002 RW. 003 ", "Desa": 3202250003, "Kecamatan": 3202250, "Kabupaten": 3202, "Koordinat Desa": -6.82, "field_10": 106.731, "Koordinat Calon Lokasi": "-6.821559", "field_12": 106.733319, "field_13": "-6.810906", "field_14": "106.732997", "Penyuluh Kehutanan \nPendamping": null, "Keterangan": null, "CDK": "CDK III\r" }, "geometry": { "type": "Point", "coordinates": [ 106.731, -6.82 ] } },
{ "type": "Feature", "properties": { "No": 121, "Nama": "Suratman", "NIK": 3202150202780003, "Usia\n(Tahun)": "48", "Alamat": "Kp. Cimundu RT. 034 RW. 005 ", "Desa": 3202250002, "Kecamatan": 3202250, "Kabupaten": 3202, "Koordinat Desa": -6.815, "field_10": 106.697, "Koordinat Calon Lokasi": "-6.812785", "field_12": 106.70532, "field_13": "-6.8112725", "field_14": "106.704774", "Penyuluh Kehutanan \nPendamping": null, "Keterangan": null, "CDK": "CDK III\r" }, "geometry": { "type": "Point", "coordinates": [ 106.697, -6.815 ] } },
{ "type": "Feature", "properties": { "No": 122, "Nama": "H. Abdurrohman Sidiq", "NIK": 3202150505500002, "Usia\n(Tahun)": "75", "Alamat": "Kp. Cikoredas RT. 002 RW. 008 ", "Desa": 3202250001, "Kecamatan": 3202250, "Kabupaten": 3202, "Koordinat Desa": -6.834, "field_10": 106.695, "Koordinat Calon Lokasi": "6.805318", "field_12": 106.691048, "field_13": "-6.805318", "field_14": "106.691048", "Penyuluh Kehutanan \nPendamping": null, "Keterangan": null, "CDK": "CDK III\r" }, "geometry": { "type": "Point", "coordinates": [ 106.695, -6.834 ] } },
{ "type": "Feature", "properties": { "No": 123, "Nama": "Sunsun", "NIK": 3202222006860001, "Usia\n(Tahun)": "40", "Alamat": "Kp. Mekarsari RT.003 RW 005 ", "Desa": 3202010007, "Kecamatan": 3202010, "Kabupaten": 3202, "Koordinat Desa": -7.225, "field_10": 106.423, "Koordinat Calon Lokasi": "-7.18836", "field_12": 106.44713, "field_13": "-7.21127", "field_14": "106.42663", "Penyuluh Kehutanan \nPendamping": null, "Keterangan": null, "CDK": "CDK III\r" }, "geometry": { "type": "Point", "coordinates": [ 106.423, -7.225 ] } },
{ "type": "Feature", "properties": { "No": 124, "Nama": "Taopik", "NIK": 3202221705820002, "Usia\n(Tahun)": "43", "Alamat": "Kp. Cikadal ", "Desa": 3202010007, "Kecamatan": 3202010, "Kabupaten": 3202, "Koordinat Desa": -7.225, "field_10": 106.423, "Koordinat Calon Lokasi": "-7.18836", "field_12": 106.44713, "field_13": "-7.18935", "field_14": "106.44675", "Penyuluh Kehutanan \nPendamping": null, "Keterangan": null, "CDK": "CDK III\r" }, "geometry": { "type": "Point", "coordinates": [ 106.423, -7.225 ] } },
{ "type": "Feature", "properties": { "No": 125, "Nama": "Nanang Taryana", "NIK": 3202221602800005, "Usia\n(Tahun)": "45", "Alamat": "Kp. Babakanjati ", "Desa": 3202010008, "Kecamatan": 3202010, "Kabupaten": 3202, "Koordinat Desa": -7.229, "field_10": 106.483, "Koordinat Calon Lokasi": "-7.18836", "field_12": 106.44713, "field_13": "-7.23594", "field_14": "106.46517", "Penyuluh Kehutanan \nPendamping": null, "Keterangan": null, "CDK": "CDK III\r" }, "geometry": { "type": "Point", "coordinates": [ 106.483, -7.229 ] } },
{ "type": "Feature", "properties": { "No": 126, "Nama": "Suganda", "NIK": 3202220708760004, "Usia\n(Tahun)": "49", "Alamat": "Kp. Ciindra ", "Desa": 3202010006, "Kecamatan": 3202010, "Kabupaten": 3202, "Koordinat Desa": -7.137, "field_10": 106.489, "Koordinat Calon Lokasi": "-7.1549", "field_12": 106.5905, "field_13": "-7.13435", "field_14": "106.50672", "Penyuluh Kehutanan \nPendamping": null, "Keterangan": null, "CDK": "CDK III\r" }, "geometry": { "type": "Point", "coordinates": [ 106.489, -7.137 ] } },
{ "type": "Feature", "properties": { "No": 127, "Nama": "Supin", "NIK": 3202221011630010, "Usia\n(Tahun)": "62", "Alamat": "Kp. Pasir Bitung ", "Desa": 3202010004, "Kecamatan": 3202010, "Kabupaten": 3202, "Koordinat Desa": -7.192, "field_10": 106.551, "Koordinat Calon Lokasi": "-7.1549", "field_12": 106.5905, "field_13": "-7.17332", "field_14": "106.56144", "Penyuluh Kehutanan \nPendamping": null, "Keterangan": null, "CDK": "CDK III\r" }, "geometry": { "type": "Point", "coordinates": [ 106.551, -7.192 ] } },
{ "type": "Feature", "properties": { "No": 128, "Nama": "Somantri", "NIK": 3202220508580002, "Usia\n(Tahun)": "67", "Alamat": "Kp. Cibuluh ", "Desa": 3202010005, "Kecamatan": 3202010, "Kabupaten": 3202, "Koordinat Desa": -7.16, "field_10": 106.521, "Koordinat Calon Lokasi": "-7.1549", "field_12": 106.5905, "field_13": "-7,156,483", "field_14": "106,591,435", "Penyuluh Kehutanan \nPendamping": null, "Keterangan": null, "CDK": "CDK III\r" }, "geometry": { "type": "Point", "coordinates": [ 106.521, -7.16 ] } },
{ "type": "Feature", "properties": { "No": 129, "Nama": "Asep Yogi Luntara", "NIK": 3202251004920002, "Usia\n(Tahun)": "34", "Alamat": "Kp. Ciroyom ", "Desa": 3202031002, "Kecamatan": 3202031, "Kabupaten": 3202, "Koordinat Desa": -7.381, "field_10": 106.637, "Koordinat Calon Lokasi": "-7.419597", "field_12": 106.657, "field_13": "-7.419597", "field_14": "106.65701", "Penyuluh Kehutanan \nPendamping": null, "Keterangan": null, "CDK": "CDK III\r" }, "geometry": { "type": "Point", "coordinates": [ 106.637, -7.381 ] } },
{ "type": "Feature", "properties": { "No": 130, "Nama": "M. Supendi", "NIK": 3202260204670002, "Usia\n(Tahun)": "59", "Alamat": "Kp. Cihaur RT.51/12 ", "Desa": 3202020003, "Kecamatan": 3202020, "Kabupaten": 3202, "Koordinat Desa": -7.352, "field_10": 106.501, "Koordinat Calon Lokasi": "-7.35626", "field_12": 106.47934, "field_13": "-7.35626", "field_14": "106.47934", "Penyuluh Kehutanan \nPendamping": null, "Keterangan": null, "CDK": "CDK III\r" }, "geometry": { "type": "Point", "coordinates": [ 106.501, -7.352 ] } },
{ "type": "Feature", "properties": { "No": 131, "Nama": "Ruly Pramuly", "NIK": 3202241907740004, "Usia\n(Tahun)": "51", "Alamat": "Kp. Sukatani RT.2/3 ", "Desa": 3202030017, "Kecamatan": 3202030, "Kabupaten": 3202, "Koordinat Desa": -7.393, "field_10": 106.575, "Koordinat Calon Lokasi": "-7.38855", "field_12": 106.456707, "field_13": "-7.38855", "field_14": "106.456707", "Penyuluh Kehutanan \nPendamping": null, "Keterangan": null, "CDK": "CDK III\r" }, "geometry": { "type": "Point", "coordinates": [ 106.575, -7.393 ] } },
{ "type": "Feature", "properties": { "No": 132, "Nama": "Jimmi Ilham A", "NIK": 3216060902780027, "Usia\n(Tahun)": "48", "Alamat": "Kp. Sindanglaya RT 001 RW 005 ", "Desa": 3202030013, "Kecamatan": 3202030, "Kabupaten": 3202, "Koordinat Desa": -7.333, "field_10": 106.56, "Koordinat Calon Lokasi": "-7.340767", "field_12": 106.55856, "field_13": "-7.340767", "field_14": "106.55856", "Penyuluh Kehutanan \nPendamping": null, "Keterangan": null, "CDK": "CDK III\r" }, "geometry": { "type": "Point", "coordinates": [ 106.56, -7.333 ] } },
{ "type": "Feature", "properties": { "No": 133, "Nama": "Agus Yoga Priatna", "NIK": 3202241908810002, "Usia\n(Tahun)": "45", "Alamat": "kp. Cibarehong RT 02 RW 04 ", "Desa": 3202030012, "Kecamatan": 3202030, "Kabupaten": 3202, "Koordinat Desa": -7.347, "field_10": 106.574, "Koordinat Calon Lokasi": "-7.33832", "field_12": 106.569825, "field_13": "-7.33832", "field_14": "106.569825", "Penyuluh Kehutanan \nPendamping": null, "Keterangan": null, "CDK": "CDK III\r" }, "geometry": { "type": "Point", "coordinates": [ 106.574, -7.347 ] } },
{ "type": "Feature", "properties": { "No": 134, "Nama": "Cucu", "NIK": 3202250201750002, "Usia\n(Tahun)": "50", "Alamat": "Kp. Neglasari RT 016/006 ", "Desa": 3202031003, "Kecamatan": 3202031, "Kabupaten": 3202, "Koordinat Desa": -7.329, "field_10": 106.659, "Koordinat Calon Lokasi": "-7.326288", "field_12": 106.658039, "field_13": "-7.326288", "field_14": "106.658039", "Penyuluh Kehutanan \nPendamping": null, "Keterangan": null, "CDK": "CDK III\r" }, "geometry": { "type": "Point", "coordinates": [ 106.659, -7.329 ] } },
{ "type": "Feature", "properties": { "No": 135, "Nama": "Asep Supriadi", "NIK": 3202193012800002, "Usia\n(Tahun)": "46", "Alamat": "Kp. Cipeuteuy Rt 07/ Rw 04 ", "Desa": 3202300004, "Kecamatan": 3202300, "Kabupaten": 3202, "Koordinat Desa": -6.759, "field_10": 106.58, "Koordinat Calon Lokasi": "-6.775367", "field_12": 106.612948, "field_13": "-6.775367", "field_14": "106.612948", "Penyuluh Kehutanan \nPendamping": null, "Keterangan": null, "CDK": "CDK III\r" }, "geometry": { "type": "Point", "coordinates": [ 106.58, -6.759 ] } },
{ "type": "Feature", "properties": { "No": 136, "Nama": "Rahmat", "NIK": 3202272311680001, "Usia\n(Tahun)": "58", "Alamat": "Kp. Kutamaneuh Rt 013/006 ", "Desa": 3202201004, "Kecamatan": 3202201, "Kabupaten": 3202, "Koordinat Desa": -6.942, "field_10": 106.894, "Koordinat Calon Lokasi": "6.93637", "field_12": 106.90312, "field_13": "-6.93624", "field_14": "106.90329", "Penyuluh Kehutanan \nPendamping": null, "Keterangan": null, "CDK": "CDK III\r" }, "geometry": { "type": "Point", "coordinates": [ 106.894, -6.942 ] } },
{ "type": "Feature", "properties": { "No": 137, "Nama": "Deden", "NIK": 3202121701740002, "Usia\n(Tahun)": "52", "Alamat": "Kp. Lamping RT. 018/004 ", "Desa": 3202220010, "Kecamatan": 3202220, "Kabupaten": 3202, "Koordinat Desa": -6.822, "field_10": 106.835, "Koordinat Calon Lokasi": "6.869854", "field_12": 106.801928, "field_13": "-6.869854", "field_14": "106.80193", "Penyuluh Kehutanan \nPendamping": null, "Keterangan": null, "CDK": "CDK III\r" }, "geometry": { "type": "Point", "coordinates": [ 106.835, -6.822 ] } },
{ "type": "Feature", "properties": { "No": 138, "Nama": "Hidayat", "NIK": 3202210102860001, "Usia\n(Tahun)": "40", "Alamat": "kp.nyalindung RT 018 RW 004 ", "Desa": 3202040015, "Kecamatan": 3202040, "Kabupaten": 3202, "Koordinat Desa": -7.202, "field_10": 106.668, "Koordinat Calon Lokasi": "-7.102", "field_12": 106.6404, "field_13": "-7.102", "field_14": "106.6404", "Penyuluh Kehutanan \nPendamping": null, "Keterangan": null, "CDK": "CDK III\r" }, "geometry": { "type": "Point", "coordinates": [ 106.668, -7.202 ] } },
{ "type": "Feature", "properties": { "No": 139, "Nama": "Dede", "NIK": 3202410004820001, "Usia\n(Tahun)": "45", "Alamat": "Kp. Cijambe RT. 05/04 ", "Desa": 3202080017, "Kecamatan": 3202080, "Kabupaten": 3202, "Koordinat Desa": -7.179, "field_10": 106.879, "Koordinat Calon Lokasi": "-7.174556", "field_12": 106.8504, "field_13": "-7.174556", "field_14": "106.8504", "Penyuluh Kehutanan \nPendamping": null, "Keterangan": null, "CDK": "CDK III\r" }, "geometry": { "type": "Point", "coordinates": [ 106.879, -7.179 ] } },
{ "type": "Feature", "properties": { "No": 140, "Nama": "Isak iskandar", "NIK": 1402041211770001, "Usia\n(Tahun)": "49", "Alamat": "Kp. Pintu air RT 001/017 ", "Desa": 3202110007, "Kecamatan": 3202110, "Kabupaten": 3202, "Koordinat Desa": -6.976, "field_10": 106.553, "Koordinat Calon Lokasi": "-6.990606", "field_12": 106.56062, "field_13": "-6.97899", "field_14": "106.57097", "Penyuluh Kehutanan \nPendamping": null, "Keterangan": null, "CDK": "CDK III\r" }, "geometry": { "type": "Point", "coordinates": [ 106.553, -6.976 ] } },
{ "type": "Feature", "properties": { "No": 141, "Nama": "Agus Sugeng Pribadi", "NIK": 3202051607690001, "Usia\n(Tahun)": "57", "Alamat": "Kp.jambu bodas RT 001/001 ", "Desa": 3202290015, "Kecamatan": 3202290, "Kabupaten": 3202, "Koordinat Desa": -6.886, "field_10": 106.434, "Koordinat Calon Lokasi": "-6.874925", "field_12": 106.45204, "field_13": "-6.888555", "field_14": "106.44718", "Penyuluh Kehutanan \nPendamping": null, "Keterangan": null, "CDK": "CDK III\r" }, "geometry": { "type": "Point", "coordinates": [ 106.434, -6.886 ] } },
{ "type": "Feature", "properties": { "No": 142, "Nama": "Pepen Setiawan", "NIK": 3202331412770002, "Usia\n(Tahun)": "49", "Alamat": "Kp. Cikaret RT.4/1 ", "Desa": 3202170014, "Kecamatan": 3202170, "Kabupaten": 3202, "Koordinat Desa": -6.881, "field_10": 106.962, "Koordinat Calon Lokasi": "-6.875867", "field_12": 106.96496, "field_13": "-6.871142", "field_14": "106.96729", "Penyuluh Kehutanan \nPendamping": null, "Keterangan": null, "CDK": "CDK III\r" }, "geometry": { "type": "Point", "coordinates": [ 106.962, -6.881 ] } },
{ "type": "Feature", "properties": { "No": 143, "Nama": "Ece Supriadi", "NIK": 3202360101750032, "Usia\n(Tahun)": "51", "Alamat": "Kp. Leuwilayung RT. 8/2 ", "Desa": 3202173006, "Kecamatan": 3202173, "Kabupaten": 3202, "Koordinat Desa": -6.872, "field_10": 106.896, "Koordinat Calon Lokasi": "-6.873974", "field_12": 107.00003, "field_13": "-6.87389", "field_14": "107.00095", "Penyuluh Kehutanan \nPendamping": null, "Keterangan": null, "CDK": "CDK III\r" }, "geometry": { "type": "Point", "coordinates": [ 106.896, -6.872 ] } },
{ "type": "Feature", "properties": { "No": 144, "Nama": "Atep Sopian", "NIK": 3202360809820003, "Usia\n(Tahun)": "44", "Alamat": "Kp. Leuwilayung RT. 9/2 ", "Desa": 3202173006, "Kecamatan": 3202173, "Kabupaten": 3202, "Koordinat Desa": -6.872, "field_10": 106.896, "Koordinat Calon Lokasi": "-6.873974", "field_12": 107.000033, "field_13": "-6.863663", "field_14": "107.002262", "Penyuluh Kehutanan \nPendamping": null, "Keterangan": null, "CDK": "CDK III\r" }, "geometry": { "type": "Point", "coordinates": [ 106.896, -6.872 ] } },
{ "type": "Feature", "properties": { "No": 145, "Nama": "Edi", "NIK": 3202230605720002, "Usia\n(Tahun)": "54", "Alamat": "Kp. Citamiang satu ", "Desa": 3202050004, "Kecamatan": 3202050, "Kabupaten": 3202, "Koordinat Desa": -7.264, "field_10": 106.735, "Koordinat Calon Lokasi": "-7.242148", "field_12": 106.724324, "field_13": "-7259722", "field_14": "106.729722", "Penyuluh Kehutanan \nPendamping": null, "Keterangan": null, "CDK": "CDK III\r" }, "geometry": { "type": "Point", "coordinates": [ 106.735, -7.264 ] } },
{ "type": "Feature", "properties": { "No": 146, "Nama": "Sandi Firmansyah", "NIK": 3202230901770001, "Usia\n(Tahun)": "49", "Alamat": "Kp.Payaguan RT 001/001 ", "Desa": 3202050003, "Kecamatan": 3202050, "Kabupaten": 3202, "Koordinat Desa": -7.237, "field_10": 106.717, "Koordinat Calon Lokasi": "-7.262644", "field_12": 106.720634, "field_13": "-7,226,945", "field_14": "106,708,548", "Penyuluh Kehutanan \nPendamping": null, "Keterangan": null, "CDK": "CDK III\r" }, "geometry": { "type": "Point", "coordinates": [ 106.717, -7.237 ] } },
{ "type": "Feature", "properties": { "No": 147, "Nama": "Hadiman", "NIK": 3202451604840001, "Usia\n(Tahun)": "41", "Alamat": "Kp.Panginuman rt003/001,", "Desa": 3202060003, "Kecamatan": 3202060, "Kabupaten": 3202, "Koordinat Desa": -7.407, "field_10": 106.753, "Koordinat Calon Lokasi": "-7.4290569", "field_12": 106.7393371, "field_13": "-7.4295671", "field_14": "106.7335796", "Penyuluh Kehutanan \nPendamping": null, "Keterangan": null, "CDK": "CDK III\r" }, "geometry": { "type": "Point", "coordinates": [ 106.753, -7.407 ] } },
{ "type": "Feature", "properties": { "No": 148, "Nama": "M. Samsudin", "NIK": 3202462010530001, "Usia\n(Tahun)": "72", "Alamat": "Kp. Palayangan RT 01/ RW 01 ", "Desa": 3202041006, "Kecamatan": 3202041, "Kabupaten": 3202, "Koordinat Desa": -7.248, "field_10": 106.701, "Koordinat Calon Lokasi": "-7.2371", "field_12": 106.691702, "field_13": "-7,265,578", "field_14": "106,704,406", "Penyuluh Kehutanan \nPendamping": null, "Keterangan": null, "CDK": "CDK III\r" }, "geometry": { "type": "Point", "coordinates": [ 106.701, -7.248 ] } },
{ "type": "Feature", "properties": { "No": 149, "Nama": "Iyus Sutarya", "NIK": 3202461702880002, "Usia\n(Tahun)": "41", "Alamat": "Kp. Tegal Panjang RT. 001/001 ", "Desa": 3202041004, "Kecamatan": 3202041, "Kabupaten": 3202, "Koordinat Desa": -7.211, "field_10": 106.676, "Koordinat Calon Lokasi": "-7.2305", "field_12": 106.67401, "field_13": "-7.230807", "field_14": "106.673177", "Penyuluh Kehutanan \nPendamping": null, "Keterangan": null, "CDK": "CDK III\r" }, "geometry": { "type": "Point", "coordinates": [ 106.676, -7.211 ] } },
{ "type": "Feature", "properties": { "No": 150, "Nama": "Saep", "NIK": 3202460706750001, "Usia\n(Tahun)": "50", "Alamat": "Kp. Pasir Laja RT. 006/002 ", "Desa": 3202041004, "Kecamatan": 3202041, "Kabupaten": 3202, "Koordinat Desa": -7.211, "field_10": 106.676, "Koordinat Calon Lokasi": "-7.22897", "field_12": 106.67548, "field_13": "-7.22584", "field_14": "106.67703", "Penyuluh Kehutanan \nPendamping": null, "Keterangan": null, "CDK": "CDK III\r" }, "geometry": { "type": "Point", "coordinates": [ 106.676, -7.211 ] } },
{ "type": "Feature", "properties": { "No": 151, "Nama": "Pibsa", "NIK": 3202281010830001, "Usia\n(Tahun)": "42", "Alamat": "Kp.Cibiru Rt 004/003 ", "Desa": 3202211002, "Kecamatan": 3202211, "Kabupaten": 3202, "Koordinat Desa": -6.925, "field_10": 106.846, "Koordinat Calon Lokasi": "-6.9235", "field_12": 106.8489, "field_13": "-6.919716", "field_14": "106.85094", "Penyuluh Kehutanan \nPendamping": null, "Keterangan": null, "CDK": "CDK III\r" }, "geometry": { "type": "Point", "coordinates": [ 106.846, -6.925 ] } },
{ "type": "Feature", "properties": { "No": 152, "Nama": "Heri Hendrawan", "NIK": 3202280605720003, "Usia\n(Tahun)": "54", "Alamat": "Kp Cibiru Rt 004/003 ", "Desa": 3202211002, "Kecamatan": 3202211, "Kabupaten": 3202, "Koordinat Desa": -6.925, "field_10": 106.846, "Koordinat Calon Lokasi": "-6.9235", "field_12": 106.8489, "field_13": "-6.920164", "field_14": "106.84698", "Penyuluh Kehutanan \nPendamping": null, "Keterangan": null, "CDK": "CDK III\r" }, "geometry": { "type": "Point", "coordinates": [ 106.846, -6.925 ] } },
{ "type": "Feature", "properties": { "No": 153, "Nama": "Ujang Supriatna", "NIK": 3202323012620003, "Usia\n(Tahun)": "64", "Alamat": "Kp. Lembur Pasir Rt 002 Rw 010 ", "Desa": 3202180006, "Kecamatan": 3202180, "Kabupaten": 3202, "Koordinat Desa": -6.837, "field_10": 106.962, "Koordinat Calon Lokasi": "-6.884799", "field_12": 106.937613, "field_13": "-6.884304", "field_14": "106.93772", "Penyuluh Kehutanan \nPendamping": null, "Keterangan": null, "CDK": "CDK III\r" }, "geometry": { "type": "Point", "coordinates": [ 106.962, -6.837 ] } },
{ "type": "Feature", "properties": { "No": 154, "Nama": "Jama", "NIK": 3202442306740001, "Usia\n(Tahun)": "45", "Alamat": "Kp. Rawa Buruy RT 002 RW 001 ", "Desa": 3202081001, "Kecamatan": 3202081, "Kabupaten": 3202, "Koordinat Desa": -7.325, "field_10": 106.901, "Koordinat Calon Lokasi": "-7.3300541", "field_12": 106.9242398, "field_13": "-7.3300541", "field_14": "106.9242398", "Penyuluh Kehutanan \nPendamping": null, "Keterangan": null, "CDK": "CDK III\r" }, "geometry": { "type": "Point", "coordinates": [ 106.901, -7.325 ] } },
{ "type": "Feature", "properties": { "No": 155, "Nama": "Acu", "NIK": 3202440407650004, "Usia\n(Tahun)": "63", "Alamat": "Kp. Cilumping    RT 019 RW 005  ", "Desa": 3202081004, "Kecamatan": 3202081, "Kabupaten": 3202, "Koordinat Desa": -7.249, "field_10": 106.952, "Koordinat Calon Lokasi": "-7.2475056", "field_12": 106.9517606, "field_13": "-7.2475056", "field_14": "106.9517606", "Penyuluh Kehutanan \nPendamping": null, "Keterangan": null, "CDK": "CDK III\r" }, "geometry": { "type": "Point", "coordinates": [ 106.952, -7.249 ] } },
{ "type": "Feature", "properties": { "No": 156, "Nama": "Eman", "NIK": 3202441210620001, "Usia\n(Tahun)": "60", "Alamat": "Kp. Bantarsari Rt 023 Rw0 04 ", "Desa": 3202081003, "Kecamatan": 3202081, "Kabupaten": 3202, "Koordinat Desa": -7.268, "field_10": 106.945, "Koordinat Calon Lokasi": "-7.256132", "field_12": 106.938833, "field_13": "-7.256132", "field_14": "106.938833", "Penyuluh Kehutanan \nPendamping": null, "Keterangan": null, "CDK": "CDK III\r" }, "geometry": { "type": "Point", "coordinates": [ 106.945, -7.268 ] } },
{ "type": "Feature", "properties": { "No": 157, "Nama": "Bibih Suryana", "NIK": 3202071504520002, "Usia\n(Tahun)": "73", "Alamat": "Kp. Cieurih RT 027/ RW 008 ", "Desa": 3202100001, "Kecamatan": 3202100, "Kabupaten": 3202, "Koordinat Desa": -7.083, "field_10": 106.637, "Koordinat Calon Lokasi": "-7.0732", "field_12": 106.6346, "field_13": "-7.0771", "field_14": "106.6301", "Penyuluh Kehutanan \nPendamping": null, "Keterangan": null, "CDK": "CDK III\r" }, "geometry": { "type": "Point", "coordinates": [ 106.637, -7.083 ] } },
{ "type": "Feature", "properties": { "No": 158, "Nama": "Sutisna", "NIK": 3202071003820003, "Usia\n(Tahun)": "43", "Alamat": "Kp. Cieurih RT 027/RW 008 ", "Desa": 3202100001, "Kecamatan": 3202100, "Kabupaten": 3202, "Koordinat Desa": -7.083, "field_10": 106.637, "Koordinat Calon Lokasi": "-7.0731", "field_12": 106.6344, "field_13": "-7.0758", "field_14": "106.6291", "Penyuluh Kehutanan \nPendamping": null, "Keterangan": null, "CDK": "CDK III\r" }, "geometry": { "type": "Point", "coordinates": [ 106.637, -7.083 ] } },
{ "type": "Feature", "properties": { "No": 159, "Nama": "Engkos", "NIK": 3202070206580001, "Usia\n(Tahun)": "67", "Alamat": "Kp. Cieurih RT 027/RW 008 ", "Desa": 3202100001, "Kecamatan": 3202100, "Kabupaten": 3202, "Koordinat Desa": -7.083, "field_10": 106.637, "Koordinat Calon Lokasi": "-7.0731", "field_12": 106.6345, "field_13": "-7.0766", "field_14": "106.631", "Penyuluh Kehutanan \nPendamping": null, "Keterangan": null, "CDK": "CDK III\r" }, "geometry": { "type": "Point", "coordinates": [ 106.637, -7.083 ] } },
{ "type": "Feature", "properties": { "No": 160, "Nama": "Achmad Juwaeni", "NIK": 3202472403770002, "Usia\n(Tahun)": "49", "Alamat": "Kp. Genteng ", "Desa": 3202221006, "Kecamatan": 3202221, "Kabupaten": 3202, "Koordinat Desa": -6.796, "field_10": 106.861, "Koordinat Calon Lokasi": null, "field_12": null, "field_13": "-6.80478", "field_14": "106.8178", "Penyuluh Kehutanan \nPendamping": null, "Keterangan": null, "CDK": "CDK III\r" }, "geometry": { "type": "Point", "coordinates": [ 106.861, -6.796 ] } },
{ "type": "Feature", "properties": { "No": 161, "Nama": "Jueni", "NIK": 3202160606730004, "Usia\n(Tahun)": "53", "Alamat": "Kp. Gintung ", "Desa": 3202230010, "Kecamatan": 3202230, "Kabupaten": 3202, "Koordinat Desa": -6.78, "field_10": 106.822, "Koordinat Calon Lokasi": null, "field_12": null, "field_13": "-6.78038", "field_14": "106.8144", "Penyuluh Kehutanan \nPendamping": null, "Keterangan": null, "CDK": "CDK III\r" }, "geometry": { "type": "Point", "coordinates": [ 106.822, -6.78 ] } },
{ "type": "Feature", "properties": { "No": 162, "Nama": "Ridwan", "NIK": 3201272008800001, "Usia\n(Tahun)": "46", "Alamat": "Kp. Pasirkalapa RT 01/07 ", "Desa": 3202230013, "Kecamatan": 3202230, "Kabupaten": 3202, "Koordinat Desa": -6.743, "field_10": 106.765, "Koordinat Calon Lokasi": null, "field_12": null, "field_13": "-6.76045", "field_14": "106.782", "Penyuluh Kehutanan \nPendamping": null, "Keterangan": null, "CDK": "CDK III\r" }, "geometry": { "type": "Point", "coordinates": [ 106.765, -6.743 ] } },
{ "type": "Feature", "properties": { "No": 163, "Nama": "Abun", "NIK": 3202310105680004, "Usia\n(Tahun)": "58", "Alamat": "Kp. Baru geulis ", "Desa": 3202212009, "Kecamatan": 3202212, "Kabupaten": 3202, "Koordinat Desa": -6.827, "field_10": 106.899, "Koordinat Calon Lokasi": null, "field_12": null, "field_13": "6.8343", "field_14": "106.9067", "Penyuluh Kehutanan \nPendamping": null, "Keterangan": null, "CDK": "CDK III\r" }, "geometry": { "type": "Point", "coordinates": [ 106.899, -6.827 ] } },
{ "type": "Feature", "properties": { "No": 164, "Nama": "Wawar Suarman", "NIK": 3202081303680005, "Usia\n(Tahun)": "58", "Alamat": "Kp. Ciembe lapang Rt 05/01 ", "Desa": 3202130018, "Kecamatan": 3202130, "Kabupaten": 3202, "Koordinat Desa": -7.017, "field_10": 106.783, "Koordinat Calon Lokasi": null, "field_12": null, "field_13": "7.0156", "field_14": "106.8008", "Penyuluh Kehutanan \nPendamping": null, "Keterangan": null, "CDK": "CDK III\r" }, "geometry": { "type": "Point", "coordinates": [ 106.783, -7.017 ] } },
{ "type": "Feature", "properties": { "No": 165, "Nama": "Abdurrohman", "NIK": 3202081505720005, "Usia\n(Tahun)": "54", "Alamat": "Kp. Cilawang ", "Desa": 3202130014, "Kecamatan": 3202130, "Kabupaten": 3202, "Koordinat Desa": -7.08, "field_10": 106.795, "Koordinat Calon Lokasi": null, "field_12": null, "field_13": "-7.05867", "field_14": "106.7963", "Penyuluh Kehutanan \nPendamping": null, "Keterangan": null, "CDK": "CDK III\r" }, "geometry": { "type": "Point", "coordinates": [ 106.795, -7.08 ] } },
{ "type": "Feature", "properties": { "No": 166, "Nama": "Saepuloh ", "NIK": 3202080111650005, "Usia\n(Tahun)": "61", "Alamat": "Kp. Leuwi dinding ", "Desa": 3202130017, "Kecamatan": 3202130, "Kabupaten": 3202, "Koordinat Desa": -7.02, "field_10": 106.852, "Koordinat Calon Lokasi": null, "field_12": null, "field_13": "-6.99633", "field_14": "106.8556", "Penyuluh Kehutanan \nPendamping": null, "Keterangan": null, "CDK": "CDK III\r" }, "geometry": { "type": "Point", "coordinates": [ 106.852, -7.02 ] } },
{ "type": "Feature", "properties": { "No": 167, "Nama": "Ade Dori Akbar", "NIK": 3202392408790001, "Usia\n(Tahun)": "46", "Alamat": "Kp. Nyalindung RT.2/2 ", "Desa": 3202150002, "Kecamatan": 3202150, "Kabupaten": 3202, "Koordinat Desa": -7.031, "field_10": 106.926, "Koordinat Calon Lokasi": null, "field_12": null, "field_13": "-7.04087", "field_14": "106.94317", "Penyuluh Kehutanan \nPendamping": null, "Keterangan": null, "CDK": "CDK III\r" }, "geometry": { "type": "Point", "coordinates": [ 106.926, -7.031 ] } },
{ "type": "Feature", "properties": { "No": 168, "Nama": "Usman Sasmita", "NIK": 3202392605810001, "Usia\n(Tahun)": "44", "Alamat": "Kp. Babakan Bandung RT 01/06 ", "Desa": 3202150008, "Kecamatan": 3202150, "Kabupaten": 3202, "Koordinat Desa": -6.984, "field_10": 106.894, "Koordinat Calon Lokasi": null, "field_12": null, "field_13": "-6.980935", "field_14": "106.89032", "Penyuluh Kehutanan \nPendamping": null, "Keterangan": null, "CDK": "CDK III\r" }, "geometry": { "type": "Point", "coordinates": [ 106.894, -6.984 ] } },
{ "type": "Feature", "properties": { "No": 169, "Nama": "Dede Januari", "NIK": 3202392012750002, "Usia\n(Tahun)": "50", "Alamat": "Kp. Kebon Kai ", "Desa": 3202150002, "Kecamatan": 3202150, "Kabupaten": 3202, "Koordinat Desa": -7.031, "field_10": 106.926, "Koordinat Calon Lokasi": null, "field_12": null, "field_13": "-7.043288", "field_14": "106.93901", "Penyuluh Kehutanan \nPendamping": null, "Keterangan": null, "CDK": "CDK III\r" }, "geometry": { "type": "Point", "coordinates": [ 106.926, -7.031 ] } },
{ "type": "Feature", "properties": { "No": 170, "Nama": "D. Hidayat", "NIK": 3202400705540001, "Usia\n(Tahun)": "71", "Alamat": "Kp. Sumur RT 15 / 05 ", "Desa": 3202160006, "Kecamatan": 3202160, "Kabupaten": 3202, "Koordinat Desa": -6.96, "field_10": 106.988, "Koordinat Calon Lokasi": null, "field_12": null, "field_13": "-6.96338", "field_14": "106.98969", "Penyuluh Kehutanan \nPendamping": null, "Keterangan": null, "CDK": "CDK III\r" }, "geometry": { "type": "Point", "coordinates": [ 106.988, -6.96 ] } },
{ "type": "Feature", "properties": { "No": 171, "Nama": "Wahyudin", "NIK": 3202401707750002, "Usia\n(Tahun)": "50", "Alamat": "Kp. Cikadu RT 27 / 07 ", "Desa": 3202160007, "Kecamatan": 3202160, "Kabupaten": 3202, "Koordinat Desa": -6.966, "field_10": 107.026, "Koordinat Calon Lokasi": null, "field_12": null, "field_13": "-6.95517", "field_14": "107.01842", "Penyuluh Kehutanan \nPendamping": null, "Keterangan": null, "CDK": "CDK III\r" }, "geometry": { "type": "Point", "coordinates": [ 107.026, -6.966 ] } },
{ "type": "Feature", "properties": { "No": 172, "Nama": "Engkus Kusnadi ", "NIK": 3202400203550001, "Usia\n(Tahun)": "61", "Alamat": "Kp. Citonjong RT 05 / 03 ", "Desa": 3202160001, "Kecamatan": 3202160, "Kabupaten": 3202, "Koordinat Desa": -7.013, "field_10": 106.999, "Koordinat Calon Lokasi": null, "field_12": null, "field_13": "-7.01121", "field_14": "106.01257", "Penyuluh Kehutanan \nPendamping": null, "Keterangan": null, "CDK": "CDK III\r" }, "geometry": { "type": "Point", "coordinates": [ 106.999, -7.013 ] } },
{ "type": "Feature", "properties": { "No": 173, "Nama": "Apendi", "NIK": 3202371708660001, "Usia\n(Tahun)": "59", "Alamat": "Kp. Babakan Amlong RT. 003 RW. 004 ", "Desa": 3202090003, "Kecamatan": 3202090, "Kabupaten": 3202, "Koordinat Desa": -7.214, "field_10": 106.831, "Koordinat Calon Lokasi": null, "field_12": null, "field_13": "-7.20688", "field_14": "106.82634", "Penyuluh Kehutanan \nPendamping": null, "Keterangan": null, "CDK": "CDK III\r" }, "geometry": { "type": "Point", "coordinates": [ 106.831, -7.214 ] } },
{ "type": "Feature", "properties": { "No": 174, "Nama": "Wahyu", "NIK": 3202371804660001, "Usia\n(Tahun)": "59", "Alamat": "Kp. Sirnasari RT. 005 RW. 003 ", "Desa": 3202090005, "Kecamatan": 3202090, "Kabupaten": 3202, "Koordinat Desa": -7.161, "field_10": 106.794, "Koordinat Calon Lokasi": null, "field_12": null, "field_13": "-7.163122", "field_14": "106.7818", "Penyuluh Kehutanan \nPendamping": null, "Keterangan": null, "CDK": "CDK III\r" }, "geometry": { "type": "Point", "coordinates": [ 106.794, -7.161 ] } },
{ "type": "Feature", "properties": { "No": 175, "Nama": "Solihin", "NIK": 3202372501750001, "Usia\n(Tahun)": "50", "Alamat": "Kp. Pinangjajar RT. 004 RW. 001 ", "Desa": 3202090004, "Kecamatan": 3202090, "Kabupaten": 3202, "Koordinat Desa": -7.182, "field_10": 106.82, "Koordinat Calon Lokasi": null, "field_12": null, "field_13": "-7.180052", "field_14": "106.83689", "Penyuluh Kehutanan \nPendamping": null, "Keterangan": null, "CDK": "CDK III\r" }, "geometry": { "type": "Point", "coordinates": [ 106.82, -7.182 ] } },
{ "type": "Feature", "properties": { "No": 176, "Nama": "M. Sudrajat", "NIK": 3202091005730004, "Usia\n(Tahun)": "52", "Alamat": "Kp. Lebakmuncang rt. 03/01 ", "Desa": 3202120003, "Kecamatan": 3202120, "Kabupaten": 3202, "Koordinat Desa": -7.036, "field_10": 106.717, "Koordinat Calon Lokasi": null, "field_12": null, "field_13": "-7.03755", "field_14": "106.6918", "Penyuluh Kehutanan \nPendamping": null, "Keterangan": null, "CDK": "CDK III\r" }, "geometry": { "type": "Point", "coordinates": [ 106.717, -7.036 ] } },
{ "type": "Feature", "properties": { "No": 177, "Nama": "Wahyu Hidayat", "NIK": 3202092512800003, "Usia\n(Tahun)": "45", "Alamat": "Kp. Panarosan RT 003/RW 002 ", "Desa": 3202120014, "Kecamatan": 3202120, "Kabupaten": 3202, "Koordinat Desa": -7.023, "field_10": 106.681, "Koordinat Calon Lokasi": null, "field_12": null, "field_13": "-7.0238", "field_14": "1,066,811", "Penyuluh Kehutanan \nPendamping": null, "Keterangan": null, "CDK": "CDK III\r" }, "geometry": { "type": "Point", "coordinates": [ 106.681, -7.023 ] } },
{ "type": "Feature", "properties": { "No": 178, "Nama": "Jaya", "NIK": 3202092004680005, "Usia\n(Tahun)": "58", "Alamat": "Kp. Panarosan RT 001/RW 003", "Desa": 3202120014, "Kecamatan": 3202120, "Kabupaten": 3202, "Koordinat Desa": -7.023, "field_10": 106.681, "Koordinat Calon Lokasi": null, "field_12": null, "field_13": "-7.0319", "field_14": "1,066,884", "Penyuluh Kehutanan \nPendamping": null, "Keterangan": null, "CDK": "CDK III\r" }, "geometry": { "type": "Point", "coordinates": [ 106.681, -7.023 ] } },
{ "type": "Feature", "properties": { "No": 179, "Nama": "Parid Parnudin", "NIK": 3202191808770001, "Usia\n(Tahun)": "50", "Alamat": "Kp. Ciaul Rt 006 / Rw 002 ", "Desa": 3202300001, "Kecamatan": 3202300, "Kabupaten": 3202, "Koordinat Desa": -6.832, "field_10": 106.618, "Koordinat Calon Lokasi": null, "field_12": null, "field_13": "-6.803034", "field_14": "106.59432", "Penyuluh Kehutanan \nPendamping": null, "Keterangan": null, "CDK": "CDK III\r" }, "geometry": { "type": "Point", "coordinates": [ 106.618, -6.832 ] } },
{ "type": "Feature", "properties": { "No": 180, "Nama": "Usup Supriatna", "NIK": 3202182802870002, "Usia\n(Tahun)": "40", "Alamat": "Kp. Pasir Awi Rt 015 / Rw 004 ", "Desa": 3202270002, "Kecamatan": 3202270, "Kabupaten": 3202, "Koordinat Desa": -6.814, "field_10": 106.662, "Koordinat Calon Lokasi": null, "field_12": null, "field_13": "-6.805898", "field_14": "10665841", "Penyuluh Kehutanan \nPendamping": null, "Keterangan": null, "CDK": "CDK III\r" }, "geometry": { "type": "Point", "coordinates": [ 106.662, -6.814 ] } },
{ "type": "Feature", "properties": { "No": 181, "Nama": "Hopid M", "NIK": 3202271808810003, "Usia\n(Tahun)": "45", "Alamat": "Kp. Padaraang Rt 001/011 ", "Desa": 3202201002, "Kecamatan": 3202201, "Kabupaten": 3202, "Koordinat Desa": -6.959, "field_10": 106.869, "Koordinat Calon Lokasi": null, "field_12": null, "field_13": "-6.95655", "field_14": "106.8659", "Penyuluh Kehutanan \nPendamping": null, "Keterangan": null, "CDK": "CDK III\r" }, "geometry": { "type": "Point", "coordinates": [ 106.869, -6.959 ] } },
{ "type": "Feature", "properties": { "No": 182, "Nama": "Isep Sofyan", "NIK": 3202272007800001, "Usia\n(Tahun)": "46", "Alamat": "Kp. Sindangkerta Rt 001/013 ", "Desa": 3202201001, "Kecamatan": 3202201, "Kabupaten": 3202, "Koordinat Desa": -6.965, "field_10": 106.858, "Koordinat Calon Lokasi": null, "field_12": null, "field_13": "-6.94712", "field_14": "106.862", "Penyuluh Kehutanan \nPendamping": null, "Keterangan": null, "CDK": "CDK III\r" }, "geometry": { "type": "Point", "coordinates": [ 106.858, -6.965 ] } },
{ "type": "Feature", "properties": { "No": 183, "Nama": "Iwan", "NIK": 3202430511710001, "Usia\n(Tahun)": "55", "Alamat": "Kp  Pasekon RT 01/RW01 ", "Desa": 3202070005, "Kecamatan": 3202070, "Kabupaten": 3202, "Koordinat Desa": -7.269, "field_10": 106.832, "Koordinat Calon Lokasi": null, "field_12": null, "field_13": "-7.25426", "field_14": "106.8388", "Penyuluh Kehutanan \nPendamping": null, "Keterangan": null, "CDK": "CDK III\r" }, "geometry": { "type": "Point", "coordinates": [ 106.832, -7.269 ] } },
{ "type": "Feature", "properties": { "No": 184, "Nama": "Dudih", "NIK": 3202430906790001, "Usia\n(Tahun)": "46", "Alamat": "Kp. Sukatani RT 013 RW 005 ", "Desa": 3202070005, "Kecamatan": 3202070, "Kabupaten": 3202, "Koordinat Desa": -7.269, "field_10": 106.832, "Koordinat Calon Lokasi": null, "field_12": null, "field_13": "-7.23574", "field_14": "106.8702", "Penyuluh Kehutanan \nPendamping": null, "Keterangan": null, "CDK": "CDK III\r" }, "geometry": { "type": "Point", "coordinates": [ 106.832, -7.269 ] } },
{ "type": "Feature", "properties": { "No": 185, "Nama": "Idun", "NIK": 3202370510790001, "Usia\n(Tahun)": "46", "Alamat": "Kp. Cikadu RT06 RW 03 ", "Desa": 3202070005, "Kecamatan": 3202070, "Kabupaten": 3202, "Koordinat Desa": -7.269, "field_10": 106.832, "Koordinat Calon Lokasi": null, "field_12": null, "field_13": "-7.27106", "field_14": "106.8333", "Penyuluh Kehutanan \nPendamping": null, "Keterangan": null, "CDK": "CDK III\r" }, "geometry": { "type": "Point", "coordinates": [ 106.832, -7.269 ] } },
{ "type": "Feature", "properties": { "No": 186, "Nama": "Ono", "NIK": 3202120102650008, "Usia\n(Tahun)": "59", "Alamat": "Kp. Cihanjawar RT 006/002 ", "Desa": 3202220010, "Kecamatan": 3202220, "Kabupaten": 3202, "Koordinat Desa": -6.822, "field_10": 106.835, "Koordinat Calon Lokasi": null, "field_12": null, "field_13": "-6.49583", "field_14": "106.4913", "Penyuluh Kehutanan \nPendamping": null, "Keterangan": null, "CDK": "CDK III\r" }, "geometry": { "type": "Point", "coordinates": [ 106.835, -6.822 ] } },
{ "type": "Feature", "properties": { "No": 187, "Nama": "Dayat Suganda", "NIK": 3202122110580001, "Usia\n(Tahun)": "68", "Alamat": "Kp. Cibubuay RT 04 RW 02 ", "Desa": 3202220005, "Kecamatan": 3202220, "Kabupaten": 3202, "Koordinat Desa": -6.836, "field_10": 106.86, "Koordinat Calon Lokasi": null, "field_12": null, "field_13": "-6.84494", "field_14": "106.8476", "Penyuluh Kehutanan \nPendamping": null, "Keterangan": null, "CDK": "CDK III\r" }, "geometry": { "type": "Point", "coordinates": [ 106.86, -6.836 ] } },
{ "type": "Feature", "properties": { "No": 188, "Nama": "Ahmad Rifai", "NIK": 3202210309610002, "Usia\n(Tahun)": "64", "Alamat": "Kp. Babakan Karet Rt 4/1 ", "Desa": 3202040013, "Kecamatan": 3202040, "Kabupaten": 3202, "Koordinat Desa": -7.233, "field_10": 106.636, "Koordinat Calon Lokasi": null, "field_12": null, "field_13": "-7.102", "field_14": "106.6404", "Penyuluh Kehutanan \nPendamping": null, "Keterangan": null, "CDK": "CDK III\r" }, "geometry": { "type": "Point", "coordinates": [ 106.636, -7.233 ] } },
{ "type": "Feature", "properties": { "No": 189, "Nama": "Dudu Rustiawan", "NIK": 3202211012640004, "Usia\n(Tahun)": "61", "Alamat": "Kp. Puncak buluh rt. 017/05 ", "Desa": 3202040014, "Kecamatan": 3202040, "Kabupaten": 3202, "Koordinat Desa": -7.196, "field_10": 106.659, "Koordinat Calon Lokasi": null, "field_12": null, "field_13": "-7.194", "field_14": "106.6596", "Penyuluh Kehutanan \nPendamping": null, "Keterangan": null, "CDK": "CDK III\r" }, "geometry": { "type": "Point", "coordinates": [ 106.659, -7.196 ] } },
{ "type": "Feature", "properties": { "No": 190, "Nama": "M. Dumyati", "NIK": 3202351305820001, "Usia\n(Tahun)": "44", "Alamat": "Kp. Cibeureum RT 5/6 ", "Desa": 3202172004, "Kecamatan": 3202172, "Kabupaten": 3202, "Koordinat Desa": -6.928, "field_10": 107.025, "Koordinat Calon Lokasi": null, "field_12": null, "field_13": "-6.93668", "field_14": "107.0176", "Penyuluh Kehutanan \nPendamping": null, "Keterangan": null, "CDK": "CDK III\r" }, "geometry": { "type": "Point", "coordinates": [ 107.025, -6.928 ] } },
{ "type": "Feature", "properties": { "No": 191, "Nama": "Misbah", "NIK": 3202351707780003, "Usia\n(Tahun)": "46", "Alamat": "Kp. Cikurutug RT.2/5 ", "Desa": 3202172004, "Kecamatan": 3202172, "Kabupaten": 3202, "Koordinat Desa": -6.928, "field_10": 107.025, "Koordinat Calon Lokasi": null, "field_12": null, "field_13": "-6.93388", "field_14": "107.02517", "Penyuluh Kehutanan \nPendamping": null, "Keterangan": null, "CDK": "CDK III\r" }, "geometry": { "type": "Point", "coordinates": [ 107.025, -6.928 ] } },
{ "type": "Feature", "properties": { "No": 192, "Nama": "Usep Suryana", "NIK": 3202352501690002, "Usia\n(Tahun)": "57", "Alamat": "Kp. Tugu Rt.1/3 ", "Desa": 3202172004, "Kecamatan": 3202172, "Kabupaten": 3202, "Koordinat Desa": -6.928, "field_10": 107.025, "Koordinat Calon Lokasi": null, "field_12": null, "field_13": "-693,151", "field_14": "107.15225", "Penyuluh Kehutanan \nPendamping": null, "Keterangan": null, "CDK": "CDK III\r" }, "geometry": { "type": "Point", "coordinates": [ 107.025, -6.928 ] } },
{ "type": "Feature", "properties": { "No": 193, "Nama": "Ahmid", "NIK": 3202062306600001, "Usia\n(Tahun)": "57", "Alamat": "Kp. Neglasari Rt 004/005 ", "Desa": 3202280005, "Kecamatan": 3202280, "Kabupaten": 3202, "Koordinat Desa": -6.905, "field_10": 106.642, "Koordinat Calon Lokasi": null, "field_12": null, "field_13": "-6.922517", "field_14": "106.6495", "Penyuluh Kehutanan \nPendamping": null, "Keterangan": null, "CDK": "CDK III\r" }, "geometry": { "type": "Point", "coordinates": [ 106.642, -6.905 ] } },
{ "type": "Feature", "properties": { "No": 194, "Nama": "Daman", "NIK": 3202060310700001, "Usia\n(Tahun)": "55", "Alamat": "Kp. Cipetir Rt. 001 RW. 007 ", "Desa": 3202280012, "Kecamatan": 3202280, "Kabupaten": 3202, "Koordinat Desa": -6.883, "field_10": 106.579, "Koordinat Calon Lokasi": null, "field_12": null, "field_13": "-6.89532", "field_14": "106.58015", "Penyuluh Kehutanan \nPendamping": null, "Keterangan": null, "CDK": "CDK III\r" }, "geometry": { "type": "Point", "coordinates": [ 106.579, -6.883 ] } },
{ "type": "Feature", "properties": { "No": 195, "Nama": "Ade Suhanda", "NIK": 3202060603770004, "Usia\n(Tahun)": "49", "Alamat": "Kp. Cikarang RT. 001 RW. 006 ", "Desa": 3202280005, "Kecamatan": 3202280, "Kabupaten": 3202, "Koordinat Desa": -6.905, "field_10": 106.642, "Koordinat Calon Lokasi": null, "field_12": null, "field_13": "-6.917702", "field_14": "106.64191", "Penyuluh Kehutanan \nPendamping": null, "Keterangan": null, "CDK": "CDK III\r" }, "geometry": { "type": "Point", "coordinates": [ 106.642, -6.905 ] } },
{ "type": "Feature", "properties": { "No": 196, "Nama": "Dian Ardiansyah", "NIK": 3202040502760002, "Usia\n(Tahun)": "50", "Alamat": "Kp. Mangunjaya RT.002/004 ", "Desa": 3202121004, "Kecamatan": 3202121, "Kabupaten": 3202, "Koordinat Desa": -6.961, "field_10": 106.691, "Koordinat Calon Lokasi": null, "field_12": null, "field_13": "-6.968389", "field_14": "106.69716", "Penyuluh Kehutanan \nPendamping": null, "Keterangan": null, "CDK": "CDK III\r" }, "geometry": { "type": "Point", "coordinates": [ 106.691, -6.961 ] } },
{ "type": "Feature", "properties": { "No": 197, "Nama": "Yana", "NIK": 3202040904800005, "Usia\n(Tahun)": "46", "Alamat": "Kp. Citugu RT 005/004 ", "Desa": 3202121001, "Kecamatan": 3202121, "Kabupaten": 3202, "Koordinat Desa": -7.014, "field_10": 106.663, "Koordinat Calon Lokasi": null, "field_12": null, "field_13": "-7.0146", "field_14": "106.62931", "Penyuluh Kehutanan \nPendamping": null, "Keterangan": null, "CDK": "CDK III\r" }, "geometry": { "type": "Point", "coordinates": [ 106.663, -7.014 ] } },
{ "type": "Feature", "properties": { "No": 198, "Nama": "Pahrudin", "NIK": 3202041203630006, "Usia\n(Tahun)": "63", "Alamat": "Kp. Selabuana RT 003/001 ", "Desa": 3202121006, "Kecamatan": 3202121, "Kabupaten": 3202, "Koordinat Desa": -6.948, "field_10": 106.666, "Koordinat Calon Lokasi": null, "field_12": null, "field_13": "-6.95619", "field_14": "106.68145", "Penyuluh Kehutanan \nPendamping": null, "Keterangan": null, "CDK": "CDK III\r" }, "geometry": { "type": "Point", "coordinates": [ 106.666, -6.948 ] } },
{ "type": "Feature", "properties": { "No": 199, "Nama": "Endang Supriatna", "NIK": 3202382802700002, "Usia\n(Tahun)": "55", "Alamat": "Kp. Cikontrang RT/RW 005/005 ", "Desa": 3202131006, "Kecamatan": 3202131, "Kabupaten": 3202, "Koordinat Desa": -7.077, "field_10": 106.899, "Koordinat Calon Lokasi": null, "field_12": null, "field_13": "-7.088337", "field_14": "106.89331", "Penyuluh Kehutanan \nPendamping": null, "Keterangan": null, "CDK": "CDK III\r" }, "geometry": { "type": "Point", "coordinates": [ 106.899, -7.077 ] } },
{ "type": "Feature", "properties": { "No": 200, "Nama": "Cecep", "NIK": 3202380706770003, "Usia\n(Tahun)": "48", "Alamat": "Kp. Padaringan RT/RW 009/002 ", "Desa": 3202131006, "Kecamatan": 3202131, "Kabupaten": 3202, "Koordinat Desa": -7.077, "field_10": 106.899, "Koordinat Calon Lokasi": null, "field_12": null, "field_13": "-7.064724", "field_14": "106.89243", "Penyuluh Kehutanan \nPendamping": null, "Keterangan": null, "CDK": "CDK III\r" }, "geometry": { "type": "Point", "coordinates": [ 106.899, -7.077 ] } },
{ "type": "Feature", "properties": { "No": 201, "Nama": "Enday hidayat", "NIK": 3202031209690002, "Usia\n(Tahun)": "57", "Alamat": "Kp. Cimaja Girang RT 005/003 ", "Desa": 3202291001, "Kecamatan": 3202291, "Kabupaten": 3202, "Koordinat Desa": -6.931, "field_10": 106.489, "Koordinat Calon Lokasi": null, "field_12": null, "field_13": "-6.94799828", "field_14": "106.4858374", "Penyuluh Kehutanan \nPendamping": null, "Keterangan": null, "CDK": "CDK III\r" }, "geometry": { "type": "Point", "coordinates": [ 106.489, -6.931 ] } },
{ "type": "Feature", "properties": { "No": 202, "Nama": "Dagus Subrata", "NIK": 3202012410760005, "Usia\n(Tahun)": "50", "Alamat": "Kp. Kebontarum ", "Desa": 3202110006, "Kecamatan": 3202110, "Kabupaten": 3202, "Koordinat Desa": -6.998, "field_10": 106.551, "Koordinat Calon Lokasi": null, "field_12": null, "field_13": "-6.99060633", "field_14": "106.5606226", "Penyuluh Kehutanan \nPendamping": null, "Keterangan": null, "CDK": "CDK III\r" }, "geometry": { "type": "Point", "coordinates": [ 106.551, -6.998 ] } },
{ "type": "Feature", "properties": { "No": 203, "Nama": "Mamat", "NIK": 3202050307570002, "Usia\n(Tahun)": "59", "Alamat": "Kp. Sukarame RT 002/007 ", "Desa": 3202290018, "Kecamatan": 3202290, "Kabupaten": 3202, "Koordinat Desa": -6.893, "field_10": 106.484, "Koordinat Calon Lokasi": null, "field_12": null, "field_13": "-6.89363119", "field_14": "106.487189", "Penyuluh Kehutanan \nPendamping": null, "Keterangan": null, "CDK": "CDK III\r" }, "geometry": { "type": "Point", "coordinates": [ 106.484, -6.893 ] } },
{ "type": "Feature", "properties": { "No": 204, "Nama": "Ruyandi", "NIK": 3202050107870028, "Usia\n(Tahun)": "40", "Alamat": "Kp. Batununggal 4/4 ", "Desa": 3202290013, "Kecamatan": 3202290, "Kabupaten": 3202, "Koordinat Desa": -6.848, "field_10": 106.466, "Koordinat Calon Lokasi": null, "field_12": null, "field_13": "-6.83989784", "field_14": "106.4461697", "Penyuluh Kehutanan \nPendamping": null, "Keterangan": null, "CDK": "CDK III\r" }, "geometry": { "type": "Point", "coordinates": [ 106.466, -6.848 ] } },
{ "type": "Feature", "properties": { "No": 205, "Nama": "Hamdan", "NIK": 3203200111740004, "Usia\n(Tahun)": "50", "Alamat": "Kp. Cibatuiuh RT 002 RW 007", "Desa": 3203050009, "Kecamatan": 3203050, "Kabupaten": 3203, "Koordinat Desa": -7.343, "field_10": 107.176, "Koordinat Calon Lokasi": null, "field_12": null, "field_13": null, "field_14": null, "Penyuluh Kehutanan \nPendamping": null, "Keterangan": null, "CDK": "CDK IV\r" }, "geometry": { "type": "Point", "coordinates": [ 107.176, -7.343 ] } },
{ "type": "Feature", "properties": { "No": 206, "Nama": "Dani Hamdani", "NIK": 3203202307730003, "Usia\n(Tahun)": "52", "Alamat": "Kp. Cisampang RT 002 RW 005", "Desa": 3203050009, "Kecamatan": 3203050, "Kabupaten": 3203, "Koordinat Desa": -7.343, "field_10": 107.176, "Koordinat Calon Lokasi": null, "field_12": null, "field_13": null, "field_14": null, "Penyuluh Kehutanan \nPendamping": null, "Keterangan": null, "CDK": "CDK IV\r" }, "geometry": { "type": "Point", "coordinates": [ 107.176, -7.343 ] } },
{ "type": "Feature", "properties": { "No": 207, "Nama": "Maksum", "NIK": 3203200107640125, "Usia\n(Tahun)": "61", "Alamat": "Kp. Pasirlaja RT 002 RW 003", "Desa": 3203050009, "Kecamatan": 3203050, "Kabupaten": 3203, "Koordinat Desa": -7.343, "field_10": 107.176, "Koordinat Calon Lokasi": null, "field_12": null, "field_13": null, "field_14": null, "Penyuluh Kehutanan \nPendamping": null, "Keterangan": null, "CDK": "CDK IV\r" }, "geometry": { "type": "Point", "coordinates": [ 107.176, -7.343 ] } },
{ "type": "Feature", "properties": { "No": 208, "Nama": "Sugina Firmansyah", "NIK": 3203170808750005, "Usia\n(Tahun)": "51", "Alamat": "Kp. Wargaasih RT 001 RW 005", "Desa": 3203070019, "Kecamatan": 3203070, "Kabupaten": 3203, "Koordinat Desa": -7.21, "field_10": 107.008, "Koordinat Calon Lokasi": null, "field_12": null, "field_13": null, "field_14": null, "Penyuluh Kehutanan \nPendamping": null, "Keterangan": null, "CDK": "CDK IV\r" }, "geometry": { "type": "Point", "coordinates": [ 107.008, -7.21 ] } },
{ "type": "Feature", "properties": { "No": 209, "Nama": "Eman", "NIK": 3203170805700008, "Usia\n(Tahun)": "55", "Alamat": "Kp. Wargaasih RT 001 RW 005", "Desa": 3203070019, "Kecamatan": 3203070, "Kabupaten": 3203, "Koordinat Desa": -7.21, "field_10": 107.008, "Koordinat Calon Lokasi": null, "field_12": null, "field_13": null, "field_14": null, "Penyuluh Kehutanan \nPendamping": null, "Keterangan": null, "CDK": "CDK IV\r" }, "geometry": { "type": "Point", "coordinates": [ 107.008, -7.21 ] } },
{ "type": "Feature", "properties": { "No": 210, "Nama": "Juanda", "NIK": 3203171210650006, "Usia\n(Tahun)": "60", "Alamat": "Kp. Citemen RT 001 RW 006 ", "Desa": 3203070019, "Kecamatan": 3203070, "Kabupaten": 3203, "Koordinat Desa": -7.21, "field_10": 107.008, "Koordinat Calon Lokasi": null, "field_12": null, "field_13": null, "field_14": null, "Penyuluh Kehutanan \nPendamping": null, "Keterangan": null, "CDK": "CDK IV\r" }, "geometry": { "type": "Point", "coordinates": [ 107.008, -7.21 ] } },
{ "type": "Feature", "properties": { "No": 211, "Nama": "Andi", "NIK": 3203260303750004, "Usia\n(Tahun)": "50", "Alamat": "Kp. Koleberes Blok A RT 002 RW 008", "Desa": 3203051004, "Kecamatan": 3203051, "Kabupaten": 3203, "Koordinat Desa": -7.337, "field_10": 107.253, "Koordinat Calon Lokasi": null, "field_12": null, "field_13": null, "field_14": null, "Penyuluh Kehutanan \nPendamping": null, "Keterangan": null, "CDK": "CDK IV\r" }, "geometry": { "type": "Point", "coordinates": [ 107.253, -7.337 ] } },
{ "type": "Feature", "properties": { "No": 212, "Nama": "Aji", "NIK": 3203260607820010, "Usia\n(Tahun)": "43", "Alamat": "Kp. Camaul Blok A RT 001 RW 010", "Desa": 3203051004, "Kecamatan": 3203051, "Kabupaten": 3203, "Koordinat Desa": -7.337, "field_10": 107.253, "Koordinat Calon Lokasi": null, "field_12": null, "field_13": null, "field_14": null, "Penyuluh Kehutanan \nPendamping": null, "Keterangan": null, "CDK": "CDK IV\r" }, "geometry": { "type": "Point", "coordinates": [ 107.253, -7.337 ] } },
{ "type": "Feature", "properties": { "No": 213, "Nama": "Aman", "NIK": 3203260410760002, "Usia\n(Tahun)": "49", "Alamat": "Kp. Culamega RT 001 RW 003", "Desa": 3203051004, "Kecamatan": 3203051, "Kabupaten": 3203, "Koordinat Desa": -7.337, "field_10": 107.253, "Koordinat Calon Lokasi": null, "field_12": null, "field_13": null, "field_14": null, "Penyuluh Kehutanan \nPendamping": null, "Keterangan": null, "CDK": "CDK IV\r" }, "geometry": { "type": "Point", "coordinates": [ 107.253, -7.337 ] } },
{ "type": "Feature", "properties": { "No": 214, "Nama": "Dedi Supriadi", "NIK": 3203100203670008, "Usia\n(Tahun)": "58", "Alamat": "Kp Pacet Babakan RT 002 RW 007", "Desa": 3203220003, "Kecamatan": 3203220, "Kabupaten": 3203, "Koordinat Desa": -6.757, "field_10": 107.028, "Koordinat Calon Lokasi": null, "field_12": null, "field_13": null, "field_14": null, "Penyuluh Kehutanan \nPendamping": null, "Keterangan": null, "CDK": "CDK IV\r" }, "geometry": { "type": "Point", "coordinates": [ 107.028, -6.757 ] } },
{ "type": "Feature", "properties": { "No": 215, "Nama": "A. Pudin", "NIK": 3203132211660008, "Usia\n(Tahun)": "59", "Alamat": "Kp. Simpang RT 001 RW 008", "Desa": 3203230002, "Kecamatan": 3203230, "Kabupaten": 3203, "Koordinat Desa": -6.737, "field_10": 107.097, "Koordinat Calon Lokasi": null, "field_12": null, "field_13": null, "field_14": null, "Penyuluh Kehutanan \nPendamping": null, "Keterangan": null, "CDK": "CDK IV\r" }, "geometry": { "type": "Point", "coordinates": [ 107.097, -6.737 ] } },
{ "type": "Feature", "properties": { "No": 216, "Nama": "Agus", "NIK": 3203131708750007, "Usia\n(Tahun)": "50", "Alamat": "Kp Surupan RT 001 RW 007", "Desa": 3203230003, "Kecamatan": 3203230, "Kabupaten": 3203, "Koordinat Desa": -6.732, "field_10": 107.128, "Koordinat Calon Lokasi": null, "field_12": null, "field_13": null, "field_14": null, "Penyuluh Kehutanan \nPendamping": null, "Keterangan": null, "CDK": "CDK IV\r" }, "geometry": { "type": "Point", "coordinates": [ 107.128, -6.732 ] } },
{ "type": "Feature", "properties": { "No": 217, "Nama": "Adi Wihayat", "NIK": 3203312406760001, "Usia\n(Tahun)": "47", "Alamat": "Kp. Salakopi RT 003 RW 012", "Desa": 3203161004, "Kecamatan": 3203161, "Kabupaten": 3203, "Koordinat Desa": -6.832, "field_10": 107.313, "Koordinat Calon Lokasi": null, "field_12": null, "field_13": null, "field_14": null, "Penyuluh Kehutanan \nPendamping": null, "Keterangan": null, "CDK": "CDK IV\r" }, "geometry": { "type": "Point", "coordinates": [ 107.313, -6.832 ] } },
{ "type": "Feature", "properties": { "No": 218, "Nama": "Rijwan Gunawan", "NIK": 3203311607790001, "Usia\n(Tahun)": "47", "Alamat": "Kp. Salakopi RT 004 RW 012", "Desa": 3203161004, "Kecamatan": 3203161, "Kabupaten": 3203, "Koordinat Desa": -6.832, "field_10": 107.313, "Koordinat Calon Lokasi": null, "field_12": null, "field_13": null, "field_14": null, "Penyuluh Kehutanan \nPendamping": null, "Keterangan": null, "CDK": "CDK IV\r" }, "geometry": { "type": "Point", "coordinates": [ 107.313, -6.832 ] } },
{ "type": "Feature", "properties": { "No": 219, "Nama": "Riswanto", "NIK": 3203312607850001, "Usia\n(Tahun)": "41", "Alamat": "Kp. Salakopi RT 001 RW 012", "Desa": 3203161004, "Kecamatan": 3203161, "Kabupaten": 3203, "Koordinat Desa": -6.832, "field_10": 107.313, "Koordinat Calon Lokasi": null, "field_12": null, "field_13": null, "field_14": null, "Penyuluh Kehutanan \nPendamping": null, "Keterangan": null, "CDK": "CDK IV\r" }, "geometry": { "type": "Point", "coordinates": [ 107.313, -6.832 ] } },
{ "type": "Feature", "properties": { "No": 220, "Nama": "Abdulloh", "NIK": 3203240408760007, "Usia\n(Tahun)": "49", "Alamat": "Kp. Garunggang RT 002 RW 011", "Desa": 3203040007, "Kecamatan": 3203040, "Kabupaten": 3203, "Koordinat Desa": -7.34, "field_10": 107.331, "Koordinat Calon Lokasi": null, "field_12": null, "field_13": null, "field_14": null, "Penyuluh Kehutanan \nPendamping": null, "Keterangan": null, "CDK": "CDK IV\r" }, "geometry": { "type": "Point", "coordinates": [ 107.331, -7.34 ] } },
{ "type": "Feature", "properties": { "No": 221, "Nama": "Rustandi", "NIK": 3203240610780003, "Usia\n(Tahun)": "47", "Alamat": "Kp. Limus Piit RT 014 RW 007", "Desa": 3203040001, "Kecamatan": 3203040, "Kabupaten": 3203, "Koordinat Desa": -7.411, "field_10": 107.274, "Koordinat Calon Lokasi": null, "field_12": null, "field_13": null, "field_14": null, "Penyuluh Kehutanan \nPendamping": null, "Keterangan": null, "CDK": "CDK IV\r" }, "geometry": { "type": "Point", "coordinates": [ 107.274, -7.411 ] } },
{ "type": "Feature", "properties": { "No": 222, "Nama": "Jahrun Suhendi", "NIK": 3203240204700008, "Usia\n(Tahun)": "55", "Alamat": "Kp. Cipeuteuy RT 015 RW 001", "Desa": 3203040001, "Kecamatan": 3203040, "Kabupaten": 3203, "Koordinat Desa": -7.411, "field_10": 107.274, "Koordinat Calon Lokasi": null, "field_12": null, "field_13": null, "field_14": null, "Penyuluh Kehutanan \nPendamping": null, "Keterangan": null, "CDK": "CDK IV\r" }, "geometry": { "type": "Point", "coordinates": [ 107.274, -7.411 ] } },
{ "type": "Feature", "properties": { "No": 223, "Nama": "Suhendar", "NIK": 3203230409770003, "Usia\n(Tahun)": "48", "Alamat": "Kp. Cipanglay RT 006 RW 002", "Desa": 3203030006, "Kecamatan": 3203030, "Kabupaten": 3203, "Koordinat Desa": -7.486, "field_10": 107.372, "Koordinat Calon Lokasi": null, "field_12": null, "field_13": null, "field_14": null, "Penyuluh Kehutanan \nPendamping": null, "Keterangan": null, "CDK": "CDK IV\r" }, "geometry": { "type": "Point", "coordinates": [ 107.372, -7.486 ] } },
{ "type": "Feature", "properties": { "No": 224, "Nama": "M. Sunandar", "NIK": 3203230707770014, "Usia\n(Tahun)": "48", "Alamat": "Kp. Sukamulya RT 003 RW 004", "Desa": 3203030005, "Kecamatan": 3203030, "Kabupaten": 3203, "Koordinat Desa": -7.467, "field_10": 107.327, "Koordinat Calon Lokasi": null, "field_12": null, "field_13": null, "field_14": null, "Penyuluh Kehutanan \nPendamping": null, "Keterangan": null, "CDK": "CDK IV\r" }, "geometry": { "type": "Point", "coordinates": [ 107.327, -7.467 ] } },
{ "type": "Feature", "properties": { "No": 225, "Nama": "Tadin Suhendar", "NIK": 3203230103640006, "Usia\n(Tahun)": "61", "Alamat": "Kp. Cimindi RT 001 RW 007", "Desa": 3203030007, "Kecamatan": 3203030, "Kabupaten": 3203, "Koordinat Desa": -7.474, "field_10": 107.404, "Koordinat Calon Lokasi": null, "field_12": null, "field_13": null, "field_14": null, "Penyuluh Kehutanan \nPendamping": null, "Keterangan": null, "CDK": "CDK IV\r" }, "geometry": { "type": "Point", "coordinates": [ 107.404, -7.474 ] } },
{ "type": "Feature", "properties": { "No": 226, "Nama": "Adeng Koswara", "NIK": 3203151809700003, "Usia\n(Tahun)": "55", "Alamat": "Kp. Gelaranyar RT 001 RW 004", "Desa": 3203110002, "Kecamatan": 3203110, "Kabupaten": 3203, "Koordinat Desa": -7.002, "field_10": 107.108, "Koordinat Calon Lokasi": null, "field_12": null, "field_13": null, "field_14": null, "Penyuluh Kehutanan \nPendamping": null, "Keterangan": null, "CDK": "CDK IV\r" }, "geometry": { "type": "Point", "coordinates": [ 107.108, -7.002 ] } },
{ "type": "Feature", "properties": { "No": 227, "Nama": "Maman S", "NIK": 3203150206600003, "Usia\n(Tahun)": "65", "Alamat": "Kp. Ciherang RT 003 RW 002 ", "Desa": 3203110002, "Kecamatan": 3203110, "Kabupaten": 3203, "Koordinat Desa": -7.002, "field_10": 107.108, "Koordinat Calon Lokasi": null, "field_12": null, "field_13": null, "field_14": null, "Penyuluh Kehutanan \nPendamping": null, "Keterangan": null, "CDK": "CDK IV\r" }, "geometry": { "type": "Point", "coordinates": [ 107.108, -7.002 ] } },
{ "type": "Feature", "properties": { "No": 228, "Nama": "Yudi", "NIK": 3203150811810002, "Usia\n(Tahun)": "44", "Alamat": "Kp. Parabon RT 002 RW 004", "Desa": 3203110002, "Kecamatan": 3203110, "Kabupaten": 3203, "Koordinat Desa": -7.002, "field_10": 107.108, "Koordinat Calon Lokasi": null, "field_12": null, "field_13": null, "field_14": null, "Penyuluh Kehutanan \nPendamping": null, "Keterangan": null, "CDK": "CDK IV\r" }, "geometry": { "type": "Point", "coordinates": [ 107.108, -7.002 ] } },
{ "type": "Feature", "properties": { "No": 229, "Nama": "Handriana", "NIK": 3217032606860006, "Usia\n(Tahun)": "40", "Alamat": "Kp. Pasarkuning RT 014 RW 011", "Desa": 3217130006, "Kecamatan": 3217130, "Kabupaten": 3217, "Koordinat Desa": -6.795, "field_10": 107.537, "Koordinat Calon Lokasi": null, "field_12": null, "field_13": null, "field_14": null, "Penyuluh Kehutanan \nPendamping": null, "Keterangan": null, "CDK": "CDK IV\r" }, "geometry": { "type": "Point", "coordinates": [ 107.537, -6.795 ] } },
{ "type": "Feature", "properties": { "No": 230, "Nama": "Roni", "NIK": 3217032005780006, "Usia\n(Tahun)": "48", "Alamat": "Kp. Pasarkuning RT 014 RW 011", "Desa": 3217130006, "Kecamatan": 3217130, "Kabupaten": 3217, "Koordinat Desa": -6.795, "field_10": 107.537, "Koordinat Calon Lokasi": null, "field_12": null, "field_13": null, "field_14": null, "Penyuluh Kehutanan \nPendamping": null, "Keterangan": null, "CDK": "CDK IV\r" }, "geometry": { "type": "Point", "coordinates": [ 107.537, -6.795 ] } },
{ "type": "Feature", "properties": { "No": 231, "Nama": "Lili", "NIK": 3217032702780006, "Usia\n(Tahun)": "48", "Alamat": "Kp. Pasarkuning RT 014 RW 011", "Desa": 3217130006, "Kecamatan": 3217130, "Kabupaten": 3217, "Koordinat Desa": -6.795, "field_10": 107.537, "Koordinat Calon Lokasi": null, "field_12": null, "field_13": null, "field_14": null, "Penyuluh Kehutanan \nPendamping": null, "Keterangan": null, "CDK": "CDK IV\r" }, "geometry": { "type": "Point", "coordinates": [ 107.537, -6.795 ] } },
{ "type": "Feature", "properties": { "No": 232, "Nama": "Encep Nurdin", "NIK": 3217032006710004, "Usia\n(Tahun)": "55", "Alamat": "Kp. Pasirkuda RT 001 RW 011", "Desa": 3217130006, "Kecamatan": 3217130, "Kabupaten": 3217, "Koordinat Desa": -6.795, "field_10": 107.537, "Koordinat Calon Lokasi": null, "field_12": null, "field_13": null, "field_14": null, "Penyuluh Kehutanan \nPendamping": null, "Keterangan": null, "CDK": "CDK IV\r" }, "geometry": { "type": "Point", "coordinates": [ 107.537, -6.795 ] } },
{ "type": "Feature", "properties": { "No": 233, "Nama": "Trisna Antoni", "NIK": 3217080202770036, "Usia\n(Tahun)": "49", "Alamat": "Kp. Pasirkuda RT 001 RW 011", "Desa": 3217130006, "Kecamatan": 3217130, "Kabupaten": 3217, "Koordinat Desa": -6.795, "field_10": 107.537, "Koordinat Calon Lokasi": null, "field_12": null, "field_13": null, "field_14": null, "Penyuluh Kehutanan \nPendamping": null, "Keterangan": null, "CDK": "CDK IV\r" }, "geometry": { "type": "Point", "coordinates": [ 107.537, -6.795 ] } },
{ "type": "Feature", "properties": { "No": 234, "Nama": "Jajang", "NIK": 3217031203650016, "Usia\n(Tahun)": "61", "Alamat": "Kp. Pasirkuda RT 001 RW 011", "Desa": 3217130006, "Kecamatan": 3217130, "Kabupaten": 3217, "Koordinat Desa": -6.795, "field_10": 107.537, "Koordinat Calon Lokasi": null, "field_12": null, "field_13": null, "field_14": null, "Penyuluh Kehutanan \nPendamping": null, "Keterangan": null, "CDK": "CDK IV\r" }, "geometry": { "type": "Point", "coordinates": [ 107.537, -6.795 ] } },
{ "type": "Feature", "properties": { "No": 235, "Nama": "Rusmana", "NIK": 3217032510790001, "Usia\n(Tahun)": "47", "Alamat": "Kp. Babakan RT 004 RW 011", "Desa": 3217130006, "Kecamatan": 3217130, "Kabupaten": 3217, "Koordinat Desa": -6.795, "field_10": 107.537, "Koordinat Calon Lokasi": null, "field_12": null, "field_13": null, "field_14": null, "Penyuluh Kehutanan \nPendamping": null, "Keterangan": null, "CDK": "CDK IV\r" }, "geometry": { "type": "Point", "coordinates": [ 107.537, -6.795 ] } },
{ "type": "Feature", "properties": { "No": 236, "Nama": "Uso", "NIK": 3217030212680003, "Usia\n(Tahun)": "58", "Alamat": "Kp. Babakan RT 005 RW 011", "Desa": 3217130006, "Kecamatan": 3217130, "Kabupaten": 3217, "Koordinat Desa": -6.795, "field_10": 107.537, "Koordinat Calon Lokasi": null, "field_12": null, "field_13": null, "field_14": null, "Penyuluh Kehutanan \nPendamping": null, "Keterangan": null, "CDK": "CDK IV\r" }, "geometry": { "type": "Point", "coordinates": [ 107.537, -6.795 ] } },
{ "type": "Feature", "properties": { "No": 237, "Nama": "Dayat", "NIK": 3217030911770006, "Usia\n(Tahun)": "58", "Alamat": "Kp. Babakan RT 005 RW 011", "Desa": 3217130006, "Kecamatan": 3217130, "Kabupaten": 3217, "Koordinat Desa": -6.795, "field_10": 107.537, "Koordinat Calon Lokasi": null, "field_12": null, "field_13": null, "field_14": null, "Penyuluh Kehutanan \nPendamping": null, "Keterangan": null, "CDK": "CDK IV\r" }, "geometry": { "type": "Point", "coordinates": [ 107.537, -6.795 ] } },
{ "type": "Feature", "properties": { "No": 238, "Nama": "Acep Saepuloh", "NIK": 3217032709820010, "Usia\n(Tahun)": "44", "Alamat": "Kp. Babakan RT 005 RW 011", "Desa": 3217130006, "Kecamatan": 3217130, "Kabupaten": 3217, "Koordinat Desa": -6.795, "field_10": 107.537, "Koordinat Calon Lokasi": null, "field_12": null, "field_13": null, "field_14": null, "Penyuluh Kehutanan \nPendamping": null, "Keterangan": null, "CDK": "CDK IV\r" }, "geometry": { "type": "Point", "coordinates": [ 107.537, -6.795 ] } },
{ "type": "Feature", "properties": { "No": 239, "Nama": "Carman", "NIK": 3217030711620003, "Usia\n(Tahun)": "64", "Alamat": "Kp. Pasirkuning, RT 002 RW 012", "Desa": 3217130006, "Kecamatan": 3217130, "Kabupaten": 3217, "Koordinat Desa": -6.795, "field_10": 107.537, "Koordinat Calon Lokasi": null, "field_12": null, "field_13": null, "field_14": null, "Penyuluh Kehutanan \nPendamping": null, "Keterangan": null, "CDK": "CDK IV\r" }, "geometry": { "type": "Point", "coordinates": [ 107.537, -6.795 ] } },
{ "type": "Feature", "properties": { "No": 240, "Nama": "Ade", "NIK": 3217031512630003, "Usia\n(Tahun)": "64", "Alamat": "Kp. Pasirkuning, RT 005 RW 011", "Desa": 3217130006, "Kecamatan": 3217130, "Kabupaten": 3217, "Koordinat Desa": -6.795, "field_10": 107.537, "Koordinat Calon Lokasi": null, "field_12": null, "field_13": null, "field_14": null, "Penyuluh Kehutanan \nPendamping": null, "Keterangan": null, "CDK": "CDK IV\r" }, "geometry": { "type": "Point", "coordinates": [ 107.537, -6.795 ] } },
{ "type": "Feature", "properties": { "No": 241, "Nama": "Nandang Kosim", "NIK": 3217010310740007, "Usia\n(Tahun)": "54", "Alamat": "Kp. Binong RT 001 RW 011", "Desa": 3217120016, "Kecamatan": 3217120, "Kabupaten": 3217, "Koordinat Desa": -6.815, "field_10": 107.706, "Koordinat Calon Lokasi": null, "field_12": null, "field_13": null, "field_14": null, "Penyuluh Kehutanan \nPendamping": null, "Keterangan": null, "CDK": "CDK IV\r" }, "geometry": { "type": "Point", "coordinates": [ 107.706, -6.815 ] } },
{ "type": "Feature", "properties": { "No": 242, "Nama": "Agus Sungkawa", "NIK": 3217010108730023, "Usia\n(Tahun)": "52", "Alamat": "Kp.Binong RT 003 RW 011", "Desa": 3217120016, "Kecamatan": 3217120, "Kabupaten": 3217, "Koordinat Desa": -6.815, "field_10": 107.706, "Koordinat Calon Lokasi": null, "field_12": null, "field_13": null, "field_14": null, "Penyuluh Kehutanan \nPendamping": null, "Keterangan": null, "CDK": "CDK IV\r" }, "geometry": { "type": "Point", "coordinates": [ 107.706, -6.815 ] } },
{ "type": "Feature", "properties": { "No": 243, "Nama": "Cecep Dodi", "NIK": 3217101707750009, "Usia\n(Tahun)": "51", "Alamat": "Kp Pasir Angling RT 001 RW 007", "Desa": 3217120016, "Kecamatan": 3217120, "Kabupaten": 3217, "Koordinat Desa": -6.815, "field_10": 107.706, "Koordinat Calon Lokasi": null, "field_12": null, "field_13": null, "field_14": null, "Penyuluh Kehutanan \nPendamping": null, "Keterangan": null, "CDK": "CDK IV\r" }, "geometry": { "type": "Point", "coordinates": [ 107.706, -6.815 ] } },
{ "type": "Feature", "properties": { "No": 244, "Nama": "Andi", "NIK": 3217011805720005, "Usia\n(Tahun)": "53", "Alamat": "Kp. Cikareumbi RT 005 RW 004", "Desa": 3217120013, "Kecamatan": 3217120, "Kabupaten": 3217, "Koordinat Desa": -6.792, "field_10": 107.662, "Koordinat Calon Lokasi": null, "field_12": null, "field_13": null, "field_14": null, "Penyuluh Kehutanan \nPendamping": null, "Keterangan": null, "CDK": "CDK IV\r" }, "geometry": { "type": "Point", "coordinates": [ 107.662, -6.792 ] } },
{ "type": "Feature", "properties": { "No": 245, "Nama": "Oneng Sopandi", "NIK": 3217010607830019, "Usia\n(Tahun)": "43", "Alamat": "Kp. Cikareumbi RT 001 RW 007", "Desa": 3217120013, "Kecamatan": 3217120, "Kabupaten": 3217, "Koordinat Desa": -6.792, "field_10": 107.662, "Koordinat Calon Lokasi": null, "field_12": null, "field_13": null, "field_14": null, "Penyuluh Kehutanan \nPendamping": null, "Keterangan": null, "CDK": "CDK IV\r" }, "geometry": { "type": "Point", "coordinates": [ 107.662, -6.792 ] } },
{ "type": "Feature", "properties": { "No": 246, "Nama": "Pepen Ependi", "NIK": 3217011902840006, "Usia\n(Tahun)": "42", "Alamat": "Kp. Cikareumbi RT 006 RW 007", "Desa": 3217120013, "Kecamatan": 3217120, "Kabupaten": 3217, "Koordinat Desa": -6.792, "field_10": 107.662, "Koordinat Calon Lokasi": null, "field_12": null, "field_13": null, "field_14": null, "Penyuluh Kehutanan \nPendamping": null, "Keterangan": null, "CDK": "CDK IV\r" }, "geometry": { "type": "Point", "coordinates": [ 107.662, -6.792 ] } },
{ "type": "Feature", "properties": { "No": 247, "Nama": "Sigit Kamseno", "NIK": 3217011504810023, "Usia\n(Tahun)": "45", "Alamat": "Kp.Cibodas RT 005 RW 001", "Desa": 3217120008, "Kecamatan": 3217120, "Kabupaten": 3217, "Koordinat Desa": -6.792, "field_10": 107.609, "Koordinat Calon Lokasi": null, "field_12": null, "field_13": null, "field_14": null, "Penyuluh Kehutanan \nPendamping": null, "Keterangan": null, "CDK": "CDK IV\r" }, "geometry": { "type": "Point", "coordinates": [ 107.609, -6.792 ] } },
{ "type": "Feature", "properties": { "No": 248, "Nama": "Dadang Rohimat", "NIK": 3217010802730006, "Usia\n(Tahun)": "53", "Alamat": "Kp.Manoko RT 002 RW 003 ", "Desa": 3217120008, "Kecamatan": 3217120, "Kabupaten": 3217, "Koordinat Desa": -6.792, "field_10": 107.609, "Koordinat Calon Lokasi": null, "field_12": null, "field_13": null, "field_14": null, "Penyuluh Kehutanan \nPendamping": null, "Keterangan": null, "CDK": "CDK IV\r" }, "geometry": { "type": "Point", "coordinates": [ 107.609, -6.792 ] } },
{ "type": "Feature", "properties": { "No": 249, "Nama": "Gun Gun Zulkarnaen", "NIK": 3217012701720009, "Usia\n(Tahun)": "55", "Alamat": "Jl.Kolonel Masturi kp.Karamat 58 RT 003 RW 006", "Desa": 3217120008, "Kecamatan": 3217120, "Kabupaten": 3217, "Koordinat Desa": -6.792, "field_10": 107.609, "Koordinat Calon Lokasi": null, "field_12": null, "field_13": null, "field_14": null, "Penyuluh Kehutanan \nPendamping": null, "Keterangan": null, "CDK": "CDK IV\r" }, "geometry": { "type": "Point", "coordinates": [ 107.609, -6.792 ] } },
{ "type": "Feature", "properties": { "No": 250, "Nama": "Idon", "NIK": 3217010505730047, "Usia\n(Tahun)": "53", "Alamat": "Kp. Cibeureum RT 003  RW 002", "Desa": 3217120014, "Kecamatan": 3217120, "Kabupaten": 3217, "Koordinat Desa": -6.809, "field_10": 107.672, "Koordinat Calon Lokasi": null, "field_12": null, "field_13": null, "field_14": null, "Penyuluh Kehutanan \nPendamping": null, "Keterangan": null, "CDK": "CDK IV\r" }, "geometry": { "type": "Point", "coordinates": [ 107.672, -6.809 ] } },
{ "type": "Feature", "properties": { "No": 251, "Nama": "Asid Rasidi", "NIK": 3217012008680004, "Usia\n(Tahun)": "56", "Alamat": "Kp. Cibeureum RT 004 RW 001", "Desa": 3217120014, "Kecamatan": 3217120, "Kabupaten": 3217, "Koordinat Desa": -6.809, "field_10": 107.672, "Koordinat Calon Lokasi": null, "field_12": null, "field_13": null, "field_14": null, "Penyuluh Kehutanan \nPendamping": null, "Keterangan": null, "CDK": "CDK IV\r" }, "geometry": { "type": "Point", "coordinates": [ 107.672, -6.809 ] } },
{ "type": "Feature", "properties": { "No": 252, "Nama": "Ade Gandi", "NIK": 3217010101700281, "Usia\n(Tahun)": "56", "Alamat": "Kp. Cibeureum RT 001 RW 002", "Desa": 3217120014, "Kecamatan": 3217120, "Kabupaten": 3217, "Koordinat Desa": -6.809, "field_10": 107.672, "Koordinat Calon Lokasi": null, "field_12": null, "field_13": null, "field_14": null, "Penyuluh Kehutanan \nPendamping": null, "Keterangan": null, "CDK": "CDK IV\r" }, "geometry": { "type": "Point", "coordinates": [ 107.672, -6.809 ] } },
{ "type": "Feature", "properties": { "No": 253, "Nama": "Rohman", "NIK": 3217010101691004, "Usia\n(Tahun)": "57", "Alamat": "Kp. Ciburial RT 002 RW 001", "Desa": 3217120011, "Kecamatan": 3217120, "Kabupaten": 3217, "Koordinat Desa": -6.808, "field_10": 107.638, "Koordinat Calon Lokasi": null, "field_12": null, "field_13": null, "field_14": null, "Penyuluh Kehutanan \nPendamping": null, "Keterangan": null, "CDK": "CDK IV\r" }, "geometry": { "type": "Point", "coordinates": [ 107.638, -6.808 ] } },
{ "type": "Feature", "properties": { "No": 254, "Nama": "Tasah", "NIK": 3217010101770043, "Usia\n(Tahun)": "40", "Alamat": "Kp. Cilumber RT 003 RW 009", "Desa": 3217120011, "Kecamatan": 3217120, "Kabupaten": 3217, "Koordinat Desa": -6.808, "field_10": 107.638, "Koordinat Calon Lokasi": null, "field_12": null, "field_13": null, "field_14": null, "Penyuluh Kehutanan \nPendamping": null, "Keterangan": null, "CDK": "CDK IV\r" }, "geometry": { "type": "Point", "coordinates": [ 107.638, -6.808 ] } },
{ "type": "Feature", "properties": { "No": 255, "Nama": "Sholeh Sholihin", "NIK": 3217011504761001, "Usia\n(Tahun)": "49", "Alamat": "Kp. Cilumber RT 002 RW 009", "Desa": 3217120011, "Kecamatan": 3217120, "Kabupaten": 3217, "Koordinat Desa": -6.808, "field_10": 107.638, "Koordinat Calon Lokasi": null, "field_12": null, "field_13": null, "field_14": null, "Penyuluh Kehutanan \nPendamping": null, "Keterangan": null, "CDK": "CDK IV\r" }, "geometry": { "type": "Point", "coordinates": [ 107.638, -6.808 ] } },
{ "type": "Feature", "properties": { "No": 256, "Nama": "Ayi Nandang", "NIK": 3217030506740012, "Usia\n(Tahun)": "52", "Alamat": "Kp. Nyalindung RT 004 RW 010", "Desa": 3217130005, "Kecamatan": 3217130, "Kabupaten": 3217, "Koordinat Desa": -6.798, "field_10": 107.552, "Koordinat Calon Lokasi": null, "field_12": null, "field_13": null, "field_14": null, "Penyuluh Kehutanan \nPendamping": null, "Keterangan": null, "CDK": "CDK IV\r" }, "geometry": { "type": "Point", "coordinates": [ 107.552, -6.798 ] } },
{ "type": "Feature", "properties": { "No": 257, "Nama": "Ade Rahmat", "NIK": 3217031808730012, "Usia\n(Tahun)": "53", "Alamat": "Kp. Tugu V RT 002  RW 011", "Desa": 3217130005, "Kecamatan": 3217130, "Kabupaten": 3217, "Koordinat Desa": -6.798, "field_10": 107.552, "Koordinat Calon Lokasi": null, "field_12": null, "field_13": null, "field_14": null, "Penyuluh Kehutanan \nPendamping": null, "Keterangan": null, "CDK": "CDK IV\r" }, "geometry": { "type": "Point", "coordinates": [ 107.552, -6.798 ] } },
{ "type": "Feature", "properties": { "No": 258, "Nama": "Ajat Sutarman", "NIK": 3217031202720006, "Usia\n(Tahun)": "54", "Alamat": "Kp. Tugu V RT 002  RW 011", "Desa": 3217130005, "Kecamatan": 3217130, "Kabupaten": 3217, "Koordinat Desa": -6.798, "field_10": 107.552, "Koordinat Calon Lokasi": null, "field_12": null, "field_13": null, "field_14": null, "Penyuluh Kehutanan \nPendamping": null, "Keterangan": null, "CDK": "CDK IV\r" }, "geometry": { "type": "Point", "coordinates": [ 107.552, -6.798 ] } },
{ "type": "Feature", "properties": { "No": 259, "Nama": "Iden Andi Gustara", "NIK": 3217030408710004, "Usia\n(Tahun)": "54", "Alamat": "Kp.Baruahad RT 004 RW 013", "Desa": 3217130004, "Kecamatan": 3217130, "Kabupaten": 3217, "Koordinat Desa": -6.793, "field_10": 107.571, "Koordinat Calon Lokasi": null, "field_12": null, "field_13": null, "field_14": null, "Penyuluh Kehutanan \nPendamping": null, "Keterangan": null, "CDK": "CDK IV\r" }, "geometry": { "type": "Point", "coordinates": [ 107.571, -6.793 ] } },
{ "type": "Feature", "properties": { "No": 260, "Nama": "Ujang Kurniawan", "NIK": 3217030112910003, "Usia\n(Tahun)": "35", "Alamat": "Jl Mekartani kp Cibolang RT 004 RW 009 ", "Desa": 3217130004, "Kecamatan": 3217130, "Kabupaten": 3217, "Koordinat Desa": -6.793, "field_10": 107.571, "Koordinat Calon Lokasi": null, "field_12": null, "field_13": null, "field_14": null, "Penyuluh Kehutanan \nPendamping": null, "Keterangan": null, "CDK": "CDK IV\r" }, "geometry": { "type": "Point", "coordinates": [ 107.571, -6.793 ] } },
{ "type": "Feature", "properties": { "No": 261, "Nama": "Abdul Rohman", "NIK": 3217031008750004, "Usia\n(Tahun)": "50", "Alamat": "Kp. Cipeusing RT 004 RW 003", "Desa": 3217130004, "Kecamatan": 3217130, "Kabupaten": 3217, "Koordinat Desa": -6.793, "field_10": 107.571, "Koordinat Calon Lokasi": null, "field_12": null, "field_13": null, "field_14": null, "Penyuluh Kehutanan \nPendamping": null, "Keterangan": null, "CDK": "CDK IV\r" }, "geometry": { "type": "Point", "coordinates": [ 107.571, -6.793 ] } },
{ "type": "Feature", "properties": { "No": 262, "Nama": "Omay Komara", "NIK": 3217010107810096, "Usia\n(Tahun)": "43", "Alamat": "Kp. Pojok Sukamulya RT 03 RW 11", "Desa": 3217120004, "Kecamatan": 3217120, "Kabupaten": 3217, "Koordinat Desa": -6.844, "field_10": 107.64, "Koordinat Calon Lokasi": null, "field_12": null, "field_13": null, "field_14": null, "Penyuluh Kehutanan \nPendamping": null, "Keterangan": null, "CDK": "CDK IV\r" }, "geometry": { "type": "Point", "coordinates": [ 107.64, -6.844 ] } },
{ "type": "Feature", "properties": { "No": 263, "Nama": "Oja Sanjaya", "NIK": 3217012011780011, "Usia\n(Tahun)": "47", "Alamat": "Kp. Pojok Sukamulya RT 03 RW 11", "Desa": 3217120004, "Kecamatan": 3217120, "Kabupaten": 3217, "Koordinat Desa": -6.844, "field_10": 107.64, "Koordinat Calon Lokasi": null, "field_12": null, "field_13": null, "field_14": null, "Penyuluh Kehutanan \nPendamping": null, "Keterangan": null, "CDK": "CDK IV\r" }, "geometry": { "type": "Point", "coordinates": [ 107.64, -6.844 ] } },
{ "type": "Feature", "properties": { "No": 264, "Nama": "Nandang", "NIK": 3217011202700001, "Usia\n(Tahun)": "56", "Alamat": "Kp. Pojok Sukamulya RT 03 RW 11", "Desa": 3217120004, "Kecamatan": 3217120, "Kabupaten": 3217, "Koordinat Desa": -6.844, "field_10": 107.64, "Koordinat Calon Lokasi": null, "field_12": null, "field_13": null, "field_14": null, "Penyuluh Kehutanan \nPendamping": null, "Keterangan": null, "CDK": "CDK IV\r" }, "geometry": { "type": "Point", "coordinates": [ 107.64, -6.844 ] } },
{ "type": "Feature", "properties": { "No": 265, "Nama": "Enung Nurbiyanti", "NIK": 3204067008660004, "Usia\n(Tahun)": "59", "Alamat": "Kp. Sentak Dulang, RT.001/ RW.012", "Desa": 3204310006, "Kecamatan": 3204310, "Kabupaten": 3204, "Koordinat Desa": -6.853, "field_10": 107.694, "Koordinat Calon Lokasi": null, "field_12": null, "field_13": null, "field_14": null, "Penyuluh Kehutanan \nPendamping": null, "Keterangan": null, "CDK": "CDK V\r" }, "geometry": { "type": "Point", "coordinates": [ 107.694, -6.853 ] } },
{ "type": "Feature", "properties": { "No": 266, "Nama": "Asep Hujana", "NIK": 3204060708720002, "Usia\n(Tahun)": "53", "Alamat": "Kp. Sentak Dulang, RT.003/ RW.012 ", "Desa": 3204310006, "Kecamatan": 3204310, "Kabupaten": 3204, "Koordinat Desa": -6.853, "field_10": 107.694, "Koordinat Calon Lokasi": null, "field_12": null, "field_13": null, "field_14": null, "Penyuluh Kehutanan \nPendamping": null, "Keterangan": null, "CDK": "CDK V\r" }, "geometry": { "type": "Point", "coordinates": [ 107.694, -6.853 ] } },
{ "type": "Feature", "properties": { "No": 267, "Nama": "Entang", "NIK": 3204062007800007, "Usia\n(Tahun)": "45", "Alamat": "Kp. CIkored, RT.002/RW.005, ", "Desa": 3204310006, "Kecamatan": 3204310, "Kabupaten": 3204, "Koordinat Desa": -6.853, "field_10": 107.694, "Koordinat Calon Lokasi": null, "field_12": null, "field_13": null, "field_14": null, "Penyuluh Kehutanan \nPendamping": null, "Keterangan": null, "CDK": "CDK V\r" }, "geometry": { "type": "Point", "coordinates": [ 107.694, -6.853 ] } },
{ "type": "Feature", "properties": { "No": 268, "Nama": "Yadi Supriadi", "NIK": 3204301701820005, "Usia\n(Tahun)": "43", "Alamat": "Kp. Arcamanik, RT.003/RW.004, ", "Desa": 3204310006, "Kecamatan": 3204310, "Kabupaten": 3204, "Koordinat Desa": -6.853, "field_10": 107.694, "Koordinat Calon Lokasi": null, "field_12": null, "field_13": null, "field_14": null, "Penyuluh Kehutanan \nPendamping": null, "Keterangan": null, "CDK": "CDK V\r" }, "geometry": { "type": "Point", "coordinates": [ 107.694, -6.853 ] } },
{ "type": "Feature", "properties": { "No": 269, "Nama": "Ayi Sulaeman", "NIK": 3204061004830014, "Usia\n(Tahun)": "42", "Alamat": "Kp. Pondok Antapani, RT.002/RW.007", "Desa": 3204310006, "Kecamatan": 3204310, "Kabupaten": 3204, "Koordinat Desa": -6.853, "field_10": 107.694, "Koordinat Calon Lokasi": null, "field_12": null, "field_13": null, "field_14": null, "Penyuluh Kehutanan \nPendamping": null, "Keterangan": null, "CDK": "CDK V\r" }, "geometry": { "type": "Point", "coordinates": [ 107.694, -6.853 ] } },
{ "type": "Feature", "properties": { "No": 270, "Nama": "Uye Waryo", "NIK": 3204061205670001, "Usia\n(Tahun)": "58", "Alamat": "Kp. Arcamanik, RT.003/RW.004, ", "Desa": 3204310006, "Kecamatan": 3204310, "Kabupaten": 3204, "Koordinat Desa": -6.853, "field_10": 107.694, "Koordinat Calon Lokasi": null, "field_12": null, "field_13": null, "field_14": null, "Penyuluh Kehutanan \nPendamping": null, "Keterangan": null, "CDK": "CDK V\r" }, "geometry": { "type": "Point", "coordinates": [ 107.694, -6.853 ] } },
{ "type": "Feature", "properties": { "No": 271, "Nama": "Endi Sutisna", "NIK": 3204061108700003, "Usia\n(Tahun)": "55", "Alamat": "Kp. Merakdampit, RT.001/ RW.015", "Desa": 3204310007, "Kecamatan": 3204310, "Kabupaten": 3204, "Koordinat Desa": -6.858, "field_10": 107.67, "Koordinat Calon Lokasi": null, "field_12": null, "field_13": null, "field_14": null, "Penyuluh Kehutanan \nPendamping": null, "Keterangan": null, "CDK": "CDK V\r" }, "geometry": { "type": "Point", "coordinates": [ 107.67, -6.858 ] } },
{ "type": "Feature", "properties": { "No": 272, "Nama": "Iyep", "NIK": 3204061205730013, "Usia\n(Tahun)": "52", "Alamat": "Kp. Merakdampit, RT.001/ RW.015", "Desa": 3204310007, "Kecamatan": 3204310, "Kabupaten": 3204, "Koordinat Desa": -6.858, "field_10": 107.67, "Koordinat Calon Lokasi": null, "field_12": null, "field_13": null, "field_14": null, "Penyuluh Kehutanan \nPendamping": null, "Keterangan": null, "CDK": "CDK V\r" }, "geometry": { "type": "Point", "coordinates": [ 107.67, -6.858 ] } },
{ "type": "Feature", "properties": { "No": 273, "Nama": "Agus Dudi", "NIK": 3204060408830002, "Usia\n(Tahun)": "42", "Alamat": "Kp. Cicayur, RT.002/RW.012 ", "Desa": 3204310007, "Kecamatan": 3204310, "Kabupaten": 3204, "Koordinat Desa": -6.858, "field_10": 107.67, "Koordinat Calon Lokasi": null, "field_12": null, "field_13": null, "field_14": null, "Penyuluh Kehutanan \nPendamping": null, "Keterangan": null, "CDK": "CDK V\r" }, "geometry": { "type": "Point", "coordinates": [ 107.67, -6.858 ] } },
{ "type": "Feature", "properties": { "No": 274, "Nama": "Dedi Supardi", "NIK": 3204061007790002, "Usia\n(Tahun)": "46", "Alamat": "Kp. Patenggang, RT.002/RW.016", "Desa": 3204310007, "Kecamatan": 3204310, "Kabupaten": 3204, "Koordinat Desa": -6.858, "field_10": 107.67, "Koordinat Calon Lokasi": null, "field_12": null, "field_13": null, "field_14": null, "Penyuluh Kehutanan \nPendamping": null, "Keterangan": null, "CDK": "CDK V\r" }, "geometry": { "type": "Point", "coordinates": [ 107.67, -6.858 ] } },
{ "type": "Feature", "properties": { "No": 275, "Nama": "Asep Suryana Saepulloh", "NIK": 3204060106840003, "Usia\n(Tahun)": "41", "Alamat": "Kp. Cicayur, RT.001/RW.012", "Desa": 3204310007, "Kecamatan": 3204310, "Kabupaten": 3204, "Koordinat Desa": -6.858, "field_10": 107.67, "Koordinat Calon Lokasi": null, "field_12": null, "field_13": null, "field_14": null, "Penyuluh Kehutanan \nPendamping": null, "Keterangan": null, "CDK": "CDK V\r" }, "geometry": { "type": "Point", "coordinates": [ 107.67, -6.858 ] } },
{ "type": "Feature", "properties": { "No": 276, "Nama": "Karmad", "NIK": 3204060510650009, "Usia\n(Tahun)": "60", "Alamat": "Kp. Cicayur, RT.002/RW.012 ", "Desa": 3204310007, "Kecamatan": 3204310, "Kabupaten": 3204, "Koordinat Desa": -6.858, "field_10": 107.67, "Koordinat Calon Lokasi": null, "field_12": null, "field_13": null, "field_14": null, "Penyuluh Kehutanan \nPendamping": null, "Keterangan": null, "CDK": "CDK V\r" }, "geometry": { "type": "Point", "coordinates": [ 107.67, -6.858 ] } },
{ "type": "Feature", "properties": { "No": 277, "Nama": "Enjang Juju", "NIK": 3204071811700001, "Usia\n(Tahun)": "55", "Alamat": "Kp. Pasir Jirak, RT.004/RW.005 ", "Desa": 3204300005, "Kecamatan": 3204300, "Kabupaten": 3204, "Koordinat Desa": -6.879, "field_10": 107.728, "Koordinat Calon Lokasi": null, "field_12": null, "field_13": null, "field_14": null, "Penyuluh Kehutanan \nPendamping": null, "Keterangan": null, "CDK": "CDK V\r" }, "geometry": { "type": "Point", "coordinates": [ 107.728, -6.879 ] } },
{ "type": "Feature", "properties": { "No": 278, "Nama": "Kurnia", "NIK": 3204070504640001, "Usia\n(Tahun)": "61", "Alamat": "Kp. Garung, RT.002/RW.009 ", "Desa": 3204300006, "Kecamatan": 3204300, "Kabupaten": 3204, "Koordinat Desa": -6.891, "field_10": 107.734, "Koordinat Calon Lokasi": null, "field_12": null, "field_13": null, "field_14": null, "Penyuluh Kehutanan \nPendamping": null, "Keterangan": null, "CDK": "CDK V\r" }, "geometry": { "type": "Point", "coordinates": [ 107.734, -6.891 ] } },
{ "type": "Feature", "properties": { "No": 279, "Nama": "Deni Susyanto", "NIK": 3204072503830001, "Usia\n(Tahun)": "42", "Alamat": "Kp. Paratag, RT.003/RW.003 ", "Desa": 3204300003, "Kecamatan": 3204300, "Kabupaten": 3204, "Koordinat Desa": -6.882, "field_10": 107.707, "Koordinat Calon Lokasi": null, "field_12": null, "field_13": null, "field_14": null, "Penyuluh Kehutanan \nPendamping": null, "Keterangan": null, "CDK": "CDK V\r" }, "geometry": { "type": "Point", "coordinates": [ 107.707, -6.882 ] } },
{ "type": "Feature", "properties": { "No": 280, "Nama": "Hidayat", "NIK": 3204060903760001, "Usia\n(Tahun)": "49", "Alamat": "Kp. Ciharalang, RT.004/RW.003", "Desa": 3204310008, "Kecamatan": 3204310, "Kabupaten": 3204, "Koordinat Desa": -6.861, "field_10": 107.651, "Koordinat Calon Lokasi": null, "field_12": null, "field_13": null, "field_14": null, "Penyuluh Kehutanan \nPendamping": null, "Keterangan": null, "CDK": "CDK V\r" }, "geometry": { "type": "Point", "coordinates": [ 107.651, -6.861 ] } },
{ "type": "Feature", "properties": { "No": 281, "Nama": "Saryoto", "NIK": 3204061902710001, "Usia\n(Tahun)": "54", "Alamat": "Ciharalang, RT.002/RW.003", "Desa": 3204310008, "Kecamatan": 3204310, "Kabupaten": 3204, "Koordinat Desa": -6.861, "field_10": 107.651, "Koordinat Calon Lokasi": null, "field_12": null, "field_13": null, "field_14": null, "Penyuluh Kehutanan \nPendamping": null, "Keterangan": null, "CDK": "CDK V\r" }, "geometry": { "type": "Point", "coordinates": [ 107.651, -6.861 ] } },
{ "type": "Feature", "properties": { "No": 282, "Nama": "A. Sutiawan", "NIK": 3204060703730005, "Usia\n(Tahun)": "52", "Alamat": "Cibanteng, RT.002/RW.011 ", "Desa": 3204310003, "Kecamatan": 3204310, "Kabupaten": 3204, "Koordinat Desa": -6.873, "field_10": 107.674, "Koordinat Calon Lokasi": null, "field_12": null, "field_13": null, "field_14": null, "Penyuluh Kehutanan \nPendamping": null, "Keterangan": null, "CDK": "CDK V\r" }, "geometry": { "type": "Point", "coordinates": [ 107.674, -6.873 ] } },
{ "type": "Feature", "properties": { "No": 283, "Nama": "Encep Juju", "NIK": 3204060606520002, "Usia\n(Tahun)": "73", "Alamat": "Jl. Pakar Barat No. 63, RT.002/RW.007", "Desa": 3204310009, "Kecamatan": 3204310, "Kabupaten": 3204, "Koordinat Desa": -6.849, "field_10": 107.65, "Koordinat Calon Lokasi": null, "field_12": null, "field_13": null, "field_14": null, "Penyuluh Kehutanan \nPendamping": null, "Keterangan": null, "CDK": "CDK V\r" }, "geometry": { "type": "Point", "coordinates": [ 107.65, -6.849 ] } },
{ "type": "Feature", "properties": { "No": 284, "Nama": "Tata", "NIK": 3204062908600001, "Usia\n(Tahun)": "65", "Alamat": "Kp. Pakar, RT.003/RW.008", "Desa": 3204310009, "Kecamatan": 3204310, "Kabupaten": 3204, "Koordinat Desa": -6.849, "field_10": 107.65, "Koordinat Calon Lokasi": null, "field_12": null, "field_13": null, "field_14": null, "Penyuluh Kehutanan \nPendamping": null, "Keterangan": null, "CDK": "CDK V\r" }, "geometry": { "type": "Point", "coordinates": [ 107.65, -6.849 ] } },
{ "type": "Feature", "properties": { "No": 285, "Nama": "Asep Rohmana", "NIK": 3204061301790002, "Usia\n(Tahun)": "46", "Alamat": "Kp. Ciharegem, RT.002/RW.010", "Desa": 3204310009, "Kecamatan": 3204310, "Kabupaten": 3204, "Koordinat Desa": -6.849, "field_10": 107.65, "Koordinat Calon Lokasi": null, "field_12": null, "field_13": null, "field_14": null, "Penyuluh Kehutanan \nPendamping": null, "Keterangan": null, "CDK": "CDK V\r" }, "geometry": { "type": "Point", "coordinates": [ 107.65, -6.849 ] } },
{ "type": "Feature", "properties": { "No": 286, "Nama": "Mustopa", "NIK": 3204461205770003, "Usia\n(Tahun)": "48", "Alamat": "Kp. Taman Sari, RT.001/RW.008 ", "Desa": 3204150003, "Kecamatan": 3204150, "Kabupaten": 3204, "Koordinat Desa": -7.08, "field_10": 107.63, "Koordinat Calon Lokasi": null, "field_12": null, "field_13": null, "field_14": null, "Penyuluh Kehutanan \nPendamping": null, "Keterangan": null, "CDK": "CDK V\r" }, "geometry": { "type": "Point", "coordinates": [ 107.63, -7.08 ] } },
{ "type": "Feature", "properties": { "No": 287, "Nama": "Sutajaya S.S", "NIK": 3204290708770011, "Usia\n(Tahun)": "48", "Alamat": "Kp. Taman Sari, RT.002/RW.008", "Desa": 3204150003, "Kecamatan": 3204150, "Kabupaten": 3204, "Koordinat Desa": -7.08, "field_10": 107.63, "Koordinat Calon Lokasi": null, "field_12": null, "field_13": null, "field_14": null, "Penyuluh Kehutanan \nPendamping": null, "Keterangan": null, "CDK": "CDK V\r" }, "geometry": { "type": "Point", "coordinates": [ 107.63, -7.08 ] } },
{ "type": "Feature", "properties": { "No": 288, "Nama": "Jaja Sugira", "NIK": 3204160306700003, "Usia\n(Tahun)": "55", "Alamat": "Kp. Ciburuy RT.001/RW.011", "Desa": 3204150003, "Kecamatan": 3204150, "Kabupaten": 3204, "Koordinat Desa": -7.08, "field_10": 107.63, "Koordinat Calon Lokasi": null, "field_12": null, "field_13": null, "field_14": null, "Penyuluh Kehutanan \nPendamping": null, "Keterangan": null, "CDK": "CDK V\r" }, "geometry": { "type": "Point", "coordinates": [ 107.63, -7.08 ] } },
{ "type": "Feature", "properties": { "No": 289, "Nama": "Solihin", "NIK": 3204310401780002, "Usia\n(Tahun)": "52", "Alamat": "Kp. Pinggirsari RT.003/RW.010 ", "Desa": 3204050006, "Kecamatan": 3204050, "Kabupaten": 3204, "Koordinat Desa": -7.193, "field_10": 107.711, "Koordinat Calon Lokasi": null, "field_12": null, "field_13": null, "field_14": null, "Penyuluh Kehutanan \nPendamping": null, "Keterangan": null, "CDK": "CDK V\r" }, "geometry": { "type": "Point", "coordinates": [ 107.711, -7.193 ] } },
{ "type": "Feature", "properties": { "No": 290, "Nama": "Suganda Riyadi", "NIK": 3204310407790005, "Usia\n(Tahun)": "46", "Alamat": "Kp. Puncakmulya RT.001 /RW.007", "Desa": 3204050006, "Kecamatan": 3204050, "Kabupaten": 3204, "Koordinat Desa": -7.193, "field_10": 107.711, "Koordinat Calon Lokasi": null, "field_12": null, "field_13": null, "field_14": null, "Penyuluh Kehutanan \nPendamping": null, "Keterangan": null, "CDK": "CDK V\r" }, "geometry": { "type": "Point", "coordinates": [ 107.711, -7.193 ] } },
{ "type": "Feature", "properties": { "No": 291, "Nama": "Aep Saepudin", "NIK": 3204311010690005, "Usia\n(Tahun)": "54", "Alamat": "Kp. Pinggirsari RT.002/RW.009 ", "Desa": 3204050006, "Kecamatan": 3204050, "Kabupaten": 3204, "Koordinat Desa": -7.193, "field_10": 107.711, "Koordinat Calon Lokasi": null, "field_12": null, "field_13": null, "field_14": null, "Penyuluh Kehutanan \nPendamping": null, "Keterangan": null, "CDK": "CDK V\r" }, "geometry": { "type": "Point", "coordinates": [ 107.711, -7.193 ] } },
{ "type": "Feature", "properties": { "No": 292, "Nama": "Marpudin", "NIK": 3204301012590001, "Usia\n(Tahun)": "66", "Alamat": "Kp. Pereng RT.002/RW.014 ", "Desa": 3204060004, "Kecamatan": 3204060, "Kabupaten": 3204, "Koordinat Desa": -7.123, "field_10": 107.738, "Koordinat Calon Lokasi": null, "field_12": null, "field_13": null, "field_14": null, "Penyuluh Kehutanan \nPendamping": null, "Keterangan": null, "CDK": "CDK V\r" }, "geometry": { "type": "Point", "coordinates": [ 107.738, -7.123 ] } },
{ "type": "Feature", "properties": { "No": 293, "Nama": "Adin Abduloh", "NIK": 3204300107750038, "Usia\n(Tahun)": "53", "Alamat": "Kp. Pereng Pojok RT.002/ RW.011 ", "Desa": 3204060004, "Kecamatan": 3204060, "Kabupaten": 3204, "Koordinat Desa": -7.123, "field_10": 107.738, "Koordinat Calon Lokasi": null, "field_12": null, "field_13": null, "field_14": null, "Penyuluh Kehutanan \nPendamping": null, "Keterangan": null, "CDK": "CDK V\r" }, "geometry": { "type": "Point", "coordinates": [ 107.738, -7.123 ] } },
{ "type": "Feature", "properties": { "No": 294, "Nama": "Ohim", "NIK": 3204302402660001, "Usia\n(Tahun)": "59", "Alamat": "Kp. Pereng RT.004/RW.010", "Desa": 3204060004, "Kecamatan": 3204060, "Kabupaten": 3204, "Koordinat Desa": -7.123, "field_10": 107.738, "Koordinat Calon Lokasi": null, "field_12": null, "field_13": null, "field_14": null, "Penyuluh Kehutanan \nPendamping": null, "Keterangan": null, "CDK": "CDK V\r" }, "geometry": { "type": "Point", "coordinates": [ 107.738, -7.123 ] } },
{ "type": "Feature", "properties": { "No": 295, "Nama": "Ujang Rohimat", "NIK": 3204312803790001, "Usia\n(Tahun)": "46", "Alamat": "Kp. Babakan Citarum, RT.002/ RW.003", "Desa": 3204050003, "Kecamatan": 3204050, "Kabupaten": 3204, "Koordinat Desa": -7.231, "field_10": 107.666, "Koordinat Calon Lokasi": null, "field_12": null, "field_13": null, "field_14": null, "Penyuluh Kehutanan \nPendamping": null, "Keterangan": null, "CDK": "CDK V\r" }, "geometry": { "type": "Point", "coordinates": [ 107.666, -7.231 ] } },
{ "type": "Feature", "properties": { "No": 296, "Nama": "Nika", "NIK": 3204311206590002, "Usia\n(Tahun)": "66", "Alamat": "Kp. Pajaten, RT.005/RW.002 ", "Desa": 3204050003, "Kecamatan": 3204050, "Kabupaten": 3204, "Koordinat Desa": -7.231, "field_10": 107.666, "Koordinat Calon Lokasi": null, "field_12": null, "field_13": null, "field_14": null, "Penyuluh Kehutanan \nPendamping": null, "Keterangan": null, "CDK": "CDK V\r" }, "geometry": { "type": "Point", "coordinates": [ 107.666, -7.231 ] } },
{ "type": "Feature", "properties": { "No": 297, "Nama": "Rohman", "NIK": 3204311507860004, "Usia\n(Tahun)": "40", "Alamat": "Kp. Rawasari, RT.001/RW.019 ", "Desa": 3204050003, "Kecamatan": 3204050, "Kabupaten": 3204, "Koordinat Desa": -7.231, "field_10": 107.666, "Koordinat Calon Lokasi": null, "field_12": null, "field_13": null, "field_14": null, "Penyuluh Kehutanan \nPendamping": null, "Keterangan": null, "CDK": "CDK V\r" }, "geometry": { "type": "Point", "coordinates": [ 107.666, -7.231 ] } },
{ "type": "Feature", "properties": { "No": 298, "Nama": "Amang Mahpudin", "NIK": 3204310303820004, "Usia\n(Tahun)": "43", "Alamat": "Kp. Babakan Citarum, RT.001/ RW.003", "Desa": 3204050003, "Kecamatan": 3204050, "Kabupaten": 3204, "Koordinat Desa": -7.231, "field_10": 107.666, "Koordinat Calon Lokasi": null, "field_12": null, "field_13": null, "field_14": null, "Penyuluh Kehutanan \nPendamping": null, "Keterangan": null, "CDK": "CDK V\r" }, "geometry": { "type": "Point", "coordinates": [ 107.666, -7.231 ] } },
{ "type": "Feature", "properties": { "No": 299, "Nama": "Ade Suryana", "NIK": 3204310705580003, "Usia\n(Tahun)": "67", "Alamat": "Kp. Goha Kidul, RT.004/RW.004 ", "Desa": 3204050003, "Kecamatan": 3204050, "Kabupaten": 3204, "Koordinat Desa": -7.231, "field_10": 107.666, "Koordinat Calon Lokasi": null, "field_12": null, "field_13": null, "field_14": null, "Penyuluh Kehutanan \nPendamping": null, "Keterangan": null, "CDK": "CDK V\r" }, "geometry": { "type": "Point", "coordinates": [ 107.666, -7.231 ] } },
{ "type": "Feature", "properties": { "No": 300, "Nama": "Enjang Edo", "NIK": 3204310108810006, "Usia\n(Tahun)": "44", "Alamat": "Kp. Goha Kidul, RT.004/RW.004 ", "Desa": 3204050003, "Kecamatan": 3204050, "Kabupaten": 3204, "Koordinat Desa": -7.231, "field_10": 107.666, "Koordinat Calon Lokasi": null, "field_12": null, "field_13": null, "field_14": null, "Penyuluh Kehutanan \nPendamping": null, "Keterangan": null, "CDK": "CDK V\r" }, "geometry": { "type": "Point", "coordinates": [ 107.666, -7.231 ] } },
{ "type": "Feature", "properties": { "No": 301, "Nama": "Ayo Nuryadin", "NIK": 3204311806720002, "Usia\n(Tahun)": "53", "Alamat": "Kp. Bukatanah RT.002/RW.009", "Desa": 3204050004, "Kecamatan": 3204050, "Kabupaten": 3204, "Koordinat Desa": -7.21, "field_10": 107.692, "Koordinat Calon Lokasi": null, "field_12": null, "field_13": null, "field_14": null, "Penyuluh Kehutanan \nPendamping": null, "Keterangan": null, "CDK": "CDK V\r" }, "geometry": { "type": "Point", "coordinates": [ 107.692, -7.21 ] } },
{ "type": "Feature", "properties": { "No": 302, "Nama": "Wawan Husni", "NIK": 3204310101630018, "Usia\n(Tahun)": "72", "Alamat": "Kp. Bukatanah RT.001/RW.009 ", "Desa": 3204050004, "Kecamatan": 3204050, "Kabupaten": 3204, "Koordinat Desa": -7.21, "field_10": 107.692, "Koordinat Calon Lokasi": null, "field_12": null, "field_13": null, "field_14": null, "Penyuluh Kehutanan \nPendamping": null, "Keterangan": null, "CDK": "CDK V\r" }, "geometry": { "type": "Point", "coordinates": [ 107.692, -7.21 ] } },
{ "type": "Feature", "properties": { "No": 303, "Nama": "Asep Bambang", "NIK": 3204311902700002, "Usia\n(Tahun)": "52", "Alamat": "Kp. Bukatanah RT.003/RW.009 ", "Desa": 3204050004, "Kecamatan": 3204050, "Kabupaten": 3204, "Koordinat Desa": -7.21, "field_10": 107.692, "Koordinat Calon Lokasi": null, "field_12": null, "field_13": null, "field_14": null, "Penyuluh Kehutanan \nPendamping": null, "Keterangan": null, "CDK": "CDK V\r" }, "geometry": { "type": "Point", "coordinates": [ 107.692, -7.21 ] } },
{ "type": "Feature", "properties": { "No": 304, "Nama": "Cincin Gumilar", "NIK": 3204311103790005, "Usia\n(Tahun)": "52", "Alamat": "Kp. Mekarsari, RT 002/RW.006 ", "Desa": 3204050007, "Kecamatan": 3204050, "Kabupaten": 3204, "Koordinat Desa": -7.166, "field_10": 107.692, "Koordinat Calon Lokasi": null, "field_12": null, "field_13": null, "field_14": null, "Penyuluh Kehutanan \nPendamping": null, "Keterangan": null, "CDK": "CDK V\r" }, "geometry": { "type": "Point", "coordinates": [ 107.692, -7.166 ] } },
{ "type": "Feature", "properties": { "No": 305, "Nama": "Juju Juana", "NIK": 3204311204770005, "Usia\n(Tahun)": "48", "Alamat": "Kp. Pacet, RT.001/RW.002 ", "Desa": 3204050007, "Kecamatan": 3204050, "Kabupaten": 3204, "Koordinat Desa": -7.166, "field_10": 107.692, "Koordinat Calon Lokasi": null, "field_12": null, "field_13": null, "field_14": null, "Penyuluh Kehutanan \nPendamping": null, "Keterangan": null, "CDK": "CDK V\r" }, "geometry": { "type": "Point", "coordinates": [ 107.692, -7.166 ] } },
{ "type": "Feature", "properties": { "No": 306, "Nama": "Ade Kustiana", "NIK": 3204310410760002, "Usia\n(Tahun)": "49", "Alamat": "Kp. Mekarsari, RT 002/RW.006 ", "Desa": 3204050007, "Kecamatan": 3204050, "Kabupaten": 3204, "Koordinat Desa": -7.166, "field_10": 107.692, "Koordinat Calon Lokasi": null, "field_12": null, "field_13": null, "field_14": null, "Penyuluh Kehutanan \nPendamping": null, "Keterangan": null, "CDK": "CDK V\r" }, "geometry": { "type": "Point", "coordinates": [ 107.692, -7.166 ] } },
{ "type": "Feature", "properties": { "No": 307, "Nama": "Atang Ruskanda", "NIK": 3204310903570001, "Usia\n(Tahun)": "68", "Alamat": "Kp. Neglasari, RT.003/RW.023, ", "Desa": 3204050005, "Kecamatan": 3204050, "Kabupaten": 3204, "Koordinat Desa": -7.188, "field_10": 107.668, "Koordinat Calon Lokasi": null, "field_12": null, "field_13": null, "field_14": null, "Penyuluh Kehutanan \nPendamping": null, "Keterangan": null, "CDK": "CDK V\r" }, "geometry": { "type": "Point", "coordinates": [ 107.668, -7.188 ] } },
{ "type": "Feature", "properties": { "No": 308, "Nama": "Rudi Irawan", "NIK": 3204311103790003, "Usia\n(Tahun)": "46", "Alamat": "Kp. Neglasari, RT.003/RW.023", "Desa": 3204050005, "Kecamatan": 3204050, "Kabupaten": 3204, "Koordinat Desa": -7.188, "field_10": 107.668, "Koordinat Calon Lokasi": null, "field_12": null, "field_13": null, "field_14": null, "Penyuluh Kehutanan \nPendamping": null, "Keterangan": null, "CDK": "CDK V\r" }, "geometry": { "type": "Point", "coordinates": [ 107.668, -7.188 ] } },
{ "type": "Feature", "properties": { "No": 309, "Nama": "Sandi Rosadi", "NIK": 3204312508810001, "Usia\n(Tahun)": "44", "Alamat": "Kp. Cibeureum, RT.003/RW.011", "Desa": 3204050005, "Kecamatan": 3204050, "Kabupaten": 3204, "Koordinat Desa": -7.188, "field_10": 107.668, "Koordinat Calon Lokasi": null, "field_12": null, "field_13": null, "field_14": null, "Penyuluh Kehutanan \nPendamping": null, "Keterangan": null, "CDK": "CDK V\r" }, "geometry": { "type": "Point", "coordinates": [ 107.668, -7.188 ] } },
{ "type": "Feature", "properties": { "No": 310, "Nama": "Cucu Mulyana", "NIK": 3204312006720003, "Usia\n(Tahun)": "53", "Alamat": "Kp. Neglasari I, RT.001/RW.007", "Desa": 3204050005, "Kecamatan": 3204050, "Kabupaten": 3204, "Koordinat Desa": -7.188, "field_10": 107.668, "Koordinat Calon Lokasi": null, "field_12": null, "field_13": null, "field_14": null, "Penyuluh Kehutanan \nPendamping": null, "Keterangan": null, "CDK": "CDK V\r" }, "geometry": { "type": "Point", "coordinates": [ 107.668, -7.188 ] } },
{ "type": "Feature", "properties": { "No": 311, "Nama": "Emin Suparmin", "NIK": 3204311109690002, "Usia\n(Tahun)": "56", "Alamat": "Kp. Neglasari, RT.005/RW.023", "Desa": 3204050005, "Kecamatan": 3204050, "Kabupaten": 3204, "Koordinat Desa": -7.188, "field_10": 107.668, "Koordinat Calon Lokasi": null, "field_12": null, "field_13": null, "field_14": null, "Penyuluh Kehutanan \nPendamping": null, "Keterangan": null, "CDK": "CDK V\r" }, "geometry": { "type": "Point", "coordinates": [ 107.668, -7.188 ] } },
{ "type": "Feature", "properties": { "No": 312, "Nama": "Erik Roeslan F.", "NIK": 3204300106820001, "Usia\n(Tahun)": "43", "Alamat": "Kp. Cibodas RT.001/RW.009", "Desa": 3204060012, "Kecamatan": 3204060, "Kabupaten": 3204, "Koordinat Desa": -7.092, "field_10": 107.711, "Koordinat Calon Lokasi": null, "field_12": null, "field_13": null, "field_14": null, "Penyuluh Kehutanan \nPendamping": null, "Keterangan": null, "CDK": "CDK V\r" }, "geometry": { "type": "Point", "coordinates": [ 107.711, -7.092 ] } },
{ "type": "Feature", "properties": { "No": 313, "Nama": "Osa", "NIK": 3204310203700006, "Usia\n(Tahun)": "49", "Alamat": "Kp. Neglasari, RT.001/RW.020", "Desa": 3204050005, "Kecamatan": 3204050, "Kabupaten": 3204, "Koordinat Desa": -7.188, "field_10": 107.668, "Koordinat Calon Lokasi": null, "field_12": null, "field_13": null, "field_14": null, "Penyuluh Kehutanan \nPendamping": null, "Keterangan": null, "CDK": "CDK V\r" }, "geometry": { "type": "Point", "coordinates": [ 107.668, -7.188 ] } },
{ "type": "Feature", "properties": { "No": 314, "Nama": "Iwan Setiawan", "NIK": 3204300304830000, "Usia\n(Tahun)": "42", "Alamat": "Kp. Pasir Buah RT.001/RW.003", "Desa": 3204060009, "Kecamatan": 3204060, "Kabupaten": 3204, "Koordinat Desa": -7.135, "field_10": 107.661, "Koordinat Calon Lokasi": null, "field_12": null, "field_13": null, "field_14": null, "Penyuluh Kehutanan \nPendamping": null, "Keterangan": null, "CDK": "CDK V\r" }, "geometry": { "type": "Point", "coordinates": [ 107.661, -7.135 ] } },
{ "type": "Feature", "properties": { "No": 315, "Nama": "Indra Wiguna", "NIK": 3204312605810001, "Usia\n(Tahun)": "44", "Alamat": "Kp. Neglasari, RT.002/RW.023", "Desa": 3204050005, "Kecamatan": 3204050, "Kabupaten": 3204, "Koordinat Desa": -7.188, "field_10": 107.668, "Koordinat Calon Lokasi": null, "field_12": null, "field_13": null, "field_14": null, "Penyuluh Kehutanan \nPendamping": null, "Keterangan": null, "CDK": "CDK V\r" }, "geometry": { "type": "Point", "coordinates": [ 107.668, -7.188 ] } },
{ "type": "Feature", "properties": { "No": 316, "Nama": "Yadi Suryadi Alfaruq", "NIK": 3204312407840001, "Usia\n(Tahun)": "41", "Alamat": "Kp. Sukasari, RT.003/RW.025 ", "Desa": 3204050005, "Kecamatan": 3204050, "Kabupaten": 3204, "Koordinat Desa": -7.188, "field_10": 107.668, "Koordinat Calon Lokasi": null, "field_12": null, "field_13": null, "field_14": null, "Penyuluh Kehutanan \nPendamping": null, "Keterangan": null, "CDK": "CDK V\r" }, "geometry": { "type": "Point", "coordinates": [ 107.668, -7.188 ] } },
{ "type": "Feature", "properties": { "No": 317, "Nama": "Ayi Dahlan", "NIK": 3204310107650051, "Usia\n(Tahun)": "60", "Alamat": "Kp. Neglasari, RT.004/RW.023", "Desa": 3204050005, "Kecamatan": 3204050, "Kabupaten": 3204, "Koordinat Desa": -7.188, "field_10": 107.668, "Koordinat Calon Lokasi": null, "field_12": null, "field_13": null, "field_14": null, "Penyuluh Kehutanan \nPendamping": null, "Keterangan": null, "CDK": "CDK V\r" }, "geometry": { "type": "Point", "coordinates": [ 107.668, -7.188 ] } },
{ "type": "Feature", "properties": { "No": 318, "Nama": "Akus Kusmarananda", "NIK": 3204312308760001, "Usia\n(Tahun)": "49", "Alamat": "Kp. Lebaksari, RT.001/RW.015", "Desa": 3204050005, "Kecamatan": 3204050, "Kabupaten": 3204, "Koordinat Desa": -7.188, "field_10": 107.668, "Koordinat Calon Lokasi": null, "field_12": null, "field_13": null, "field_14": null, "Penyuluh Kehutanan \nPendamping": null, "Keterangan": null, "CDK": "CDK V\r" }, "geometry": { "type": "Point", "coordinates": [ 107.668, -7.188 ] } },
{ "type": "Feature", "properties": { "No": 319, "Nama": "Wawan Hernawan", "NIK": 3204312701680001, "Usia\n(Tahun)": "58", "Alamat": "Kp. Neglasari, RT.001/RW.023", "Desa": 3204050005, "Kecamatan": 3204050, "Kabupaten": 3204, "Koordinat Desa": -7.188, "field_10": 107.668, "Koordinat Calon Lokasi": null, "field_12": null, "field_13": null, "field_14": null, "Penyuluh Kehutanan \nPendamping": null, "Keterangan": null, "CDK": "CDK V\r" }, "geometry": { "type": "Point", "coordinates": [ 107.668, -7.188 ] } },
{ "type": "Feature", "properties": { "No": 320, "Nama": "Iwan Setiawan", "NIK": 3204311207690006, "Usia\n(Tahun)": "56", "Alamat": "Kp. Sukasari, RT.003/RW.013", "Desa": 3204050005, "Kecamatan": 3204050, "Kabupaten": 3204, "Koordinat Desa": -7.188, "field_10": 107.668, "Koordinat Calon Lokasi": null, "field_12": null, "field_13": null, "field_14": null, "Penyuluh Kehutanan \nPendamping": null, "Keterangan": null, "CDK": "CDK V\r" }, "geometry": { "type": "Point", "coordinates": [ 107.668, -7.188 ] } },
{ "type": "Feature", "properties": { "No": 321, "Nama": "Iwan Hermawan", "NIK": 3204312603720002, "Usia\n(Tahun)": "53", "Alamat": "Kp. Neglasari, RT.005/RW.023", "Desa": 3204050005, "Kecamatan": 3204050, "Kabupaten": 3204, "Koordinat Desa": -7.188, "field_10": 107.668, "Koordinat Calon Lokasi": null, "field_12": null, "field_13": null, "field_14": null, "Penyuluh Kehutanan \nPendamping": null, "Keterangan": null, "CDK": "CDK V\r" }, "geometry": { "type": "Point", "coordinates": [ 107.668, -7.188 ] } },
{ "type": "Feature", "properties": { "No": 322, "Nama": "Ade Suryana", "NIK": 3204310501670002, "Usia\n(Tahun)": "58", "Alamat": "Kp. Neglasari, RT.002/RW.007", "Desa": 3204050005, "Kecamatan": 3204050, "Kabupaten": 3204, "Koordinat Desa": -7.188, "field_10": 107.668, "Koordinat Calon Lokasi": null, "field_12": null, "field_13": null, "field_14": null, "Penyuluh Kehutanan \nPendamping": null, "Keterangan": null, "CDK": "CDK V\r" }, "geometry": { "type": "Point", "coordinates": [ 107.668, -7.188 ] } },
{ "type": "Feature", "properties": { "No": 323, "Nama": "Agus Syarief Hidayat", "NIK": 3204312208820003, "Usia\n(Tahun)": "43", "Alamat": "Kp. Sukasari RT.001/RW.025", "Desa": 3204050005, "Kecamatan": 3204050, "Kabupaten": 3204, "Koordinat Desa": -7.188, "field_10": 107.668, "Koordinat Calon Lokasi": null, "field_12": null, "field_13": null, "field_14": null, "Penyuluh Kehutanan \nPendamping": null, "Keterangan": null, "CDK": "CDK V\r" }, "geometry": { "type": "Point", "coordinates": [ 107.668, -7.188 ] } },
{ "type": "Feature", "properties": { "No": 324, "Nama": "Engkus Kusnadi", "NIK": 3204311102680001, "Usia\n(Tahun)": "58", "Alamat": "Kp. Neglasari, RT.002/RW.007", "Desa": 3204050005, "Kecamatan": 3204050, "Kabupaten": 3204, "Koordinat Desa": -7.188, "field_10": 107.668, "Koordinat Calon Lokasi": null, "field_12": null, "field_13": null, "field_14": null, "Penyuluh Kehutanan \nPendamping": null, "Keterangan": null, "CDK": "CDK V\r" }, "geometry": { "type": "Point", "coordinates": [ 107.668, -7.188 ] } },
{ "type": "Feature", "properties": { "No": 325, "Nama": "Ujang Sarip", "NIK": 3204261903740001, "Usia\n(Tahun)": "49", "Alamat": "Kp. Cibisoro, RT.001/RW.007 ", "Desa": 3204101002, "Kecamatan": 3204101, "Kabupaten": 3204, "Koordinat Desa": -7.039, "field_10": 107.875, "Koordinat Calon Lokasi": null, "field_12": null, "field_13": null, "field_14": null, "Penyuluh Kehutanan \nPendamping": null, "Keterangan": null, "CDK": "CDK V\r" }, "geometry": { "type": "Point", "coordinates": [ 107.875, -7.039 ] } },
{ "type": "Feature", "properties": { "No": 326, "Nama": "Entang Rustandi", "NIK": 3204261408790003, "Usia\n(Tahun)": "45", "Alamat": "Kp. Cibisoro, RT.001/RW.007 ", "Desa": 3204101002, "Kecamatan": 3204101, "Kabupaten": 3204, "Koordinat Desa": -7.039, "field_10": 107.875, "Koordinat Calon Lokasi": null, "field_12": null, "field_13": null, "field_14": null, "Penyuluh Kehutanan \nPendamping": null, "Keterangan": null, "CDK": "CDK V\r" }, "geometry": { "type": "Point", "coordinates": [ 107.875, -7.039 ] } },
{ "type": "Feature", "properties": { "No": 327, "Nama": "Asep Cahyadi", "NIK": 3204260708840001, "Usia\n(Tahun)": "40", "Alamat": "Kp. Cibisoro, RT.001/RW.007 ", "Desa": 3204101002, "Kecamatan": 3204101, "Kabupaten": 3204, "Koordinat Desa": -7.039, "field_10": 107.875, "Koordinat Calon Lokasi": null, "field_12": null, "field_13": null, "field_14": null, "Penyuluh Kehutanan \nPendamping": null, "Keterangan": null, "CDK": "CDK V\r" }, "geometry": { "type": "Point", "coordinates": [ 107.875, -7.039 ] } },
{ "type": "Feature", "properties": { "No": 328, "Nama": "Aripin", "NIK": 3204260107660024, "Usia\n(Tahun)": "62", "Alamat": "Kp. Cinarusa RT.002/RW.001", "Desa": 3204101001, "Kecamatan": 3204101, "Kabupaten": 3204, "Koordinat Desa": -7.037, "field_10": 107.859, "Koordinat Calon Lokasi": null, "field_12": null, "field_13": null, "field_14": null, "Penyuluh Kehutanan \nPendamping": null, "Keterangan": null, "CDK": "CDK V\r" }, "geometry": { "type": "Point", "coordinates": [ 107.859, -7.037 ] } },
{ "type": "Feature", "properties": { "No": 329, "Nama": "Amin", "NIK": 3204260101750038, "Usia\n(Tahun)": "48", "Alamat": "Kp. Cinarusa RT.002/RW.001", "Desa": 3204101001, "Kecamatan": 3204101, "Kabupaten": 3204, "Koordinat Desa": -7.037, "field_10": 107.859, "Koordinat Calon Lokasi": null, "field_12": null, "field_13": null, "field_14": null, "Penyuluh Kehutanan \nPendamping": null, "Keterangan": null, "CDK": "CDK V\r" }, "geometry": { "type": "Point", "coordinates": [ 107.859, -7.037 ] } },
{ "type": "Feature", "properties": { "No": 330, "Nama": "Jajang Supriatna", "NIK": 320426405760002, "Usia\n(Tahun)": "50", "Alamat": "Kp. Cilame RT.001/RW.008", "Desa": 3204101001, "Kecamatan": 3204101, "Kabupaten": 3204, "Koordinat Desa": -7.037, "field_10": 107.859, "Koordinat Calon Lokasi": null, "field_12": null, "field_13": null, "field_14": null, "Penyuluh Kehutanan \nPendamping": null, "Keterangan": null, "CDK": "CDK V\r" }, "geometry": { "type": "Point", "coordinates": [ 107.859, -7.037 ] } },
{ "type": "Feature", "properties": { "No": 331, "Nama": "Tatang Sutardi", "NIK": 3204251807640001, "Usia\n(Tahun)": "61", "Alamat": "Kp.Ciseupang RT. 001 RW. ", "Desa": 3204100001, "Kecamatan": 3204100, "Kabupaten": 3204, "Koordinat Desa": -6.993, "field_10": 107.873, "Koordinat Calon Lokasi": null, "field_12": null, "field_13": null, "field_14": null, "Penyuluh Kehutanan \nPendamping": null, "Keterangan": null, "CDK": "CDK V\r" }, "geometry": { "type": "Point", "coordinates": [ 107.873, -6.993 ] } },
{ "type": "Feature", "properties": { "No": 332, "Nama": "Mahmudin", "NIK": 3204251010680002, "Usia\n(Tahun)": "57", "Alamat": "Kp.Ciseupang RT. 003 RW. 006 ", "Desa": 3204100001, "Kecamatan": 3204100, "Kabupaten": 3204, "Koordinat Desa": -6.993, "field_10": 107.873, "Koordinat Calon Lokasi": null, "field_12": null, "field_13": null, "field_14": null, "Penyuluh Kehutanan \nPendamping": null, "Keterangan": null, "CDK": "CDK V\r" }, "geometry": { "type": "Point", "coordinates": [ 107.873, -6.993 ] } },
{ "type": "Feature", "properties": { "No": 333, "Nama": "Yana Taryana", "NIK": 3204252301740004, "Usia\n(Tahun)": "51", "Alamat": "Kp.Cikahuripan RT. 004 RW. 009 ", "Desa": 3204100001, "Kecamatan": 3204100, "Kabupaten": 3204, "Koordinat Desa": -6.993, "field_10": 107.873, "Koordinat Calon Lokasi": null, "field_12": null, "field_13": null, "field_14": null, "Penyuluh Kehutanan \nPendamping": null, "Keterangan": null, "CDK": "CDK V\r" }, "geometry": { "type": "Point", "coordinates": [ 107.873, -6.993 ] } },
{ "type": "Feature", "properties": { "No": 334, "Nama": "Engkan Karsono", "NIK": 3204150107570130, "Usia\n(Tahun)": "68", "Alamat": "Kampung Baru RT 003 / RW 006 ", "Desa": 3204040013, "Kecamatan": 3204040, "Kabupaten": 3204, "Koordinat Desa": -7.135, "field_10": 107.54, "Koordinat Calon Lokasi": null, "field_12": null, "field_13": null, "field_14": null, "Penyuluh Kehutanan \nPendamping": null, "Keterangan": null, "CDK": "CDK V\r" }, "geometry": { "type": "Point", "coordinates": [ 107.54, -7.135 ] } },
{ "type": "Feature", "properties": { "No": 335, "Nama": "Nur Sodikin", "NIK": 3204130712850009, "Usia\n(Tahun)": "40", "Alamat": "Kampung Baru RT 003 / RW 006 ", "Desa": 3204040013, "Kecamatan": 3204040, "Kabupaten": 3204, "Koordinat Desa": -7.135, "field_10": 107.54, "Koordinat Calon Lokasi": null, "field_12": null, "field_13": null, "field_14": null, "Penyuluh Kehutanan \nPendamping": null, "Keterangan": null, "CDK": "CDK V\r" }, "geometry": { "type": "Point", "coordinates": [ 107.54, -7.135 ] } },
{ "type": "Feature", "properties": { "No": 336, "Nama": "Ayi Komara", "NIK": 3204150701710002, "Usia\n(Tahun)": "55", "Alamat": "Kp cisaninten Desa Lamajang ", "Desa": 3204040013, "Kecamatan": 3204040, "Kabupaten": 3204, "Koordinat Desa": -7.135, "field_10": 107.54, "Koordinat Calon Lokasi": null, "field_12": null, "field_13": null, "field_14": null, "Penyuluh Kehutanan \nPendamping": null, "Keterangan": null, "CDK": "CDK V\r" }, "geometry": { "type": "Point", "coordinates": [ 107.54, -7.135 ] } },
{ "type": "Feature", "properties": { "No": 337, "Nama": "Yoyo", "NIK": 3204130407750007, "Usia\n(Tahun)": "51", "Alamat": "Kp. Wangun RT 2 RW 12 ", "Desa": 3204160011, "Kecamatan": 3204160, "Kabupaten": 3204, "Koordinat Desa": -7.102, "field_10": 107.599, "Koordinat Calon Lokasi": null, "field_12": null, "field_13": null, "field_14": null, "Penyuluh Kehutanan \nPendamping": null, "Keterangan": null, "CDK": "CDK V\r" }, "geometry": { "type": "Point", "coordinates": [ 107.599, -7.102 ] } },
{ "type": "Feature", "properties": { "No": 338, "Nama": "Wahyu Kuirnia", "NIK": 3204130405840002, "Usia\n(Tahun)": "42", "Alamat": "Kp. Wangun RT 2 RW 12 ", "Desa": 3204160011, "Kecamatan": 3204160, "Kabupaten": 3204, "Koordinat Desa": -7.102, "field_10": 107.599, "Koordinat Calon Lokasi": null, "field_12": null, "field_13": null, "field_14": null, "Penyuluh Kehutanan \nPendamping": null, "Keterangan": null, "CDK": "CDK V\r" }, "geometry": { "type": "Point", "coordinates": [ 107.599, -7.102 ] } },
{ "type": "Feature", "properties": { "No": 339, "Nama": "Deden Ipan", "NIK": 3204172301840002, "Usia\n(Tahun)": "42", "Alamat": "Kp. Campaka, RT.1 RW 7", "Desa": 3204030005, "Kecamatan": 3204030, "Kabupaten": 3204, "Koordinat Desa": -7.119, "field_10": 107.606, "Koordinat Calon Lokasi": null, "field_12": null, "field_13": null, "field_14": null, "Penyuluh Kehutanan \nPendamping": null, "Keterangan": null, "CDK": "CDK V\r" }, "geometry": { "type": "Point", "coordinates": [ 107.606, -7.119 ] } },
{ "type": "Feature", "properties": { "No": 340, "Nama": "Ajat Sudrajat", "NIK": 3206033112700002, "Usia\n(Tahun)": "56", "Alamat": "Kp. Bantarpari RT 002 RW 001", "Desa": 3206030011, "Kecamatan": 3206030, "Kabupaten": 3206, "Koordinat Desa": -7.789, "field_10": 108.245, "Koordinat Calon Lokasi": null, "field_12": null, "field_13": null, "field_14": null, "Penyuluh Kehutanan \nPendamping": null, "Keterangan": null, "CDK": "CDK VI\r" }, "geometry": { "type": "Point", "coordinates": [ 108.245, -7.789 ] } },
{ "type": "Feature", "properties": { "No": 341, "Nama": "Edi Dimiyati", "NIK": 3206030107710102, "Usia\n(Tahun)": "56", "Alamat": "Kp. Cijulangadeg RT 003 RW 007", "Desa": 3206030001, "Kecamatan": 3206030, "Kabupaten": 3206, "Koordinat Desa": -7.779, "field_10": 108.184, "Koordinat Calon Lokasi": null, "field_12": null, "field_13": null, "field_14": null, "Penyuluh Kehutanan \nPendamping": null, "Keterangan": null, "CDK": "CDK VI\r" }, "geometry": { "type": "Point", "coordinates": [ 108.184, -7.779 ] } },
{ "type": "Feature", "properties": { "No": 342, "Nama": "Anas Nasrudin", "NIK": 3206031010770005, "Usia\n(Tahun)": "56", "Alamat": "Kp. Setiamulya RT 002 RW 11", "Desa": 3206030012, "Kecamatan": 3206030, "Kabupaten": 3206, "Koordinat Desa": -7.792, "field_10": 108.281, "Koordinat Calon Lokasi": null, "field_12": null, "field_13": null, "field_14": null, "Penyuluh Kehutanan \nPendamping": null, "Keterangan": null, "CDK": "CDK VI\r" }, "geometry": { "type": "Point", "coordinates": [ 108.281, -7.792 ] } },
{ "type": "Feature", "properties": { "No": 343, "Nama": "Kankan", "NIK": 3206051703640001, "Usia\n(Tahun)": "62", "Alamat": "Kp. Parunggolong RT 024 RW 005", "Desa": 3206050006, "Kecamatan": 3206050, "Kabupaten": 3206, "Koordinat Desa": -7.586, "field_10": 108.269, "Koordinat Calon Lokasi": null, "field_12": null, "field_13": null, "field_14": null, "Penyuluh Kehutanan \nPendamping": null, "Keterangan": null, "CDK": "CDK VI\r" }, "geometry": { "type": "Point", "coordinates": [ 108.269, -7.586 ] } },
{ "type": "Feature", "properties": { "No": 344, "Nama": "Wawan Kusmawan", "NIK": 6301093005740001, "Usia\n(Tahun)": "52", "Alamat": "Kp. Pakemitan Ii RT 009 RW 005", "Desa": 3206050004, "Kecamatan": 3206050, "Kabupaten": 3206, "Koordinat Desa": -7.616, "field_10": 108.252, "Koordinat Calon Lokasi": null, "field_12": null, "field_13": null, "field_14": null, "Penyuluh Kehutanan \nPendamping": null, "Keterangan": null, "CDK": "CDK VI\r" }, "geometry": { "type": "Point", "coordinates": [ 108.252, -7.616 ] } },
{ "type": "Feature", "properties": { "No": 345, "Nama": "Dani Supriadi", "NIK": 3206050507780001, "Usia\n(Tahun)": "47", "Alamat": "Kp. Citereup RT 002 RW 013", "Desa": 3206050004, "Kecamatan": 3206050, "Kabupaten": 3206, "Koordinat Desa": -7.616, "field_10": 108.252, "Koordinat Calon Lokasi": null, "field_12": null, "field_13": null, "field_14": null, "Penyuluh Kehutanan \nPendamping": null, "Keterangan": null, "CDK": "CDK VI\r" }, "geometry": { "type": "Point", "coordinates": [ 108.252, -7.616 ] } },
{ "type": "Feature", "properties": { "No": 346, "Nama": "Ahmad", "NIK": 3206010904680005, "Usia\n(Tahun)": "60", "Alamat": "Kp. Cibatear RT 003 RW 013", "Desa": 3206072001, "Kecamatan": 3206072, "Kabupaten": 3206, "Koordinat Desa": -7.63, "field_10": 108.025, "Koordinat Calon Lokasi": null, "field_12": null, "field_13": null, "field_14": null, "Penyuluh Kehutanan \nPendamping": null, "Keterangan": null, "CDK": "CDK VI\r" }, "geometry": { "type": "Point", "coordinates": [ 108.025, -7.63 ] } },
{ "type": "Feature", "properties": { "No": 347, "Nama": "Mamat Ruhimat", "NIK": 3206101506710004, "Usia\n(Tahun)": "55", "Alamat": "Kp. Cibarengkok RT 010 RW 012", "Desa": 3206072003, "Kecamatan": 3206072, "Kabupaten": 3206, "Koordinat Desa": -7.589, "field_10": 108.012, "Koordinat Calon Lokasi": null, "field_12": null, "field_13": null, "field_14": null, "Penyuluh Kehutanan \nPendamping": null, "Keterangan": null, "CDK": "CDK VI\r" }, "geometry": { "type": "Point", "coordinates": [ 108.012, -7.589 ] } },
{ "type": "Feature", "properties": { "No": 348, "Nama": "Mansur Suryana", "NIK": 3206101210750004, "Usia\n(Tahun)": "51", "Alamat": "Kp. Culamega RT 001 RW 001", "Desa": 3206072001, "Kecamatan": 3206072, "Kabupaten": 3206, "Koordinat Desa": -7.63, "field_10": 108.025, "Koordinat Calon Lokasi": null, "field_12": null, "field_13": null, "field_14": null, "Penyuluh Kehutanan \nPendamping": null, "Keterangan": null, "CDK": "CDK VI\r" }, "geometry": { "type": "Point", "coordinates": [ 108.025, -7.63 ] } },
{ "type": "Feature", "properties": { "No": 349, "Nama": "Jalil Sutisna", "NIK": 3206270107620372, "Usia\n(Tahun)": "64", "Alamat": "Kp. Kampung Kadupugur RT 22 RW 07", "Desa": 3206200011, "Kecamatan": 3206200, "Kabupaten": 3206, "Koordinat Desa": -7.316, "field_10": 108.035, "Koordinat Calon Lokasi": null, "field_12": null, "field_13": null, "field_14": null, "Penyuluh Kehutanan \nPendamping": null, "Keterangan": null, "CDK": "CDK VI\r" }, "geometry": { "type": "Point", "coordinates": [ 108.035, -7.316 ] } },
{ "type": "Feature", "properties": { "No": 350, "Nama": "Elim", "NIK": 3206271803660002, "Usia\n(Tahun)": "60", "Alamat": "Kp. Cigalontang RT 002 RW 005", "Desa": 3206200013, "Kecamatan": 3206200, "Kabupaten": 3206, "Koordinat Desa": -7.302, "field_10": 107.997, "Koordinat Calon Lokasi": null, "field_12": null, "field_13": null, "field_14": null, "Penyuluh Kehutanan \nPendamping": null, "Keterangan": null, "CDK": "CDK VI\r" }, "geometry": { "type": "Point", "coordinates": [ 107.997, -7.302 ] } },
{ "type": "Feature", "properties": { "No": 351, "Nama": "Ejen", "NIK": 3206271509610005, "Usia\n(Tahun)": "65", "Alamat": "Kp. Cigalontang RT 018 RW 006", "Desa": 3206200013, "Kecamatan": 3206200, "Kabupaten": 3206, "Koordinat Desa": -7.302, "field_10": 107.997, "Koordinat Calon Lokasi": null, "field_12": null, "field_13": null, "field_14": null, "Penyuluh Kehutanan \nPendamping": null, "Keterangan": null, "CDK": "CDK VI\r" }, "geometry": { "type": "Point", "coordinates": [ 107.997, -7.302 ] } },
{ "type": "Feature", "properties": { "No": 352, "Nama": "Nunu", "NIK": 3206121203730001, "Usia\n(Tahun)": "52", "Alamat": "Kp. Curugdampit RT 021 RW 009", "Desa": 3206090001, "Kecamatan": 3206090, "Kabupaten": 3206, "Koordinat Desa": -7.502, "field_10": 108.006, "Koordinat Calon Lokasi": null, "field_12": null, "field_13": null, "field_14": null, "Penyuluh Kehutanan \nPendamping": null, "Keterangan": null, "CDK": "CDK VI\r" }, "geometry": { "type": "Point", "coordinates": [ 108.006, -7.502 ] } },
{ "type": "Feature", "properties": { "No": 353, "Nama": "Kostaman", "NIK": 3206122312650001, "Usia\n(Tahun)": "60", "Alamat": "Kp. Cikaso RT 001 RW 001", "Desa": 3206090001, "Kecamatan": 3206090, "Kabupaten": 3206, "Koordinat Desa": -7.502, "field_10": 108.006, "Koordinat Calon Lokasi": null, "field_12": null, "field_13": null, "field_14": null, "Penyuluh Kehutanan \nPendamping": null, "Keterangan": null, "CDK": "CDK VI\r" }, "geometry": { "type": "Point", "coordinates": [ 108.006, -7.502 ] } },
{ "type": "Feature", "properties": { "No": 354, "Nama": "Patudin", "NIK": 3206120107500416, "Usia\n(Tahun)": "63", "Alamat": "Kp. Cikubang RT 023 RW 010", "Desa": 3206090001, "Kecamatan": 3206090, "Kabupaten": 3206, "Koordinat Desa": -7.502, "field_10": 108.006, "Koordinat Calon Lokasi": null, "field_12": null, "field_13": null, "field_14": null, "Penyuluh Kehutanan \nPendamping": null, "Keterangan": null, "CDK": "CDK VI\r" }, "geometry": { "type": "Point", "coordinates": [ 108.006, -7.502 ] } },
{ "type": "Feature", "properties": { "No": 355, "Nama": "Andi Sopandi", "NIK": 3206292412840005, "Usia\n(Tahun)": "41", "Alamat": "Kp. Sukajaya RT 007 RW 003", "Desa": 3206161003, "Kecamatan": 3206161, "Kabupaten": 3206, "Koordinat Desa": -7.43, "field_10": 108.303, "Koordinat Calon Lokasi": null, "field_12": null, "field_13": null, "field_14": null, "Penyuluh Kehutanan \nPendamping": null, "Keterangan": null, "CDK": "CDK VI\r" }, "geometry": { "type": "Point", "coordinates": [ 108.303, -7.43 ] } },
{ "type": "Feature", "properties": { "No": 356, "Nama": "Rosid", "NIK": 3206230102720004, "Usia\n(Tahun)": "53", "Alamat": "Kp. Sukajaya RT 008 RW 003", "Desa": 3206161003, "Kecamatan": 3206161, "Kabupaten": 3206, "Koordinat Desa": -7.43, "field_10": 108.303, "Koordinat Calon Lokasi": null, "field_12": null, "field_13": null, "field_14": null, "Penyuluh Kehutanan \nPendamping": null, "Keterangan": null, "CDK": "CDK VI\r" }, "geometry": { "type": "Point", "coordinates": [ 108.303, -7.43 ] } },
{ "type": "Feature", "properties": { "No": 357, "Nama": "Yana Mulyadin", "NIK": 3206232007830005, "Usia\n(Tahun)": "42", "Alamat": "Kp. Pasirmuncang RT 014 RW 005", "Desa": 3206161004, "Kecamatan": 3206161, "Kabupaten": 3206, "Koordinat Desa": -7.413, "field_10": 108.311, "Koordinat Calon Lokasi": null, "field_12": null, "field_13": null, "field_14": null, "Penyuluh Kehutanan \nPendamping": null, "Keterangan": null, "CDK": "CDK VI\r" }, "geometry": { "type": "Point", "coordinates": [ 108.311, -7.413 ] } },
{ "type": "Feature", "properties": { "No": 358, "Nama": "Ading Susanto", "NIK": 3206371004710001, "Usia\n(Tahun)": "54", "Alamat": "Kp. Trowek RT 006 RW 004", "Desa": 3206261004, "Kecamatan": 3206261, "Kabupaten": 3206, "Koordinat Desa": -7.136, "field_10": 108.105, "Koordinat Calon Lokasi": null, "field_12": null, "field_13": null, "field_14": null, "Penyuluh Kehutanan \nPendamping": null, "Keterangan": null, "CDK": "CDK VI\r" }, "geometry": { "type": "Point", "coordinates": [ 108.105, -7.136 ] } },
{ "type": "Feature", "properties": { "No": 359, "Nama": "Dudung Sunarwan", "NIK": 3206370611680001, "Usia\n(Tahun)": "55", "Alamat": "Kp. Ciselang RT 003 RW 003", "Desa": 3206261006, "Kecamatan": 3206261, "Kabupaten": 3206, "Koordinat Desa": -7.121, "field_10": 108.092, "Koordinat Calon Lokasi": null, "field_12": null, "field_13": null, "field_14": null, "Penyuluh Kehutanan \nPendamping": null, "Keterangan": null, "CDK": "CDK VI\r" }, "geometry": { "type": "Point", "coordinates": [ 108.092, -7.121 ] } },
{ "type": "Feature", "properties": { "No": 360, "Nama": "Robani Robi", "NIK": 3206372202780003, "Usia\n(Tahun)": "48", "Alamat": "Kp. Cipurut RT 001 RW 008", "Desa": 3206261003, "Kecamatan": 3206261, "Kabupaten": 3206, "Koordinat Desa": -7.138, "field_10": 108.127, "Koordinat Calon Lokasi": null, "field_12": null, "field_13": null, "field_14": null, "Penyuluh Kehutanan \nPendamping": null, "Keterangan": null, "CDK": "CDK VI\r" }, "geometry": { "type": "Point", "coordinates": [ 108.127, -7.138 ] } },
{ "type": "Feature", "properties": { "No": 361, "Nama": "Soni Solehudin", "NIK": 3278050605860006, "Usia\n(Tahun)": "40", "Alamat": "Kp. Anaka RT 001 RW 008", "Desa": 3278010002, "Kecamatan": 3278010, "Kabupaten": 3278, "Koordinat Desa": -7.43, "field_10": 108.207, "Koordinat Calon Lokasi": null, "field_12": null, "field_13": null, "field_14": null, "Penyuluh Kehutanan \nPendamping": null, "Keterangan": null, "CDK": "CDK VI\r" }, "geometry": { "type": "Point", "coordinates": [ 108.207, -7.43 ] } },
{ "type": "Feature", "properties": { "No": 362, "Nama": "Budiyana", "NIK": 3278051011770003, "Usia\n(Tahun)": "48", "Alamat": "Kp. Sukajaya RT 001 RW 009", "Desa": 3278010002, "Kecamatan": 3278010, "Kabupaten": 3278, "Koordinat Desa": -7.43, "field_10": 108.207, "Koordinat Calon Lokasi": null, "field_12": null, "field_13": null, "field_14": null, "Penyuluh Kehutanan \nPendamping": null, "Keterangan": null, "CDK": "CDK VI\r" }, "geometry": { "type": "Point", "coordinates": [ 108.207, -7.43 ] } },
{ "type": "Feature", "properties": { "No": 363, "Nama": "Heri Irawan", "NIK": 3278051810800004, "Usia\n(Tahun)": "45", "Alamat": "Kp. Urug Lapang, RT 001 RW 001", "Desa": 3278010002, "Kecamatan": 3278010, "Kabupaten": 3278, "Koordinat Desa": -7.43, "field_10": 108.207, "Koordinat Calon Lokasi": null, "field_12": null, "field_13": null, "field_14": null, "Penyuluh Kehutanan \nPendamping": null, "Keterangan": null, "CDK": "CDK VI\r" }, "geometry": { "type": "Point", "coordinates": [ 108.207, -7.43 ] } },
{ "type": "Feature", "properties": { "No": 364, "Nama": "Nasrudin", "NIK": 3206380107640118, "Usia\n(Tahun)": "62", "Alamat": "Kp. Cikadu RT 003 RW 010", "Desa": 3206270016, "Kecamatan": 3206270, "Kabupaten": 3206, "Koordinat Desa": -7.089, "field_10": 108.193, "Koordinat Calon Lokasi": null, "field_12": null, "field_13": null, "field_14": null, "Penyuluh Kehutanan \nPendamping": null, "Keterangan": null, "CDK": "CDK VI\r" }, "geometry": { "type": "Point", "coordinates": [ 108.193, -7.089 ] } },
{ "type": "Feature", "properties": { "No": 365, "Nama": "Asep Hidayat", "NIK": 3206362408610001, "Usia\n(Tahun)": "65", "Alamat": "Kp. Cikadu RT 001 RW 010", "Desa": 3206270016, "Kecamatan": 3206270, "Kabupaten": 3206, "Koordinat Desa": -7.089, "field_10": 108.193, "Koordinat Calon Lokasi": null, "field_12": null, "field_13": null, "field_14": null, "Penyuluh Kehutanan \nPendamping": null, "Keterangan": null, "CDK": "CDK VI\r" }, "geometry": { "type": "Point", "coordinates": [ 108.193, -7.089 ] } },
{ "type": "Feature", "properties": { "No": 366, "Nama": "Amin", "NIK": 3206380107660140, "Usia\n(Tahun)": "59", "Alamat": "Kp. Bojot RT 001 RW 008", "Desa": 3206270018, "Kecamatan": 3206270, "Kabupaten": 3206, "Koordinat Desa": -7.093, "field_10": 108.148, "Koordinat Calon Lokasi": null, "field_12": null, "field_13": null, "field_14": null, "Penyuluh Kehutanan \nPendamping": null, "Keterangan": null, "CDK": "CDK VI\r" }, "geometry": { "type": "Point", "coordinates": [ 108.148, -7.093 ] } },
{ "type": "Feature", "properties": { "No": 367, "Nama": "Dedi Suryadi", "NIK": 3206141605610001, "Usia\n(Tahun)": "63", "Alamat": "Kp. Cikiray RT 030 RW 006", "Desa": 3206110018, "Kecamatan": 3206110, "Kabupaten": 3206, "Koordinat Desa": -7.381, "field_10": 108.021, "Koordinat Calon Lokasi": null, "field_12": null, "field_13": null, "field_14": null, "Penyuluh Kehutanan \nPendamping": null, "Keterangan": null, "CDK": "CDK VI\r" }, "geometry": { "type": "Point", "coordinates": [ 108.021, -7.381 ] } },
{ "type": "Feature", "properties": { "No": 368, "Nama": "E. Saepuloh", "NIK": 3206140709730003, "Usia\n(Tahun)": "52", "Alamat": "Kp. Cikiray RT 022 RW 006", "Desa": 3206110018, "Kecamatan": 3206110, "Kabupaten": 3206, "Koordinat Desa": -7.381, "field_10": 108.021, "Koordinat Calon Lokasi": null, "field_12": null, "field_13": null, "field_14": null, "Penyuluh Kehutanan \nPendamping": null, "Keterangan": null, "CDK": "CDK VI\r" }, "geometry": { "type": "Point", "coordinates": [ 108.021, -7.381 ] } },
{ "type": "Feature", "properties": { "No": 369, "Nama": "Nandang Sutisna", "NIK": 3206141704720001, "Usia\n(Tahun)": "49", "Alamat": "Kp. Cikiray RT 030 RW 006", "Desa": 3206110018, "Kecamatan": 3206110, "Kabupaten": 3206, "Koordinat Desa": -7.381, "field_10": 108.021, "Koordinat Calon Lokasi": null, "field_12": null, "field_13": null, "field_14": null, "Penyuluh Kehutanan \nPendamping": null, "Keterangan": null, "CDK": "CDK VI\r" }, "geometry": { "type": "Point", "coordinates": [ 108.021, -7.381 ] } },
{ "type": "Feature", "properties": { "No": 370, "Nama": "Matin", "NIK": 3206080407760002, "Usia\n(Tahun)": "49", "Alamat": "Kp. Panyalahan RT 001 RW 003", "Desa": 3206070009, "Kecamatan": 3206070, "Kabupaten": 3206, "Koordinat Desa": -7.569, "field_10": 108.078, "Koordinat Calon Lokasi": null, "field_12": null, "field_13": null, "field_14": null, "Penyuluh Kehutanan \nPendamping": null, "Keterangan": null, "CDK": "CDK VI\r" }, "geometry": { "type": "Point", "coordinates": [ 108.078, -7.569 ] } },
{ "type": "Feature", "properties": { "No": 371, "Nama": "E. Badrusalam", "NIK": 3206081505660003, "Usia\n(Tahun)": "59", "Alamat": "Kp. Panyalahan RT 004 RW 003", "Desa": 3206070009, "Kecamatan": 3206070, "Kabupaten": 3206, "Koordinat Desa": -7.569, "field_10": 108.078, "Koordinat Calon Lokasi": null, "field_12": null, "field_13": null, "field_14": null, "Penyuluh Kehutanan \nPendamping": null, "Keterangan": null, "CDK": "CDK VI\r" }, "geometry": { "type": "Point", "coordinates": [ 108.078, -7.569 ] } },
{ "type": "Feature", "properties": { "No": 372, "Nama": "Rondi", "NIK": 3206081010820004, "Usia\n(Tahun)": "42", "Alamat": "Kp. Pamijahan RT 011 RW 002", "Desa": 3206070009, "Kecamatan": 3206070, "Kabupaten": 3206, "Koordinat Desa": -7.569, "field_10": 108.078, "Koordinat Calon Lokasi": null, "field_12": null, "field_13": null, "field_14": null, "Penyuluh Kehutanan \nPendamping": null, "Keterangan": null, "CDK": "CDK VI\r" }, "geometry": { "type": "Point", "coordinates": [ 108.078, -7.569 ] } },
{ "type": "Feature", "properties": { "No": 373, "Nama": "Shafar", "NIK": 3206090106770001, "Usia\n(Tahun)": "48", "Alamat": "Kp. Nagrak RT 001 RW 003", "Desa": 3206071001, "Kecamatan": 3206071, "Kabupaten": 3206, "Koordinat Desa": -7.574, "field_10": 108.12, "Koordinat Calon Lokasi": null, "field_12": null, "field_13": null, "field_14": null, "Penyuluh Kehutanan \nPendamping": null, "Keterangan": null, "CDK": "CDK VI\r" }, "geometry": { "type": "Point", "coordinates": [ 108.12, -7.574 ] } },
{ "type": "Feature", "properties": { "No": 374, "Nama": "Mamat", "NIK": 3206090112600001, "Usia\n(Tahun)": "56", "Alamat": "Kp. Cipaku RT 001 RW 005", "Desa": 3206071003, "Kecamatan": 3206071, "Kabupaten": 3206, "Koordinat Desa": -7.547, "field_10": 108.153, "Koordinat Calon Lokasi": null, "field_12": null, "field_13": null, "field_14": null, "Penyuluh Kehutanan \nPendamping": null, "Keterangan": null, "CDK": "CDK VI\r" }, "geometry": { "type": "Point", "coordinates": [ 108.153, -7.547 ] } },
{ "type": "Feature", "properties": { "No": 375, "Nama": "Naya", "NIK": 3206091605640001, "Usia\n(Tahun)": "60", "Alamat": "Kp. Cipaku RT 001 RW 005", "Desa": 3206071003, "Kecamatan": 3206071, "Kabupaten": 3206, "Koordinat Desa": -7.547, "field_10": 108.153, "Koordinat Calon Lokasi": null, "field_12": null, "field_13": null, "field_14": null, "Penyuluh Kehutanan \nPendamping": null, "Keterangan": null, "CDK": "CDK VI\r" }, "geometry": { "type": "Point", "coordinates": [ 108.153, -7.547 ] } },
{ "type": "Feature", "properties": { "No": 376, "Nama": "Jejen", "NIK": 3206111506740001, "Usia\n(Tahun)": "52", "Alamat": "Kp. Cibeureum RT 003 RW 002", "Desa": 3206080003, "Kecamatan": 3206080, "Kabupaten": 3206, "Koordinat Desa": -7.567, "field_10": 107.954, "Koordinat Calon Lokasi": null, "field_12": null, "field_13": null, "field_14": null, "Penyuluh Kehutanan \nPendamping": null, "Keterangan": null, "CDK": "CDK VI\r" }, "geometry": { "type": "Point", "coordinates": [ 107.954, -7.567 ] } },
{ "type": "Feature", "properties": { "No": 377, "Nama": "Oman", "NIK": 3206110811760001, "Usia\n(Tahun)": "50", "Alamat": "Kp. Pasirnagara RT 004 RW 004", "Desa": 3206080003, "Kecamatan": 3206080, "Kabupaten": 3206, "Koordinat Desa": -7.567, "field_10": 107.954, "Koordinat Calon Lokasi": null, "field_12": null, "field_13": null, "field_14": null, "Penyuluh Kehutanan \nPendamping": null, "Keterangan": null, "CDK": "CDK VI\r" }, "geometry": { "type": "Point", "coordinates": [ 107.954, -7.567 ] } },
{ "type": "Feature", "properties": { "No": 378, "Nama": "Solehudin", "NIK": 3206111601830001, "Usia\n(Tahun)": "43", "Alamat": "Kp. Cibeureum RT 004 RW 003", "Desa": 3206080003, "Kecamatan": 3206080, "Kabupaten": 3206, "Koordinat Desa": -7.567, "field_10": 107.954, "Koordinat Calon Lokasi": null, "field_12": null, "field_13": null, "field_14": null, "Penyuluh Kehutanan \nPendamping": null, "Keterangan": null, "CDK": "CDK VI\r" }, "geometry": { "type": "Point", "coordinates": [ 107.954, -7.567 ] } },
{ "type": "Feature", "properties": { "No": 379, "Nama": "Saehu", "NIK": 3206021004710001, "Usia\n(Tahun)": "54", "Alamat": "Kp. Cidadap RT 003 RW 001", "Desa": 3206020001, "Kecamatan": 3206020, "Kabupaten": 3206, "Koordinat Desa": -7.768, "field_10": 108.138, "Koordinat Calon Lokasi": null, "field_12": null, "field_13": null, "field_14": null, "Penyuluh Kehutanan \nPendamping": null, "Keterangan": null, "CDK": "CDK VI\r" }, "geometry": { "type": "Point", "coordinates": [ 108.138, -7.768 ] } },
{ "type": "Feature", "properties": { "No": 380, "Nama": "Iwa Purwana", "NIK": 3206010511740002, "Usia\n(Tahun)": "51", "Alamat": "Kp. Panglayungan RT 005 RW 001", "Desa": 3206010003, "Kecamatan": 3206010, "Kabupaten": 3206, "Koordinat Desa": -7.716, "field_10": 107.999, "Koordinat Calon Lokasi": null, "field_12": null, "field_13": null, "field_14": null, "Penyuluh Kehutanan \nPendamping": null, "Keterangan": null, "CDK": "CDK VI\r" }, "geometry": { "type": "Point", "coordinates": [ 107.999, -7.716 ] } },
{ "type": "Feature", "properties": { "No": 381, "Nama": "Dulia", "NIK": 3206011406570002, "Usia\n(Tahun)": "69", "Alamat": "Kp. Cisaat 2 RT 010 RW 002", "Desa": 3206010005, "Kecamatan": 3206010, "Kabupaten": 3206, "Koordinat Desa": -7.745, "field_10": 108.057, "Koordinat Calon Lokasi": null, "field_12": null, "field_13": null, "field_14": null, "Penyuluh Kehutanan \nPendamping": null, "Keterangan": null, "CDK": "CDK VI\r" }, "geometry": { "type": "Point", "coordinates": [ 108.057, -7.745 ] } },
{ "type": "Feature", "properties": { "No": 382, "Nama": "Mahesa Zam Zam Zaitun", "NIK": 3204052508790002, "Usia\n(Tahun)": "47", "Alamat": "Kp. Selareuma RT 020 RW 008", "Desa": 3206210008, "Kecamatan": 3206210, "Kabupaten": 3206, "Koordinat Desa": -7.319, "field_10": 108.102, "Koordinat Calon Lokasi": null, "field_12": null, "field_13": null, "field_14": null, "Penyuluh Kehutanan \nPendamping": null, "Keterangan": null, "CDK": "CDK VI\r" }, "geometry": { "type": "Point", "coordinates": [ 108.102, -7.319 ] } },
{ "type": "Feature", "properties": { "No": 383, "Nama": "Dadang Koswana", "NIK": 3206301005740002, "Usia\n(Tahun)": "52", "Alamat": "Kp. Malaganti RT 001 RW 003", "Desa": 3206211008, "Kecamatan": 3206211, "Kabupaten": 3206, "Koordinat Desa": -7.273, "field_10": 108.046, "Koordinat Calon Lokasi": null, "field_12": null, "field_13": null, "field_14": null, "Penyuluh Kehutanan \nPendamping": null, "Keterangan": null, "CDK": "CDK VI\r" }, "geometry": { "type": "Point", "coordinates": [ 108.046, -7.273 ] } },
{ "type": "Feature", "properties": { "No": 384, "Nama": "Arip Saripudin", "NIK": 3206301002740001, "Usia\n(Tahun)": "52", "Alamat": "Kp. Tegalmunding RT 012 RW 005", "Desa": 3206211007, "Kecamatan": 3206211, "Kabupaten": 3206, "Koordinat Desa": -7.291, "field_10": 108.065, "Koordinat Calon Lokasi": null, "field_12": null, "field_13": null, "field_14": null, "Penyuluh Kehutanan \nPendamping": null, "Keterangan": null, "CDK": "CDK VI\r" }, "geometry": { "type": "Point", "coordinates": [ 108.065, -7.291 ] } },
{ "type": "Feature", "properties": { "No": 385, "Nama": "Utang Hidayat", "NIK": 3206291108720003, "Usia\n(Tahun)": "53", "Alamat": "Kp. Pasiripis RT 007 RW 004", "Desa": 3206212004, "Kecamatan": 3206212, "Kabupaten": 3206, "Koordinat Desa": -7.291, "field_10": 108.106, "Koordinat Calon Lokasi": null, "field_12": null, "field_13": null, "field_14": null, "Penyuluh Kehutanan \nPendamping": null, "Keterangan": null, "CDK": "CDK VI\r" }, "geometry": { "type": "Point", "coordinates": [ 108.106, -7.291 ] } },
{ "type": "Feature", "properties": { "No": 386, "Nama": "Amud", "NIK": 3206291504750004, "Usia\n(Tahun)": "50", "Alamat": "Kp. Pasiripis RT 001 RW 004", "Desa": 3206212004, "Kecamatan": 3206212, "Kabupaten": 3206, "Koordinat Desa": -7.291, "field_10": 108.106, "Koordinat Calon Lokasi": null, "field_12": null, "field_13": null, "field_14": null, "Penyuluh Kehutanan \nPendamping": null, "Keterangan": null, "CDK": "CDK VI\r" }, "geometry": { "type": "Point", "coordinates": [ 108.106, -7.291 ] } },
{ "type": "Feature", "properties": { "No": 387, "Nama": "Iwan Ridwan", "NIK": 3206281505770013, "Usia\n(Tahun)": "49", "Alamat": "Kp. Peundeuy RT 011 RW 003", "Desa": 3206210018, "Kecamatan": 3206210, "Kabupaten": 3206, "Koordinat Desa": -7.288, "field_10": 108.094, "Koordinat Calon Lokasi": null, "field_12": null, "field_13": null, "field_14": null, "Penyuluh Kehutanan \nPendamping": null, "Keterangan": null, "CDK": "CDK VI\r" }, "geometry": { "type": "Point", "coordinates": [ 108.094, -7.288 ] } },
{ "type": "Feature", "properties": { "No": 388, "Nama": "Sumpena", "NIK": 3206150702520003, "Usia\n(Tahun)": "74", "Alamat": "Kp. Garawangi RT 016 RW 005", "Desa": 3206111004, "Kecamatan": 3206111, "Kabupaten": 3206, "Koordinat Desa": -7.42, "field_10": 108.046, "Koordinat Calon Lokasi": null, "field_12": null, "field_13": null, "field_14": null, "Penyuluh Kehutanan \nPendamping": null, "Keterangan": null, "CDK": "CDK VI\r" }, "geometry": { "type": "Point", "coordinates": [ 108.046, -7.42 ] } },
{ "type": "Feature", "properties": { "No": 389, "Nama": "Upar Setiawan", "NIK": 3206150501750001, "Usia\n(Tahun)": "51", "Alamat": "Kp. Karet RT 030 RW 005", "Desa": 3206111001, "Kecamatan": 3206111, "Kabupaten": 3206, "Koordinat Desa": -7.408, "field_10": 107.975, "Koordinat Calon Lokasi": null, "field_12": null, "field_13": null, "field_14": null, "Penyuluh Kehutanan \nPendamping": null, "Keterangan": null, "CDK": "CDK VI\r" }, "geometry": { "type": "Point", "coordinates": [ 107.975, -7.408 ] } },
{ "type": "Feature", "properties": { "No": 390, "Nama": "Idan", "NIK": 3206151604750001, "Usia\n(Tahun)": "51", "Alamat": "Kp. Sukamekar RT 020 RW 004", "Desa": 3206111001, "Kecamatan": 3206111, "Kabupaten": 3206, "Koordinat Desa": -7.408, "field_10": 107.975, "Koordinat Calon Lokasi": null, "field_12": null, "field_13": null, "field_14": null, "Penyuluh Kehutanan \nPendamping": null, "Keterangan": null, "CDK": "CDK VI\r" }, "geometry": { "type": "Point", "coordinates": [ 107.975, -7.408 ] } },
{ "type": "Feature", "properties": { "No": 391, "Nama": "Wawan", "NIK": 3206332809670001, "Usia\n(Tahun)": "58", "Alamat": "Kp. Sarimukti RT 003 RW 008", "Desa": 3206231005, "Kecamatan": 3206231, "Kabupaten": 3206, "Koordinat Desa": -7.214, "field_10": 108.091, "Koordinat Calon Lokasi": null, "field_12": null, "field_13": null, "field_14": null, "Penyuluh Kehutanan \nPendamping": null, "Keterangan": null, "CDK": "CDK VI\r" }, "geometry": { "type": "Point", "coordinates": [ 108.091, -7.214 ] } },
{ "type": "Feature", "properties": { "No": 392, "Nama": "Agus Yayan", "NIK": 3206332801810002, "Usia\n(Tahun)": "45", "Alamat": "Kp. Buniruum RT 002 RW 006", "Desa": 3206231005, "Kecamatan": 3206231, "Kabupaten": 3206, "Koordinat Desa": -7.214, "field_10": 108.091, "Koordinat Calon Lokasi": null, "field_12": null, "field_13": null, "field_14": null, "Penyuluh Kehutanan \nPendamping": null, "Keterangan": null, "CDK": "CDK VI\r" }, "geometry": { "type": "Point", "coordinates": [ 108.091, -7.214 ] } },
{ "type": "Feature", "properties": { "No": 393, "Nama": "Eka Riwayat", "NIK": 3206330104820003, "Usia\n(Tahun)": "44", "Alamat": "Kp. Sukamulya RT 004 RW 004", "Desa": 3206231005, "Kecamatan": 3206231, "Kabupaten": 3206, "Koordinat Desa": -7.214, "field_10": 108.091, "Koordinat Calon Lokasi": null, "field_12": null, "field_13": null, "field_14": null, "Penyuluh Kehutanan \nPendamping": null, "Keterangan": null, "CDK": "CDK VI\r" }, "geometry": { "type": "Point", "coordinates": [ 108.091, -7.214 ] } },
{ "type": "Feature", "properties": { "No": 394, "Nama": "Kokom Komarudin", "NIK": 3206310104740000, "Usia\n(Tahun)": "51", "Alamat": "Kp. Ciakar RT 006 RW 005", "Desa": 3206221006, "Kecamatan": 3206221, "Kabupaten": 3206, "Koordinat Desa": -7.269, "field_10": 108.13, "Koordinat Calon Lokasi": null, "field_12": null, "field_13": null, "field_14": null, "Penyuluh Kehutanan \nPendamping": null, "Keterangan": null, "CDK": "CDK VI\r" }, "geometry": { "type": "Point", "coordinates": [ 108.13, -7.269 ] } },
{ "type": "Feature", "properties": { "No": 395, "Nama": "Ijang Solihin", "NIK": 3206311002760000, "Usia\n(Tahun)": "50", "Alamat": "Kp. Ciakar RT 007 RW 005", "Desa": 3206221006, "Kecamatan": 3206221, "Kabupaten": 3206, "Koordinat Desa": -7.269, "field_10": 108.13, "Koordinat Calon Lokasi": null, "field_12": null, "field_13": null, "field_14": null, "Penyuluh Kehutanan \nPendamping": null, "Keterangan": null, "CDK": "CDK VI\r" }, "geometry": { "type": "Point", "coordinates": [ 108.13, -7.269 ] } },
{ "type": "Feature", "properties": { "No": 396, "Nama": "Tatang Haeruman", "NIK": 3206240201850000, "Usia\n(Tahun)": "41", "Alamat": "Kp. Ciakar RT 007 RW 005", "Desa": 3206221006, "Kecamatan": 3206221, "Kabupaten": 3206, "Koordinat Desa": -7.269, "field_10": 108.13, "Koordinat Calon Lokasi": null, "field_12": null, "field_13": null, "field_14": null, "Penyuluh Kehutanan \nPendamping": null, "Keterangan": null, "CDK": "CDK VI\r" }, "geometry": { "type": "Point", "coordinates": [ 108.13, -7.269 ] } },
{ "type": "Feature", "properties": { "No": 397, "Nama": "Dede Saepudin", "NIK": 3205141507820011, "Usia\n(Tahun)": "44", "Alamat": "Kp. Bunut RT 002 RW 001", "Desa": 3206260007, "Kecamatan": 3206260, "Kabupaten": 3206, "Koordinat Desa": -7.158, "field_10": 108.106, "Koordinat Calon Lokasi": null, "field_12": null, "field_13": null, "field_14": null, "Penyuluh Kehutanan \nPendamping": null, "Keterangan": null, "CDK": "CDK VI\r" }, "geometry": { "type": "Point", "coordinates": [ 108.106, -7.158 ] } },
{ "type": "Feature", "properties": { "No": 398, "Nama": "Unan", "NIK": 3206361007580004, "Usia\n(Tahun)": "66", "Alamat": "Kp. Bunut RT 002 RW 004", "Desa": 3206260007, "Kecamatan": 3206260, "Kabupaten": 3206, "Koordinat Desa": -7.158, "field_10": 108.106, "Koordinat Calon Lokasi": null, "field_12": null, "field_13": null, "field_14": null, "Penyuluh Kehutanan \nPendamping": null, "Keterangan": null, "CDK": "CDK VI\r" }, "geometry": { "type": "Point", "coordinates": [ 108.106, -7.158 ] } },
{ "type": "Feature", "properties": { "No": 399, "Nama": "H Emim", "NIK": 3206361708650004, "Usia\n(Tahun)": "60", "Alamat": "Kp. Bunisari RT 002 RW 002", "Desa": 3206260011, "Kecamatan": 3206260, "Kabupaten": 3206, "Koordinat Desa": -7.145, "field_10": 108.138, "Koordinat Calon Lokasi": null, "field_12": null, "field_13": null, "field_14": null, "Penyuluh Kehutanan \nPendamping": null, "Keterangan": null, "CDK": "CDK VI\r" }, "geometry": { "type": "Point", "coordinates": [ 108.138, -7.145 ] } },
{ "type": "Feature", "properties": { "No": 400, "Nama": "Ade Rohman", "NIK": 3207270506680002, "Usia\n(Tahun)": "58", "Alamat": "Dusun Nagrak RT 005 RW 012", "Desa": 3218030003, "Kecamatan": 3218030, "Kabupaten": 3218, "Koordinat Desa": -7.664, "field_10": 108.435, "Koordinat Calon Lokasi": null, "field_12": null, "field_13": null, "field_14": null, "Penyuluh Kehutanan \nPendamping": null, "Keterangan": null, "CDK": "CDK VII\r" }, "geometry": { "type": "Point", "coordinates": [ 108.435, -7.664 ] } },
{ "type": "Feature", "properties": { "No": 401, "Nama": "Enceng Suarna", "NIK": 3207272704680001, "Usia\n(Tahun)": "58", "Alamat": "Dusun Cipaku RT032/011 ", "Desa": 3218030004, "Kecamatan": 3218030, "Kabupaten": 3218, "Koordinat Desa": -7.623, "field_10": 108.425, "Koordinat Calon Lokasi": null, "field_12": null, "field_13": null, "field_14": null, "Penyuluh Kehutanan \nPendamping": null, "Keterangan": null, "CDK": "CDK VII\r" }, "geometry": { "type": "Point", "coordinates": [ 108.425, -7.623 ] } },
{ "type": "Feature", "properties": { "No": 402, "Nama": "Iis Sugianto", "NIK": 3207271511830001, "Usia\n(Tahun)": "43", "Alamat": "Dusun Ciguha RT 001/001 ", "Desa": 3218030005, "Kecamatan": 3218030, "Kabupaten": 3218, "Koordinat Desa": -7.589, "field_10": 108.412, "Koordinat Calon Lokasi": null, "field_12": null, "field_13": null, "field_14": null, "Penyuluh Kehutanan \nPendamping": null, "Keterangan": null, "CDK": "CDK VII\r" }, "geometry": { "type": "Point", "coordinates": [ 108.412, -7.589 ] } },
{ "type": "Feature", "properties": { "No": 403, "Nama": "Ateng", "NIK": 3207260103710002, "Usia\n(Tahun)": "55", "Alamat": "Dusun Rantobatang RT 01/RW 04 ", "Desa": 3218010009, "Kecamatan": 3218010, "Kabupaten": 3218, "Koordinat Desa": -7.728, "field_10": 108.335, "Koordinat Calon Lokasi": null, "field_12": null, "field_13": null, "field_14": null, "Penyuluh Kehutanan \nPendamping": null, "Keterangan": null, "CDK": "CDK VII\r" }, "geometry": { "type": "Point", "coordinates": [ 108.335, -7.728 ] } },
{ "type": "Feature", "properties": { "No": 404, "Nama": "Haer", "NIK": 3207262608660001, "Usia\n(Tahun)": "60", "Alamat": "Dusun Rantobatang RT 04/RW 04 ", "Desa": 3218010009, "Kecamatan": 3218010, "Kabupaten": 3218, "Koordinat Desa": -7.728, "field_10": 108.335, "Koordinat Calon Lokasi": null, "field_12": null, "field_13": null, "field_14": null, "Penyuluh Kehutanan \nPendamping": null, "Keterangan": null, "CDK": "CDK VII\r" }, "geometry": { "type": "Point", "coordinates": [ 108.335, -7.728 ] } },
{ "type": "Feature", "properties": { "No": 405, "Nama": "Jamaludin", "NIK": 3207260912740001, "Usia\n(Tahun)": "52", "Alamat": "Dusun Rantobatang RT 01/RW 04 ", "Desa": 3218010009, "Kecamatan": 3218010, "Kabupaten": 3218, "Koordinat Desa": -7.728, "field_10": 108.335, "Koordinat Calon Lokasi": null, "field_12": null, "field_13": null, "field_14": null, "Penyuluh Kehutanan \nPendamping": null, "Keterangan": null, "CDK": "CDK VII\r" }, "geometry": { "type": "Point", "coordinates": [ 108.335, -7.728 ] } },
{ "type": "Feature", "properties": { "No": 406, "Nama": "Timan", "NIK": 3207200107710014, "Usia\n(Tahun)": "54", "Alamat": "Dusun Sapuangin RT 025 RW 013 ", "Desa": 3218090006, "Kecamatan": 3218090, "Kabupaten": 3218, "Koordinat Desa": -7.562, "field_10": 108.691, "Koordinat Calon Lokasi": null, "field_12": null, "field_13": null, "field_14": null, "Penyuluh Kehutanan \nPendamping": null, "Keterangan": null, "CDK": "CDK VII\r" }, "geometry": { "type": "Point", "coordinates": [ 108.691, -7.562 ] } },
{ "type": "Feature", "properties": { "No": 407, "Nama": "Darsono", "NIK": 3207202011800001, "Usia\n(Tahun)": "46", "Alamat": "Dusun Sapuangin RT 026 RW 013 ", "Desa": 3218090006, "Kecamatan": 3218090, "Kabupaten": 3218, "Koordinat Desa": -7.562, "field_10": 108.691, "Koordinat Calon Lokasi": null, "field_12": null, "field_13": null, "field_14": null, "Penyuluh Kehutanan \nPendamping": null, "Keterangan": null, "CDK": "CDK VII\r" }, "geometry": { "type": "Point", "coordinates": [ 108.691, -7.562 ] } },
{ "type": "Feature", "properties": { "No": 408, "Nama": "Hadin Samsuidn", "NIK": 3207202412810004, "Usia\n(Tahun)": "45", "Alamat": "Dusun Sapuangin RT 026 RW 013 ", "Desa": 3218090006, "Kecamatan": 3218090, "Kabupaten": 3218, "Koordinat Desa": -7.562, "field_10": 108.691, "Koordinat Calon Lokasi": null, "field_12": null, "field_13": null, "field_14": null, "Penyuluh Kehutanan \nPendamping": null, "Keterangan": null, "CDK": "CDK VII\r" }, "geometry": { "type": "Point", "coordinates": [ 108.691, -7.562 ] } },
{ "type": "Feature", "properties": { "No": 409, "Nama": "Maman Suryaman", "NIK": 3207222908750001, "Usia\n(Tahun)": "51", "Alamat": "Dusun Pagergunung Rt 001/001 ", "Desa": 3218070008, "Kecamatan": 3218070, "Kabupaten": 3218, "Koordinat Desa": -7.613, "field_10": 108.635, "Koordinat Calon Lokasi": null, "field_12": null, "field_13": null, "field_14": null, "Penyuluh Kehutanan \nPendamping": null, "Keterangan": null, "CDK": "CDK VII\r" }, "geometry": { "type": "Point", "coordinates": [ 108.635, -7.613 ] } },
{ "type": "Feature", "properties": { "No": 410, "Nama": "Sutrisno", "NIK": 3207220401840002, "Usia\n(Tahun)": "42", "Alamat": "Dusun Pagergunung RT 003 RW 001 ", "Desa": 3218070008, "Kecamatan": 3218070, "Kabupaten": 3218, "Koordinat Desa": -7.613, "field_10": 108.635, "Koordinat Calon Lokasi": null, "field_12": null, "field_13": null, "field_14": null, "Penyuluh Kehutanan \nPendamping": null, "Keterangan": null, "CDK": "CDK VII\r" }, "geometry": { "type": "Point", "coordinates": [ 108.635, -7.613 ] } },
{ "type": "Feature", "properties": { "No": 411, "Nama": "Paiman", "NIK": 3207222310730002, "Usia\n(Tahun)": "52", "Alamat": "Dusun Pagergunung RT 001 RW 001 ", "Desa": 3218070008, "Kecamatan": 3218070, "Kabupaten": 3218, "Koordinat Desa": -7.613, "field_10": 108.635, "Koordinat Calon Lokasi": null, "field_12": null, "field_13": null, "field_14": null, "Penyuluh Kehutanan \nPendamping": null, "Keterangan": null, "CDK": "CDK VII\r" }, "geometry": { "type": "Point", "coordinates": [ 108.635, -7.613 ] } },
{ "type": "Feature", "properties": { "No": 412, "Nama": "Sutisno", "NIK": 3207230504820001, "Usia\n(Tahun)": "44", "Alamat": "Dusun Cipari RT 03 RW 02 ", "Desa": 3218060001, "Kecamatan": 3218060, "Kabupaten": 3218, "Koordinat Desa": -7.67, "field_10": 108.583, "Koordinat Calon Lokasi": null, "field_12": null, "field_13": null, "field_14": null, "Penyuluh Kehutanan \nPendamping": null, "Keterangan": null, "CDK": "CDK VII\r" }, "geometry": { "type": "Point", "coordinates": [ 108.583, -7.67 ] } },
{ "type": "Feature", "properties": { "No": 413, "Nama": "Sahidi", "NIK": 3207230101610002, "Usia\n(Tahun)": "65", "Alamat": "Dusun Kalijati RT 14 RW 06 ", "Desa": 3218060007, "Kecamatan": 3218060, "Kabupaten": 3218, "Koordinat Desa": -7.578, "field_10": 108.589, "Koordinat Calon Lokasi": null, "field_12": null, "field_13": null, "field_14": null, "Penyuluh Kehutanan \nPendamping": null, "Keterangan": null, "CDK": "CDK VII\r" }, "geometry": { "type": "Point", "coordinates": [ 108.589, -7.578 ] } },
{ "type": "Feature", "properties": { "No": 414, "Nama": "Usnaya", "NIK": 3207230303810001, "Usia\n(Tahun)": "45", "Alamat": "Dusun Citembong RT 01 RW 03 ", "Desa": 3218060005, "Kecamatan": 3218060, "Kabupaten": 3218, "Koordinat Desa": -6.729, "field_10": 107.423, "Koordinat Calon Lokasi": null, "field_12": null, "field_13": null, "field_14": null, "Penyuluh Kehutanan \nPendamping": null, "Keterangan": null, "CDK": "CDK VII\r" }, "geometry": { "type": "Point", "coordinates": [ 107.423, -6.729 ] } },
{ "type": "Feature", "properties": { "No": 415, "Nama": "Muhammad Soleh", "NIK": 3207020605850004, "Usia\n(Tahun)": "41", "Alamat": "Dusun Cimarongmong Rt.25 Rw.008 ", "Desa": 3207220005, "Kecamatan": 3207220, "Kabupaten": 3207, "Koordinat Desa": -7.258, "field_10": 108.262, "Koordinat Calon Lokasi": null, "field_12": null, "field_13": null, "field_14": null, "Penyuluh Kehutanan \nPendamping": null, "Keterangan": null, "CDK": "CDK VII\r" }, "geometry": { "type": "Point", "coordinates": [ 108.262, -7.258 ] } },
{ "type": "Feature", "properties": { "No": 416, "Nama": "Memed", "NIK": 3207021502680001, "Usia\n(Tahun)": "61", "Alamat": "Dsn.Sorok Rt.002 Rw.001 ", "Desa": 3207220005, "Kecamatan": 3207220, "Kabupaten": 3207, "Koordinat Desa": -7.258, "field_10": 108.262, "Koordinat Calon Lokasi": null, "field_12": null, "field_13": null, "field_14": null, "Penyuluh Kehutanan \nPendamping": null, "Keterangan": null, "CDK": "CDK VII\r" }, "geometry": { "type": "Point", "coordinates": [ 108.262, -7.258 ] } },
{ "type": "Feature", "properties": { "No": 417, "Nama": "Karyo", "NIK": 3207022108680001, "Usia\n(Tahun)": "58", "Alamat": "Dan.Palasari Rt.048 Rw.018 ", "Desa": 3207220006, "Kecamatan": 3207220, "Kabupaten": 3207, "Koordinat Desa": -7.258, "field_10": 108.28, "Koordinat Calon Lokasi": null, "field_12": null, "field_13": null, "field_14": null, "Penyuluh Kehutanan \nPendamping": null, "Keterangan": null, "CDK": "CDK VII\r" }, "geometry": { "type": "Point", "coordinates": [ 108.28, -7.258 ] } },
{ "type": "Feature", "properties": { "No": 418, "Nama": "Mimin Andriani", "NIK": 3207126007750001, "Usia\n(Tahun)": "51", "Alamat": "Dusun Kulon RT/RW. 008/002 ", "Desa": 3207260003, "Kecamatan": 3207260, "Kabupaten": 3207, "Koordinat Desa": -7.18, "field_10": 108.412, "Koordinat Calon Lokasi": null, "field_12": null, "field_13": null, "field_14": null, "Penyuluh Kehutanan \nPendamping": null, "Keterangan": null, "CDK": "CDK VII\r" }, "geometry": { "type": "Point", "coordinates": [ 108.412, -7.18 ] } },
{ "type": "Feature", "properties": { "No": 419, "Nama": "Lili Sadili", "NIK": 3207121701850001, "Usia\n(Tahun)": "41", "Alamat": "Dusun Lebakayu RT/RW. 007/003 ", "Desa": 3207260005, "Kecamatan": 3207260, "Kabupaten": 3207, "Koordinat Desa": -7.157, "field_10": 108.402, "Koordinat Calon Lokasi": null, "field_12": null, "field_13": null, "field_14": null, "Penyuluh Kehutanan \nPendamping": null, "Keterangan": null, "CDK": "CDK VII\r" }, "geometry": { "type": "Point", "coordinates": [ 108.402, -7.157 ] } },
{ "type": "Feature", "properties": { "No": 420, "Nama": "Dedi", "NIK": 3207121509780001, "Usia\n(Tahun)": "48", "Alamat": "Dusun Rawasari RT/RW. 001/006 ", "Desa": 3207260006, "Kecamatan": 3207260, "Kabupaten": 3207, "Koordinat Desa": -7.162, "field_10": 108.425, "Koordinat Calon Lokasi": null, "field_12": null, "field_13": null, "field_14": null, "Penyuluh Kehutanan \nPendamping": null, "Keterangan": null, "CDK": "CDK VII\r" }, "geometry": { "type": "Point", "coordinates": [ 108.425, -7.162 ] } },
{ "type": "Feature", "properties": { "No": 421, "Nama": "Hendriyanto Jamil", "NIK": 3207340810820002, "Usia\n(Tahun)": "43", "Alamat": "Dusun pasir laja RT028/RW 010 ", "Desa": 3207281006, "Kecamatan": 3207281, "Kabupaten": 3207, "Koordinat Desa": -7.147, "field_10": 108.329, "Koordinat Calon Lokasi": null, "field_12": null, "field_13": null, "field_14": null, "Penyuluh Kehutanan \nPendamping": null, "Keterangan": null, "CDK": "CDK VII\r" }, "geometry": { "type": "Point", "coordinates": [ 108.329, -7.147 ] } },
{ "type": "Feature", "properties": { "No": 422, "Nama": "Didi", "NIK": 3207340307670001, "Usia\n(Tahun)": "58", "Alamat": "Dusun Babakan RT 001/RW 001 ", "Desa": 3207281008, "Kecamatan": 3207281, "Kabupaten": 3207, "Koordinat Desa": -7.123, "field_10": 108.326, "Koordinat Calon Lokasi": null, "field_12": null, "field_13": null, "field_14": null, "Penyuluh Kehutanan \nPendamping": null, "Keterangan": null, "CDK": "CDK VII\r" }, "geometry": { "type": "Point", "coordinates": [ 108.326, -7.123 ] } },
{ "type": "Feature", "properties": { "No": 423, "Nama": "Anang", "NIK": 3207341903830002, "Usia\n(Tahun)": "42�", "Alamat": "Dusun Babakan RT 003/RW 002 ", "Desa": 3207281008, "Kecamatan": 3207281, "Kabupaten": 3207, "Koordinat Desa": -7.123, "field_10": 108.326, "Koordinat Calon Lokasi": null, "field_12": null, "field_13": null, "field_14": null, "Penyuluh Kehutanan \nPendamping": null, "Keterangan": null, "CDK": "CDK VII\r" }, "geometry": { "type": "Point", "coordinates": [ 108.326, -7.123 ] } },
{ "type": "Feature", "properties": { "No": 424, "Nama": "Dedi Supriadi", "NIK": 3207101811610001, "Usia\n(Tahun)": "64", "Alamat": "Dusun Situgede RT 002 RW 015 ", "Desa": 3207270005, "Kecamatan": 3207270, "Kabupaten": 3207, "Koordinat Desa": -7.125, "field_10": 108.395, "Koordinat Calon Lokasi": null, "field_12": null, "field_13": null, "field_14": null, "Penyuluh Kehutanan \nPendamping": null, "Keterangan": null, "CDK": "CDK VII\r" }, "geometry": { "type": "Point", "coordinates": [ 108.395, -7.125 ] } },
{ "type": "Feature", "properties": { "No": 425, "Nama": "Lili Gunawan", "NIK": 3207101402570001, "Usia\n(Tahun)": "68", "Alamat": "Kampung Cilimus RT 005 RW 009 ", "Desa": 3207270003, "Kecamatan": 3207270, "Kabupaten": 3207, "Koordinat Desa": -7.107, "field_10": 108.362, "Koordinat Calon Lokasi": null, "field_12": null, "field_13": null, "field_14": null, "Penyuluh Kehutanan \nPendamping": null, "Keterangan": null, "CDK": "CDK VII\r" }, "geometry": { "type": "Point", "coordinates": [ 108.362, -7.107 ] } },
{ "type": "Feature", "properties": { "No": 426, "Nama": "Endang Kurnia", "NIK": 3207101507710001, "Usia\n(Tahun)": "54", "Alamat": "Kampung Jagabaya II RT 001 RW 005 ", "Desa": 3207270009, "Kecamatan": 3207270, "Kabupaten": 3207, "Koordinat Desa": -7.105, "field_10": 108.402, "Koordinat Calon Lokasi": null, "field_12": null, "field_13": null, "field_14": null, "Penyuluh Kehutanan \nPendamping": null, "Keterangan": null, "CDK": "CDK VII\r" }, "geometry": { "type": "Point", "coordinates": [ 108.402, -7.105 ] } },
{ "type": "Feature", "properties": { "No": 427, "Nama": "Epeng Mahpudin", "NIK": 3207080609650002, "Usia\n(Tahun)": "61", "Alamat": "Dusun Maparah RT 02 RW 01 ", "Desa": 3207290005, "Kecamatan": 3207290, "Kabupaten": 3207, "Koordinat Desa": -7.117, "field_10": 108.302, "Koordinat Calon Lokasi": null, "field_12": null, "field_13": null, "field_14": null, "Penyuluh Kehutanan \nPendamping": null, "Keterangan": null, "CDK": "CDK VII\r" }, "geometry": { "type": "Point", "coordinates": [ 108.302, -7.117 ] } },
{ "type": "Feature", "properties": { "No": 428, "Nama": "Nana Taryana", "NIK": 3207080107800058, "Usia\n(Tahun)": "45", "Alamat": "Dusun Maparah RT 05 RW 03 II ", "Desa": 3207290005, "Kecamatan": 3207290, "Kabupaten": 3207, "Koordinat Desa": -7.117, "field_10": 108.302, "Koordinat Calon Lokasi": null, "field_12": null, "field_13": null, "field_14": null, "Penyuluh Kehutanan \nPendamping": null, "Keterangan": null, "CDK": "CDK VII\r" }, "geometry": { "type": "Point", "coordinates": [ 108.302, -7.117 ] } },
{ "type": "Feature", "properties": { "No": 429, "Nama": "Dike Trisnayadi", "NIK": 3204280709720005, "Usia\n(Tahun)": "54", "Alamat": "Dusun Pabuaran RT 05 RW 03", "Desa": 3207290006, "Kecamatan": 3207290, "Kabupaten": 3207, "Koordinat Desa": -7.127, "field_10": 108.269, "Koordinat Calon Lokasi": null, "field_12": null, "field_13": null, "field_14": null, "Penyuluh Kehutanan \nPendamping": null, "Keterangan": null, "CDK": "CDK VII\r" }, "geometry": { "type": "Point", "coordinates": [ 108.269, -7.127 ] } },
{ "type": "Feature", "properties": { "No": 430, "Nama": "Umar Setiawan", "NIK": 3207071111800005, "Usia\n(Tahun)": "45", "Alamat": "Dusun Nyangkokot RT 004/009 ", "Desa": 3207300002, "Kecamatan": 3207300, "Kabupaten": 3207, "Koordinat Desa": -7.165, "field_10": 108.206, "Koordinat Calon Lokasi": null, "field_12": null, "field_13": null, "field_14": null, "Penyuluh Kehutanan \nPendamping": null, "Keterangan": null, "CDK": "CDK VII\r" }, "geometry": { "type": "Point", "coordinates": [ 108.206, -7.165 ] } },
{ "type": "Feature", "properties": { "No": 431, "Nama": "Ayo Sunaryo", "NIK": 3207070706690002, "Usia\n(Tahun)": "57", "Alamat": "Dusun Payungsari RT 006/002 ", "Desa": 3207300011, "Kecamatan": 3207300, "Kabupaten": 3207, "Koordinat Desa": -7.119, "field_10": 108.247, "Koordinat Calon Lokasi": null, "field_12": null, "field_13": null, "field_14": null, "Penyuluh Kehutanan \nPendamping": null, "Keterangan": null, "CDK": "CDK VII\r" }, "geometry": { "type": "Point", "coordinates": [ 108.247, -7.119 ] } },
{ "type": "Feature", "properties": { "No": 432, "Nama": "Piyan Sopiyan", "NIK": 3207072405840001, "Usia\n(Tahun)": "44", "Alamat": "Dusun Payungsari RT 006/002 ", "Desa": 3207300011, "Kecamatan": 3207300, "Kabupaten": 3207, "Koordinat Desa": -7.119, "field_10": 108.247, "Koordinat Calon Lokasi": null, "field_12": null, "field_13": null, "field_14": null, "Penyuluh Kehutanan \nPendamping": null, "Keterangan": null, "CDK": "CDK VII\r" }, "geometry": { "type": "Point", "coordinates": [ 108.247, -7.119 ] } },
{ "type": "Feature", "properties": { "No": 433, "Nama": "Awan Sutiawan", "NIK": 3207191012660002, "Usia\n(Tahun)": "59", "Alamat": "Dusun Sawangan RT 034 RW 010 ", "Desa": 3207120002, "Kecamatan": 3207120, "Kabupaten": 3207, "Koordinat Desa": -7.446, "field_10": 108.473, "Koordinat Calon Lokasi": null, "field_12": null, "field_13": null, "field_14": null, "Penyuluh Kehutanan \nPendamping": null, "Keterangan": null, "CDK": "CDK VII\r" }, "geometry": { "type": "Point", "coordinates": [ 108.473, -7.446 ] } },
{ "type": "Feature", "properties": { "No": 434, "Nama": "Karsidi", "NIK": 3207190608760003, "Usia\n(Tahun)": "49", "Alamat": "Dusun Sawangan RT 034 RW 010 ", "Desa": 3207120002, "Kecamatan": 3207120, "Kabupaten": 3207, "Koordinat Desa": -7.446, "field_10": 108.473, "Koordinat Calon Lokasi": null, "field_12": null, "field_13": null, "field_14": null, "Penyuluh Kehutanan \nPendamping": null, "Keterangan": null, "CDK": "CDK VII\r" }, "geometry": { "type": "Point", "coordinates": [ 108.473, -7.446 ] } },
{ "type": "Feature", "properties": { "No": 435, "Nama": "Nana", "NIK": 3207192702860001, "Usia\n(Tahun)": "40", "Alamat": "Dusun Sawangan RT 034 RW 010 ", "Desa": 3207120002, "Kecamatan": 3207120, "Kabupaten": 3207, "Koordinat Desa": -7.446, "field_10": 108.473, "Koordinat Calon Lokasi": null, "field_12": null, "field_13": null, "field_14": null, "Penyuluh Kehutanan \nPendamping": null, "Keterangan": null, "CDK": "CDK VII\r" }, "geometry": { "type": "Point", "coordinates": [ 108.473, -7.446 ] } },
{ "type": "Feature", "properties": { "No": 436, "Nama": "Ending", "NIK": 3207131301670001, "Usia\n(Tahun)": "59", "Alamat": "Dsn.Cipinang Rt.002 Rw.001 ", "Desa": 3207190002, "Kecamatan": 3207190, "Kabupaten": 3207, "Koordinat Desa": -7.212, "field_10": 108.448, "Koordinat Calon Lokasi": null, "field_12": null, "field_13": null, "field_14": null, "Penyuluh Kehutanan \nPendamping": null, "Keterangan": null, "CDK": "CDK VII\r" }, "geometry": { "type": "Point", "coordinates": [ 108.448, -7.212 ] } },
{ "type": "Feature", "properties": { "No": 437, "Nama": "Carwa", "NIK": 3207132807740003, "Usia\n(Tahun)": "52", "Alamat": "Dsn.Sirnasari Rt.007 Rw.008 ", "Desa": 3207190004, "Kecamatan": 3207190, "Kabupaten": 3207, "Koordinat Desa": -7.189, "field_10": 108.445, "Koordinat Calon Lokasi": null, "field_12": null, "field_13": null, "field_14": null, "Penyuluh Kehutanan \nPendamping": null, "Keterangan": null, "CDK": "CDK VII\r" }, "geometry": { "type": "Point", "coordinates": [ 108.445, -7.189 ] } },
{ "type": "Feature", "properties": { "No": 438, "Nama": "Dodo", "NIK": 3207131604650003, "Usia\n(Tahun)": "61", "Alamat": "Dsn.Cibulakan Rt.005 Rw.002 ", "Desa": 3207190006, "Kecamatan": 3207190, "Kabupaten": 3207, "Koordinat Desa": -7.172, "field_10": 108.439, "Koordinat Calon Lokasi": null, "field_12": null, "field_13": null, "field_14": null, "Penyuluh Kehutanan \nPendamping": null, "Keterangan": null, "CDK": "CDK VII\r" }, "geometry": { "type": "Point", "coordinates": [ 108.439, -7.172 ] } },
{ "type": "Feature", "properties": { "No": 439, "Nama": "Ahmad Wahidin", "NIK": 3207151008500005, "Usia\n(Tahun)": "75", "Alamat": "Dusun Mekarsari RT. 004/012 ", "Desa": 3207180005, "Kecamatan": 3207180, "Kabupaten": 3207, "Koordinat Desa": -7.213, "field_10": 108.467, "Koordinat Calon Lokasi": null, "field_12": null, "field_13": null, "field_14": null, "Penyuluh Kehutanan \nPendamping": null, "Keterangan": null, "CDK": "CDK VII\r" }, "geometry": { "type": "Point", "coordinates": [ 108.467, -7.213 ] } },
{ "type": "Feature", "properties": { "No": 440, "Nama": "Apipudin", "NIK": 3207151603840001, "Usia\n(Tahun)": "41", "Alamat": "Dusun Mekarsari RT. 005/012 ", "Desa": 3207180005, "Kecamatan": 3207180, "Kabupaten": 3207, "Koordinat Desa": -7.213, "field_10": 108.467, "Koordinat Calon Lokasi": null, "field_12": null, "field_13": null, "field_14": null, "Penyuluh Kehutanan \nPendamping": null, "Keterangan": null, "CDK": "CDK VII\r" }, "geometry": { "type": "Point", "coordinates": [ 108.467, -7.213 ] } },
{ "type": "Feature", "properties": { "No": 441, "Nama": "Cucu Samsudin", "NIK": 3207151104740001, "Usia\n(Tahun)": "52", "Alamat": "Dusun Mekarsari RT. 004/012 ", "Desa": 3207180005, "Kecamatan": 3207180, "Kabupaten": 3207, "Koordinat Desa": -7.213, "field_10": 108.467, "Koordinat Calon Lokasi": null, "field_12": null, "field_13": null, "field_14": null, "Penyuluh Kehutanan \nPendamping": null, "Keterangan": null, "CDK": "CDK VII\r" }, "geometry": { "type": "Point", "coordinates": [ 108.467, -7.213 ] } },
{ "type": "Feature", "properties": { "No": 442, "Nama": "Lukmanul Hakim", "NIK": 3207140812680001, "Usia\n(Tahun)": "57", "Alamat": "Dusun Cipeundeuy RT 034 RW 008 ", "Desa": 3207200003, "Kecamatan": 3207200, "Kabupaten": 3207, "Koordinat Desa": -7.25, "field_10": 108.455, "Koordinat Calon Lokasi": null, "field_12": null, "field_13": null, "field_14": null, "Penyuluh Kehutanan \nPendamping": null, "Keterangan": null, "CDK": "CDK VII\r" }, "geometry": { "type": "Point", "coordinates": [ 108.455, -7.25 ] } },
{ "type": "Feature", "properties": { "No": 443, "Nama": "Iding", "NIK": 3207142605620001, "Usia\n(Tahun)": "63", "Alamat": "Dusun Bantarsari RT 024 RW 006 ", "Desa": 3207200003, "Kecamatan": 3207200, "Kabupaten": 3207, "Koordinat Desa": -7.25, "field_10": 108.455, "Koordinat Calon Lokasi": null, "field_12": null, "field_13": null, "field_14": null, "Penyuluh Kehutanan \nPendamping": null, "Keterangan": null, "CDK": "CDK VII\r" }, "geometry": { "type": "Point", "coordinates": [ 108.455, -7.25 ] } },
{ "type": "Feature", "properties": { "No": 444, "Nama": "Muhtar", "NIK": 3207140709660001, "Usia\n(Tahun)": "59", "Alamat": "Dusun Cipeundeuy RT 033 RW 008 ", "Desa": 3207200003, "Kecamatan": 3207200, "Kabupaten": 3207, "Koordinat Desa": -7.25, "field_10": 108.455, "Koordinat Calon Lokasi": null, "field_12": null, "field_13": null, "field_14": null, "Penyuluh Kehutanan \nPendamping": null, "Keterangan": null, "CDK": "CDK VII\r" }, "geometry": { "type": "Point", "coordinates": [ 108.455, -7.25 ] } },
{ "type": "Feature", "properties": { "No": 445, "Nama": "Johan", "NIK": 3207251006730001, "Usia\n(Tahun)": "52", "Alamat": "Dusun Ciakar RT 004/RW 002 ", "Desa": 3218020001, "Kecamatan": 3218020, "Kabupaten": 3218, "Koordinat Desa": -7.693, "field_10": 108.383, "Koordinat Calon Lokasi": null, "field_12": null, "field_13": null, "field_14": null, "Penyuluh Kehutanan \nPendamping": null, "Keterangan": null, "CDK": "CDK VII\r" }, "geometry": { "type": "Point", "coordinates": [ 108.383, -7.693 ] } },
{ "type": "Feature", "properties": { "No": 446, "Nama": "Ade Rosidi", "NIK": 3207253008670001, "Usia\n(Tahun)": "58", "Alamat": "Dusun Sanghiangkalang RT 001/RW 001", "Desa": 3218020004, "Kecamatan": 3218020, "Kabupaten": 3218, "Koordinat Desa": -7.751, "field_10": 108.479, "Koordinat Calon Lokasi": null, "field_12": null, "field_13": null, "field_14": null, "Penyuluh Kehutanan \nPendamping": null, "Keterangan": null, "CDK": "CDK VII\r" }, "geometry": { "type": "Point", "coordinates": [ 108.479, -7.751 ] } },
{ "type": "Feature", "properties": { "No": 447, "Nama": "Ahmad Jaelani", "NIK": 3207251402820001, "Usia\n(Tahun)": "44", "Alamat": "Dusun Kalensari RT.023/RW.005 ", "Desa": 3218020006, "Kecamatan": 3218020, "Kabupaten": 3218, "Koordinat Desa": -7.715, "field_10": 108.475, "Koordinat Calon Lokasi": null, "field_12": null, "field_13": null, "field_14": null, "Penyuluh Kehutanan \nPendamping": null, "Keterangan": null, "CDK": "CDK VII\r" }, "geometry": { "type": "Point", "coordinates": [ 108.475, -7.715 ] } },
{ "type": "Feature", "properties": { "No": 448, "Nama": "Deden Taruna, S.Pd", "NIK": 3207031603820003, "Usia\n(Tahun)": "43", "Alamat": "Dusun Cigorowek RT.04/RW.08 ", "Desa": 3218040012, "Kecamatan": 3218040, "Kabupaten": 3218, "Koordinat Desa": -7.519, "field_10": 108.358, "Koordinat Calon Lokasi": null, "field_12": null, "field_13": null, "field_14": null, "Penyuluh Kehutanan \nPendamping": null, "Keterangan": null, "CDK": "CDK VII\r" }, "geometry": { "type": "Point", "coordinates": [ 108.358, -7.519 ] } },
{ "type": "Feature", "properties": { "No": 449, "Nama": "Abdul Rozak", "NIK": 3207280608760001, "Usia\n(Tahun)": "49", "Alamat": "Dusun Limusnunggal RT.10/RW.01 ", "Desa": 3218040009, "Kecamatan": 3218040, "Kabupaten": 3218, "Koordinat Desa": -7.532, "field_10": 108.412, "Koordinat Calon Lokasi": null, "field_12": null, "field_13": null, "field_14": null, "Penyuluh Kehutanan \nPendamping": null, "Keterangan": null, "CDK": "CDK VII\r" }, "geometry": { "type": "Point", "coordinates": [ 108.412, -7.532 ] } },
{ "type": "Feature", "properties": { "No": 450, "Nama": "Diding Supandi", "NIK": 3207280404630002, "Usia\n(Tahun)": "62", "Alamat": "Dusun Sukasari RT 02/RW 04 ", "Desa": 3218040009, "Kecamatan": 3218040, "Kabupaten": 3218, "Koordinat Desa": -7.532, "field_10": 108.412, "Koordinat Calon Lokasi": null, "field_12": null, "field_13": null, "field_14": null, "Penyuluh Kehutanan \nPendamping": null, "Keterangan": null, "CDK": "CDK VII\r" }, "geometry": { "type": "Point", "coordinates": [ 108.412, -7.532 ] } },
{ "type": "Feature", "properties": { "No": 451, "Nama": "Saman Surahman", "NIK": 3279030201690004, "Usia\n(Tahun)": "57", "Alamat": "Lingk.Siluman Baru RT 038/RW 018", "Desa": 3279020001, "Kecamatan": 3279020, "Kabupaten": 3279, "Koordinat Desa": -7.349, "field_10": 108.544, "Koordinat Calon Lokasi": null, "field_12": null, "field_13": null, "field_14": null, "Penyuluh Kehutanan \nPendamping": null, "Keterangan": null, "CDK": "CDK VII\r" }, "geometry": { "type": "Point", "coordinates": [ 108.544, -7.349 ] } },
{ "type": "Feature", "properties": { "No": 452, "Nama": "Paniyo", "NIK": 3279030606780001, "Usia\n(Tahun)": "48", "Alamat": "Lingk.Siluman Baru RT 033/RW 018", "Desa": 3279020001, "Kecamatan": 3279020, "Kabupaten": 3279, "Koordinat Desa": -7.349, "field_10": 108.544, "Koordinat Calon Lokasi": null, "field_12": null, "field_13": null, "field_14": null, "Penyuluh Kehutanan \nPendamping": null, "Keterangan": null, "CDK": "CDK VII\r" }, "geometry": { "type": "Point", "coordinates": [ 108.544, -7.349 ] } },
{ "type": "Feature", "properties": { "No": 453, "Nama": "Heri Suheri", "NIK": 3279032611780003, "Usia\n(Tahun)": "48", "Alamat": "Lingk.Siluman RT 035/RW 016 ", "Desa": 3279020001, "Kecamatan": 3279020, "Kabupaten": 3279, "Koordinat Desa": -7.349, "field_10": 108.544, "Koordinat Calon Lokasi": null, "field_12": null, "field_13": null, "field_14": null, "Penyuluh Kehutanan \nPendamping": null, "Keterangan": null, "CDK": "CDK VII\r" }, "geometry": { "type": "Point", "coordinates": [ 108.544, -7.349 ] } },
{ "type": "Feature", "properties": { "No": 454, "Nama": "Sayo Sunarya", "NIK": 3207181707780003, "Usia\n(Tahun)": "46", "Alamat": "Dusun Mekarsari RT 042/RW 006 ", "Desa": 3207100006, "Kecamatan": 3207100, "Kabupaten": 3207, "Koordinat Desa": -7.548, "field_10": 108.578, "Koordinat Calon Lokasi": null, "field_12": null, "field_13": null, "field_14": null, "Penyuluh Kehutanan \nPendamping": null, "Keterangan": null, "CDK": "CDK VII\r" }, "geometry": { "type": "Point", "coordinates": [ 108.578, -7.548 ] } },
{ "type": "Feature", "properties": { "No": 455, "Nama": "Yoyo", "NIK": 3207181806710003, "Usia\n(Tahun)": "55", "Alamat": "Dusun Mulyasari RT 010/RW 002 ", "Desa": 3207100001, "Kecamatan": 3207100, "Kabupaten": 3207, "Koordinat Desa": -7.511, "field_10": 108.495, "Koordinat Calon Lokasi": null, "field_12": null, "field_13": null, "field_14": null, "Penyuluh Kehutanan \nPendamping": null, "Keterangan": null, "CDK": "CDK VII\r" }, "geometry": { "type": "Point", "coordinates": [ 108.495, -7.511 ] } },
{ "type": "Feature", "properties": { "No": 456, "Nama": "Darman", "NIK": 3207180712580001, "Usia\n(Tahun)": "68", "Alamat": "Dusun Karanganyar RT 017/RW 005 ", "Desa": 3207100002, "Kecamatan": 3207100, "Kabupaten": 3207, "Koordinat Desa": -7.496, "field_10": 108.522, "Koordinat Calon Lokasi": null, "field_12": null, "field_13": null, "field_14": null, "Penyuluh Kehutanan \nPendamping": null, "Keterangan": null, "CDK": "CDK VII\r" }, "geometry": { "type": "Point", "coordinates": [ 108.522, -7.496 ] } },
{ "type": "Feature", "properties": { "No": 457, "Nama": "Nadi Permana", "NIK": 3207181902760001, "Usia\n(Tahun)": "49", "Alamat": "Batukarang RT 015/RW 004 ", "Desa": 3207100011, "Kecamatan": 3207100, "Kabupaten": 3207, "Koordinat Desa": -7.528, "field_10": 108.615, "Koordinat Calon Lokasi": null, "field_12": null, "field_13": null, "field_14": null, "Penyuluh Kehutanan \nPendamping": null, "Keterangan": null, "CDK": "CDK VII\r" }, "geometry": { "type": "Point", "coordinates": [ 108.615, -7.528 ] } },
{ "type": "Feature", "properties": { "No": 458, "Nama": "Dede Rusman", "NIK": 3207181106760005, "Usia\n(Tahun)": "50", "Alamat": "Dusun Cangkring RT 012/RW 003 ", "Desa": 3207100019, "Kecamatan": 3207100, "Kabupaten": 3207, "Koordinat Desa": -7.515, "field_10": 108.636, "Koordinat Calon Lokasi": null, "field_12": null, "field_13": null, "field_14": null, "Penyuluh Kehutanan \nPendamping": null, "Keterangan": null, "CDK": "CDK VII\r" }, "geometry": { "type": "Point", "coordinates": [ 108.636, -7.515 ] } },
{ "type": "Feature", "properties": { "No": 459, "Nama": "Endang Kartiwa", "NIK": 3207182406610001, "Usia\n(Tahun)": "65", "Alamat": "Dusun Tegalsari RT 025/RW 004 ", "Desa": 3207100020, "Kecamatan": 3207100, "Kabupaten": 3207, "Koordinat Desa": -7.517, "field_10": 108.644, "Koordinat Calon Lokasi": null, "field_12": null, "field_13": null, "field_14": null, "Penyuluh Kehutanan \nPendamping": null, "Keterangan": null, "CDK": "CDK VII\r" }, "geometry": { "type": "Point", "coordinates": [ 108.644, -7.517 ] } },
{ "type": "Feature", "properties": { "No": 460, "Nama": "Sahwan", "NIK": 3207310909700001, "Usia\n(Tahun)": "56", "Alamat": "Dusun Barugbug RT 001/RW 010 ", "Desa": 3207211007, "Kecamatan": 3207211, "Kabupaten": 3207, "Koordinat Desa": -7.278, "field_10": 108.41, "Koordinat Calon Lokasi": null, "field_12": null, "field_13": null, "field_14": null, "Penyuluh Kehutanan \nPendamping": null, "Keterangan": null, "CDK": "CDK VII\r" }, "geometry": { "type": "Point", "coordinates": [ 108.41, -7.278 ] } },
{ "type": "Feature", "properties": { "No": 461, "Nama": "Iwan Irwanto", "NIK": 3207310306840001, "Usia\n(Tahun)": "42", "Alamat": "Dusun Pasirkadu RT 003/RW 007 ", "Desa": 3207211005, "Kecamatan": 3207211, "Kabupaten": 3207, "Koordinat Desa": -7.301, "field_10": 108.378, "Koordinat Calon Lokasi": null, "field_12": null, "field_13": null, "field_14": null, "Penyuluh Kehutanan \nPendamping": null, "Keterangan": null, "CDK": "CDK VII\r" }, "geometry": { "type": "Point", "coordinates": [ 108.378, -7.301 ] } },
{ "type": "Feature", "properties": { "No": 462, "Nama": "Nanang Jafar Sidik", "NIK": 3207322601750001, "Usia\n(Tahun)": "51", "Alamat": "Dusun Karangkendal RT 001/RW 005 ", "Desa": 3207211006, "Kecamatan": 3207211, "Kabupaten": 3207, "Koordinat Desa": -7.292, "field_10": 108.388, "Koordinat Calon Lokasi": null, "field_12": null, "field_13": null, "field_14": null, "Penyuluh Kehutanan \nPendamping": null, "Keterangan": null, "CDK": "CDK VII\r" }, "geometry": { "type": "Point", "coordinates": [ 108.388, -7.292 ] } },
{ "type": "Feature", "properties": { "No": 463, "Nama": "Enco", "NIK": 3207061506580005, "Usia\n(Tahun)": "67", "Alamat": "Kp. Cikujanghilir RT 03/RW 02 ", "Desa": 3207230004, "Kecamatan": 3207230, "Kabupaten": 3207, "Koordinat Desa": -7.239, "field_10": 108.227, "Koordinat Calon Lokasi": null, "field_12": null, "field_13": null, "field_14": null, "Penyuluh Kehutanan \nPendamping": null, "Keterangan": null, "CDK": "CDK VII\r" }, "geometry": { "type": "Point", "coordinates": [ 108.227, -7.239 ] } },
{ "type": "Feature", "properties": { "No": 464, "Nama": "Ipin", "NIK": 3207060408680001, "Usia\n(Tahun)": "55", "Alamat": "Dusun Buniasih Tonggoh RT 001/RW 012 ", "Desa": 3207230008, "Kecamatan": 3207230, "Kabupaten": 3207, "Koordinat Desa": -7.223, "field_10": 108.212, "Koordinat Calon Lokasi": null, "field_12": null, "field_13": null, "field_14": null, "Penyuluh Kehutanan \nPendamping": null, "Keterangan": null, "CDK": "CDK VII\r" }, "geometry": { "type": "Point", "coordinates": [ 108.212, -7.223 ] } },
{ "type": "Feature", "properties": { "No": 465, "Nama": "Atang Kurniawan", "NIK": 3207061909680001, "Usia\n(Tahun)": "55", "Alamat": "Dusun Pasir Tamiang Tonggoh RT 003/RW 006 ", "Desa": 3207230009, "Kecamatan": 3207230, "Kabupaten": 3207, "Koordinat Desa": -7.211, "field_10": 108.215, "Koordinat Calon Lokasi": null, "field_12": null, "field_13": null, "field_14": null, "Penyuluh Kehutanan \nPendamping": null, "Keterangan": null, "CDK": "CDK VII\r" }, "geometry": { "type": "Point", "coordinates": [ 108.215, -7.211 ] } },
{ "type": "Feature", "properties": { "No": 466, "Nama": "Agus Ajid", "NIK": 3207030108710001, "Usia\n(Tahun)": "55", "Alamat": "Dusun Kersikan RT 030/RW 012 ", "Desa": 3207150001, "Kecamatan": 3207150, "Kabupaten": 3207, "Koordinat Desa": -7.35, "field_10": 108.39, "Koordinat Calon Lokasi": null, "field_12": null, "field_13": null, "field_14": null, "Penyuluh Kehutanan \nPendamping": null, "Keterangan": null, "CDK": "CDK VII\r" }, "geometry": { "type": "Point", "coordinates": [ 108.39, -7.35 ] } },
{ "type": "Feature", "properties": { "No": 467, "Nama": "Suhara", "NIK": 3207030209800001, "Usia\n(Tahun)": "45", "Alamat": "Dusun Nagrog RT 028/RW 013 ", "Desa": 3207150005, "Kecamatan": 3207150, "Kabupaten": 3207, "Koordinat Desa": -7.332, "field_10": 108.441, "Koordinat Calon Lokasi": null, "field_12": null, "field_13": null, "field_14": null, "Penyuluh Kehutanan \nPendamping": null, "Keterangan": null, "CDK": "CDK VII\r" }, "geometry": { "type": "Point", "coordinates": [ 108.441, -7.332 ] } },
{ "type": "Feature", "properties": { "No": 468, "Nama": "Darsono", "NIK": 3207031204660001, "Usia\n(Tahun)": "60", "Alamat": "Dusun Kidul RT 010/RW 004 ", "Desa": 3207150006, "Kecamatan": 3207150, "Kabupaten": 3207, "Koordinat Desa": -7.335, "field_10": 108.421, "Koordinat Calon Lokasi": null, "field_12": null, "field_13": null, "field_14": null, "Penyuluh Kehutanan \nPendamping": null, "Keterangan": null, "CDK": "CDK VII\r" }, "geometry": { "type": "Point", "coordinates": [ 108.421, -7.335 ] } },
{ "type": "Feature", "properties": { "No": 469, "Nama": "Aan Kustiawan", "NIK": 3207051609760001, "Usia\n(Tahun)": "50", "Alamat": "Dusun Sukaresmi RT 005/RW 003 ", "Desa": 3207130001, "Kecamatan": 3207130, "Kabupaten": 3207, "Koordinat Desa": -7.452, "field_10": 108.438, "Koordinat Calon Lokasi": null, "field_12": null, "field_13": null, "field_14": null, "Penyuluh Kehutanan \nPendamping": null, "Keterangan": null, "CDK": "CDK VII\r" }, "geometry": { "type": "Point", "coordinates": [ 108.438, -7.452 ] } },
{ "type": "Feature", "properties": { "No": 470, "Nama": "Darman", "NIK": 3207052406640001, "Usia\n(Tahun)": "62", "Alamat": "Dusun Sukaresmi RT 005/RW 003 ", "Desa": 3207130001, "Kecamatan": 3207130, "Kabupaten": 3207, "Koordinat Desa": -7.452, "field_10": 108.438, "Koordinat Calon Lokasi": null, "field_12": null, "field_13": null, "field_14": null, "Penyuluh Kehutanan \nPendamping": null, "Keterangan": null, "CDK": "CDK VII\r" }, "geometry": { "type": "Point", "coordinates": [ 108.438, -7.452 ] } },
{ "type": "Feature", "properties": { "No": 471, "Nama": "Itang Setiawan", "NIK": 3207050303680002, "Usia\n(Tahun)": "58", "Alamat": "Dusun Sukaresmi RT 005/RW 003 ", "Desa": 3207130001, "Kecamatan": 3207130, "Kabupaten": 3207, "Koordinat Desa": -7.452, "field_10": 108.438, "Koordinat Calon Lokasi": null, "field_12": null, "field_13": null, "field_14": null, "Penyuluh Kehutanan \nPendamping": null, "Keterangan": null, "CDK": "CDK VII\r" }, "geometry": { "type": "Point", "coordinates": [ 108.438, -7.452 ] } },
{ "type": "Feature", "properties": { "No": 472, "Nama": "Heryanto", "NIK": 3207301205710004, "Usia\n(Tahun)": "54", "Alamat": "Dusun Cisagakota RT 002/RW 001", "Desa": 3207160005, "Kecamatan": 3207160, "Kabupaten": 3207, "Koordinat Desa": -7.339, "field_10": 108.526, "Koordinat Calon Lokasi": null, "field_12": null, "field_13": null, "field_14": null, "Penyuluh Kehutanan \nPendamping": null, "Keterangan": null, "CDK": "CDK VII\r" }, "geometry": { "type": "Point", "coordinates": [ 108.526, -7.339 ] } },
{ "type": "Feature", "properties": { "No": 473, "Nama": "Yosep Syamsi", "NIK": 3207301812690001, "Usia\n(Tahun)": "56", "Alamat": "Dusun Sambungjaya RT 10/RW 08 ", "Desa": 3207160004, "Kecamatan": 3207160, "Kabupaten": 3207, "Koordinat Desa": -7.347, "field_10": 108.508, "Koordinat Calon Lokasi": null, "field_12": null, "field_13": null, "field_14": null, "Penyuluh Kehutanan \nPendamping": null, "Keterangan": null, "CDK": "CDK VII\r" }, "geometry": { "type": "Point", "coordinates": [ 108.508, -7.347 ] } },
{ "type": "Feature", "properties": { "No": 474, "Nama": "Rasta", "NIK": 3207301205700004, "Usia\n(Tahun)": "48", "Alamat": "Dusun Sindanghayu RT 01/RW 05 ", "Desa": 3207160001, "Kecamatan": 3207160, "Kabupaten": 3207, "Koordinat Desa": -7.324, "field_10": 108.455, "Koordinat Calon Lokasi": null, "field_12": null, "field_13": null, "field_14": null, "Penyuluh Kehutanan \nPendamping": null, "Keterangan": null, "CDK": "CDK VII\r" }, "geometry": { "type": "Point", "coordinates": [ 108.455, -7.324 ] } },
{ "type": "Feature", "properties": { "No": 475, "Nama": "Otong Muslih", "NIK": 3207092001780001, "Usia\n(Tahun)": "47", "Alamat": "Dusun Naggela RT 001/RW 008 ", "Desa": 3207280011, "Kecamatan": 3207280, "Kabupaten": 3207, "Koordinat Desa": -7.191, "field_10": 108.386, "Koordinat Calon Lokasi": null, "field_12": null, "field_13": null, "field_14": null, "Penyuluh Kehutanan \nPendamping": null, "Keterangan": null, "CDK": "CDK VII\r" }, "geometry": { "type": "Point", "coordinates": [ 108.386, -7.191 ] } },
{ "type": "Feature", "properties": { "No": 476, "Nama": "Ade Marwan", "NIK": 3207090902910002, "Usia\n(Tahun)": "34", "Alamat": "Dusun Mancagar RT. 017/RW.007 ", "Desa": 3207280009, "Kecamatan": 3207280, "Kabupaten": 3207, "Koordinat Desa": -7.149, "field_10": 108.38, "Koordinat Calon Lokasi": null, "field_12": null, "field_13": null, "field_14": null, "Penyuluh Kehutanan \nPendamping": null, "Keterangan": null, "CDK": "CDK VII\r" }, "geometry": { "type": "Point", "coordinates": [ 108.38, -7.149 ] } },
{ "type": "Feature", "properties": { "No": 477, "Nama": "Yahya", "NIK": 3207090210740001, "Usia\n(Tahun)": "51", "Alamat": "Dusun Mancagar RT. 018/RW.008 ", "Desa": 3207280009, "Kecamatan": 3207280, "Kabupaten": 3207, "Koordinat Desa": -7.149, "field_10": 108.38, "Koordinat Calon Lokasi": null, "field_12": null, "field_13": null, "field_14": null, "Penyuluh Kehutanan \nPendamping": null, "Keterangan": null, "CDK": "CDK VII\r" }, "geometry": { "type": "Point", "coordinates": [ 108.38, -7.149 ] } },
{ "type": "Feature", "properties": { "No": 478, "Nama": "Dodoy Sutisna", "NIK": 3207042909680001, "Usia\n(Tahun)": "57", "Alamat": "Dusun Landeuh RT 004/RW 005 ", "Desa": 3207240006, "Kecamatan": 3207240, "Kabupaten": 3207, "Koordinat Desa": -7.271, "field_10": 108.319, "Koordinat Calon Lokasi": null, "field_12": null, "field_13": null, "field_14": null, "Penyuluh Kehutanan \nPendamping": null, "Keterangan": null, "CDK": "CDK VII\r" }, "geometry": { "type": "Point", "coordinates": [ 108.319, -7.271 ] } },
{ "type": "Feature", "properties": { "No": 479, "Nama": "Nana Suryana", "NIK": 3207040512710001, "Usia\n(Tahun)": "55", "Alamat": "Dusun Tonggoh RT 06/RW 02 ", "Desa": 3207240006, "Kecamatan": 3207240, "Kabupaten": 3207, "Koordinat Desa": -7.271, "field_10": 108.319, "Koordinat Calon Lokasi": null, "field_12": null, "field_13": null, "field_14": null, "Penyuluh Kehutanan \nPendamping": null, "Keterangan": null, "CDK": "CDK VII\r" }, "geometry": { "type": "Point", "coordinates": [ 108.319, -7.271 ] } },
{ "type": "Feature", "properties": { "No": 480, "Nama": "Asep Solehudin", "NIK": 3207040107630003, "Usia\n(Tahun)": "44", "Alamat": "Dusun Cikaronjo RT 04/RW 01 ", "Desa": 3207240005, "Kecamatan": 3207240, "Kabupaten": 3207, "Koordinat Desa": -7.264, "field_10": 108.298, "Koordinat Calon Lokasi": null, "field_12": null, "field_13": null, "field_14": null, "Penyuluh Kehutanan \nPendamping": null, "Keterangan": null, "CDK": "CDK VII\r" }, "geometry": { "type": "Point", "coordinates": [ 108.298, -7.264 ] } },
{ "type": "Feature", "properties": { "No": 481, "Nama": "Dede Yuyu", "NIK": 3207311707720004, "Usia\n(Tahun)": "54", "Alamat": "Dusun Gunungbangka II RT 28/RW 10", "Desa": 3207221001, "Kecamatan": 3207221, "Kabupaten": 3207, "Koordinat Desa": -7.266, "field_10": 108.222, "Koordinat Calon Lokasi": null, "field_12": null, "field_13": null, "field_14": null, "Penyuluh Kehutanan \nPendamping": null, "Keterangan": null, "CDK": "CDK VII\r" }, "geometry": { "type": "Point", "coordinates": [ 108.222, -7.266 ] } },
{ "type": "Feature", "properties": { "No": 482, "Nama": "Rosidin", "NIK": 3207311209690007, "Usia\n(Tahun)": "57", "Alamat": "Dusun Gunungbangka II RT 31/RW 11", "Desa": 3207221001, "Kecamatan": 3207221, "Kabupaten": 3207, "Koordinat Desa": -7.266, "field_10": 108.222, "Koordinat Calon Lokasi": null, "field_12": null, "field_13": null, "field_14": null, "Penyuluh Kehutanan \nPendamping": null, "Keterangan": null, "CDK": "CDK VII\r" }, "geometry": { "type": "Point", "coordinates": [ 108.222, -7.266 ] } },
{ "type": "Feature", "properties": { "No": 483, "Nama": "Tata", "NIK": 3207310502820003, "Usia\n(Tahun)": "44", "Alamat": "Dusun Gunungbangka I RT 25/RW 9", "Desa": 3207221001, "Kecamatan": 3207221, "Kabupaten": 3207, "Koordinat Desa": -7.266, "field_10": 108.222, "Koordinat Calon Lokasi": null, "field_12": null, "field_13": null, "field_14": null, "Penyuluh Kehutanan \nPendamping": null, "Keterangan": null, "CDK": "CDK VII\r" }, "geometry": { "type": "Point", "coordinates": [ 108.222, -7.266 ] } },
{ "type": "Feature", "properties": { "No": 484, "Nama": "Nanung", "NIK": 3207331209720001, "Usia\n(Tahun)": "54", "Alamat": "Dusun Cibeureum RT 020/RW 007 ", "Desa": 3207291003, "Kecamatan": 3207291, "Kabupaten": 3207, "Koordinat Desa": -7.081, "field_10": 108.299, "Koordinat Calon Lokasi": null, "field_12": null, "field_13": null, "field_14": null, "Penyuluh Kehutanan \nPendamping": null, "Keterangan": null, "CDK": "CDK VII\r" }, "geometry": { "type": "Point", "coordinates": [ 108.299, -7.081 ] } },
{ "type": "Feature", "properties": { "No": 485, "Nama": "Enduy", "NIK": 3207332309650001, "Usia\n(Tahun)": "61", "Alamat": "Dusun Cibeureum RT 020/RW 007 ", "Desa": 3207291003, "Kecamatan": 3207291, "Kabupaten": 3207, "Koordinat Desa": -7.081, "field_10": 108.299, "Koordinat Calon Lokasi": null, "field_12": null, "field_13": null, "field_14": null, "Penyuluh Kehutanan \nPendamping": null, "Keterangan": null, "CDK": "CDK VII\r" }, "geometry": { "type": "Point", "coordinates": [ 108.299, -7.081 ] } },
{ "type": "Feature", "properties": { "No": 486, "Nama": "Herdiana", "NIK": 3207331110770001, "Usia\n(Tahun)": "49", "Alamat": "Dusun Cibeureum RT 013/RW 005 ", "Desa": 3207291003, "Kecamatan": 3207291, "Kabupaten": 3207, "Koordinat Desa": -7.081, "field_10": 108.299, "Koordinat Calon Lokasi": null, "field_12": null, "field_13": null, "field_14": null, "Penyuluh Kehutanan \nPendamping": null, "Keterangan": null, "CDK": "CDK VII\r" }, "geometry": { "type": "Point", "coordinates": [ 108.299, -7.081 ] } },
{ "type": "Feature", "properties": { "No": 487, "Nama": "Firman Khabibi", "NIK": 3175061806800030, "Usia\n(Tahun)": "45", "Alamat": "Dsn. Kuta RT 001/RW 004 ", "Desa": 3207170002, "Kecamatan": 3207170, "Kabupaten": 3207, "Koordinat Desa": -7.272, "field_10": 108.554, "Koordinat Calon Lokasi": null, "field_12": null, "field_13": null, "field_14": null, "Penyuluh Kehutanan \nPendamping": null, "Keterangan": null, "CDK": "CDK VII\r" }, "geometry": { "type": "Point", "coordinates": [ 108.554, -7.272 ] } },
{ "type": "Feature", "properties": { "No": 488, "Nama": "Carwa Hadma", "NIK": 3207162001610001, "Usia\n(Tahun)": "64", "Alamat": "Dsn. Sodong RT 004/RW 004  ", "Desa": 3207170001, "Kecamatan": 3207170, "Kabupaten": 3207, "Koordinat Desa": -7.259, "field_10": 108.53, "Koordinat Calon Lokasi": null, "field_12": null, "field_13": null, "field_14": null, "Penyuluh Kehutanan \nPendamping": null, "Keterangan": null, "CDK": "CDK VII\r" }, "geometry": { "type": "Point", "coordinates": [ 108.53, -7.259 ] } },
{ "type": "Feature", "properties": { "No": 489, "Nama": "Sudarso", "NIK": 3207161509550001, "Usia\n(Tahun)": "70", "Alamat": "Dsn. Pasisian RT 001/RW 0011", "Desa": 3207170003, "Kecamatan": 3207170, "Kabupaten": 3207, "Koordinat Desa": -7.243, "field_10": 108.564, "Koordinat Calon Lokasi": null, "field_12": null, "field_13": null, "field_14": null, "Penyuluh Kehutanan \nPendamping": null, "Keterangan": null, "CDK": "CDK VII\r" }, "geometry": { "type": "Point", "coordinates": [ 108.564, -7.243 ] } },
{ "type": "Feature", "properties": { "No": 490, "Nama": "Jubaedi", "NIK": 3210090602690021, "Usia\n(Tahun)": "57", "Alamat": "RT 007 RW 004 Blok Kamis ", "Desa": 3210100001, "Kecamatan": 3210100, "Kabupaten": 3210, "Koordinat Desa": -6.826, "field_10": 108.35, "Koordinat Calon Lokasi": null, "field_12": null, "field_13": "6.806365", "field_14": "108.407797", "Penyuluh Kehutanan \nPendamping": null, "Keterangan": null, "CDK": "CDK VIII\r" }, "geometry": { "type": "Point", "coordinates": [ 108.35, -6.826 ] } },
{ "type": "Feature", "properties": { "No": 491, "Nama": "Rohendi", "NIK": 3208191107890001, "Usia\n(Tahun)": "37", "Alamat": "RT 009 RW 003 Blok Margamukti ", "Desa": 3208190006, "Kecamatan": 3208190, "Kabupaten": 3208, "Koordinat Desa": -6.842, "field_10": 108.407, "Koordinat Calon Lokasi": null, "field_12": null, "field_13": "6.806365", "field_14": "108.407797", "Penyuluh Kehutanan \nPendamping": null, "Keterangan": null, "CDK": "CDK VIII\r" }, "geometry": { "type": "Point", "coordinates": [ 108.407, -6.842 ] } },
{ "type": "Feature", "properties": { "No": 492, "Nama": "Rohili", "NIK": 3208192711850002, "Usia\n(Tahun)": "41", "Alamat": "RT 009 RW 003 Blok Margamukti ", "Desa": 3208190006, "Kecamatan": 3208190, "Kabupaten": 3208, "Koordinat Desa": -6.842, "field_10": 108.407, "Koordinat Calon Lokasi": null, "field_12": null, "field_13": "6.806365", "field_14": "108.407797", "Penyuluh Kehutanan \nPendamping": null, "Keterangan": null, "CDK": "CDK VIII\r" }, "geometry": { "type": "Point", "coordinates": [ 108.407, -6.842 ] } },
{ "type": "Feature", "properties": { "No": 493, "Nama": "Eri Ermawati", "NIK": 3208196812930002, "Usia\n(Tahun)": "33", "Alamat": "RT 012 RW 003 Blok Margamukti ", "Desa": 3208190006, "Kecamatan": 3208190, "Kabupaten": 3208, "Koordinat Desa": -6.842, "field_10": 108.407, "Koordinat Calon Lokasi": null, "field_12": null, "field_13": "6.806365", "field_14": "108.407797", "Penyuluh Kehutanan \nPendamping": null, "Keterangan": null, "CDK": "CDK VIII\r" }, "geometry": { "type": "Point", "coordinates": [ 108.407, -6.842 ] } },
{ "type": "Feature", "properties": { "No": 494, "Nama": "Ruslani", "NIK": 3208190901650003, "Usia\n(Tahun)": "61", "Alamat": "RT 009 RW 003 Blok Margamukti ", "Desa": 3208190006, "Kecamatan": 3208190, "Kabupaten": 3208, "Koordinat Desa": -6.842, "field_10": 108.407, "Koordinat Calon Lokasi": null, "field_12": null, "field_13": "6.806365", "field_14": "108.407797", "Penyuluh Kehutanan \nPendamping": null, "Keterangan": null, "CDK": "CDK VIII\r" }, "geometry": { "type": "Point", "coordinates": [ 108.407, -6.842 ] } },
{ "type": "Feature", "properties": { "No": 495, "Nama": "Hani Musyani", "NIK": 3208195508880007, "Usia\n(Tahun)": "38", "Alamat": "RT 009 RW 003 Blok Margamukti ", "Desa": 3208190006, "Kecamatan": 3208190, "Kabupaten": 3208, "Koordinat Desa": -6.842, "field_10": 108.407, "Koordinat Calon Lokasi": null, "field_12": null, "field_13": "6.806365", "field_14": "108.407797", "Penyuluh Kehutanan \nPendamping": null, "Keterangan": null, "CDK": "CDK VIII\r" }, "geometry": { "type": "Point", "coordinates": [ 108.407, -6.842 ] } },
{ "type": "Feature", "properties": { "No": 496, "Nama": "Sean", "NIK": 3208190906740003, "Usia\n(Tahun)": "52", "Alamat": "RT 009 RW 003 Blok Margamukti ", "Desa": 3208190006, "Kecamatan": 3208190, "Kabupaten": 3208, "Koordinat Desa": -6.842, "field_10": 108.407, "Koordinat Calon Lokasi": null, "field_12": null, "field_13": "6.806365", "field_14": "108.407797", "Penyuluh Kehutanan \nPendamping": null, "Keterangan": null, "CDK": "CDK VIII\r" }, "geometry": { "type": "Point", "coordinates": [ 108.407, -6.842 ] } },
{ "type": "Feature", "properties": { "No": 497, "Nama": "Madi", "NIK": 3208191706590003, "Usia\n(Tahun)": "67", "Alamat": "RT 006 RW 002 Blok Margamulya ", "Desa": 3208190006, "Kecamatan": 3208190, "Kabupaten": 3208, "Koordinat Desa": -6.842, "field_10": 108.407, "Koordinat Calon Lokasi": null, "field_12": null, "field_13": "6.806365", "field_14": "108.407797", "Penyuluh Kehutanan \nPendamping": null, "Keterangan": null, "CDK": "CDK VIII\r" }, "geometry": { "type": "Point", "coordinates": [ 108.407, -6.842 ] } },
{ "type": "Feature", "properties": { "No": 498, "Nama": "Dede Kuswandi", "NIK": 3208191004840001, "Usia\n(Tahun)": "42", "Alamat": "RT 006 RW 002 Blok Margamulya ", "Desa": 3208190006, "Kecamatan": 3208190, "Kabupaten": 3208, "Koordinat Desa": -6.842, "field_10": 108.407, "Koordinat Calon Lokasi": null, "field_12": null, "field_13": "6.806365", "field_14": "108.407797", "Penyuluh Kehutanan \nPendamping": null, "Keterangan": null, "CDK": "CDK VIII\r" }, "geometry": { "type": "Point", "coordinates": [ 108.407, -6.842 ] } },
{ "type": "Feature", "properties": { "No": 499, "Nama": "Leo Baetullah", "NIK": 3208190708960001, "Usia\n(Tahun)": "30", "Alamat": "RT 001 RW 001 Blok Margahayu ", "Desa": 3208190006, "Kecamatan": 3208190, "Kabupaten": 3208, "Koordinat Desa": -6.842, "field_10": 108.407, "Koordinat Calon Lokasi": null, "field_12": null, "field_13": "6.806365", "field_14": "108.407797", "Penyuluh Kehutanan \nPendamping": null, "Keterangan": null, "CDK": "CDK VIII\r" }, "geometry": { "type": "Point", "coordinates": [ 108.407, -6.842 ] } },
{ "type": "Feature", "properties": { "No": 500, "Nama": "Hendrik", "NIK": 3208191211810003, "Usia\n(Tahun)": "45", "Alamat": "RT 001 RW 001 Blok Margahayu ", "Desa": 3208190006, "Kecamatan": 3208190, "Kabupaten": 3208, "Koordinat Desa": -6.842, "field_10": 108.407, "Koordinat Calon Lokasi": null, "field_12": null, "field_13": "6.806365", "field_14": "108.407797", "Penyuluh Kehutanan \nPendamping": null, "Keterangan": null, "CDK": "CDK VIII\r" }, "geometry": { "type": "Point", "coordinates": [ 108.407, -6.842 ] } },
{ "type": "Feature", "properties": { "No": 501, "Nama": "Sukaesih", "NIK": 3208197112750008, "Usia\n(Tahun)": "51", "Alamat": "RT 009 RW 003 Blok Margamukti ", "Desa": 3208190006, "Kecamatan": 3208190, "Kabupaten": 3208, "Koordinat Desa": -6.842, "field_10": 108.407, "Koordinat Calon Lokasi": null, "field_12": null, "field_13": "6.806365", "field_14": "108.407797", "Penyuluh Kehutanan \nPendamping": null, "Keterangan": null, "CDK": "CDK VIII\r" }, "geometry": { "type": "Point", "coordinates": [ 108.407, -6.842 ] } },
{ "type": "Feature", "properties": { "No": 502, "Nama": "Ridwan Novriana", "NIK": 3208192111040001, "Usia\n(Tahun)": "22", "Alamat": "RT 005 RW 002 Blok Margamulya ", "Desa": 3208190006, "Kecamatan": 3208190, "Kabupaten": 3208, "Koordinat Desa": -6.842, "field_10": 108.407, "Koordinat Calon Lokasi": null, "field_12": null, "field_13": "6.806365", "field_14": "108.407797", "Penyuluh Kehutanan \nPendamping": null, "Keterangan": null, "CDK": "CDK VIII\r" }, "geometry": { "type": "Point", "coordinates": [ 108.407, -6.842 ] } },
{ "type": "Feature", "properties": { "No": 503, "Nama": "Supiti", "NIK": 3208196007780001, "Usia\n(Tahun)": "48", "Alamat": "RT 008 RW 002 Blok Margamulya ", "Desa": 3208190006, "Kecamatan": 3208190, "Kabupaten": 3208, "Koordinat Desa": -6.842, "field_10": 108.407, "Koordinat Calon Lokasi": null, "field_12": null, "field_13": "6.806365", "field_14": "108.407797", "Penyuluh Kehutanan \nPendamping": null, "Keterangan": null, "CDK": "CDK VIII\r" }, "geometry": { "type": "Point", "coordinates": [ 108.407, -6.842 ] } },
{ "type": "Feature", "properties": { "No": 504, "Nama": "Wiwin Wiarsih", "NIK": 3208196907850002, "Usia\n(Tahun)": "40", "Alamat": "RT 002 RW 001 Blok Margahayu ", "Desa": 3208190006, "Kecamatan": 3208190, "Kabupaten": 3208, "Koordinat Desa": -6.842, "field_10": 108.407, "Koordinat Calon Lokasi": null, "field_12": null, "field_13": "6.806365", "field_14": "108.407797", "Penyuluh Kehutanan \nPendamping": null, "Keterangan": null, "CDK": "CDK VIII\r" }, "geometry": { "type": "Point", "coordinates": [ 108.407, -6.842 ] } },
{ "type": "Feature", "properties": { "No": 505, "Nama": "Marsiti", "NIK": 3208196210790002, "Usia\n(Tahun)": "47", "Alamat": "RT 006 RW 002 Blok Margamukti ", "Desa": 3208190006, "Kecamatan": 3208190, "Kabupaten": 3208, "Koordinat Desa": -6.842, "field_10": 108.407, "Koordinat Calon Lokasi": null, "field_12": null, "field_13": "6.806365", "field_14": "108.407797", "Penyuluh Kehutanan \nPendamping": null, "Keterangan": null, "CDK": "CDK VIII\r" }, "geometry": { "type": "Point", "coordinates": [ 108.407, -6.842 ] } },
{ "type": "Feature", "properties": { "No": 506, "Nama": "Sanimah", "NIK": 3208196507680002, "Usia\n(Tahun)": "58", "Alamat": "RT 006 RW 002 Blok Margamulya ", "Desa": 3208190006, "Kecamatan": 3208190, "Kabupaten": 3208, "Koordinat Desa": -6.842, "field_10": 108.407, "Koordinat Calon Lokasi": null, "field_12": null, "field_13": "6.806365", "field_14": "108.407797", "Penyuluh Kehutanan \nPendamping": null, "Keterangan": null, "CDK": "CDK VIII\r" }, "geometry": { "type": "Point", "coordinates": [ 108.407, -6.842 ] } },
{ "type": "Feature", "properties": { "No": 507, "Nama": "Marsih", "NIK": 3208195205600004, "Usia\n(Tahun)": "65", "Alamat": "RT 001 RW 001 Blok Margahayu ", "Desa": 3208190006, "Kecamatan": 3208190, "Kabupaten": 3208, "Koordinat Desa": -6.842, "field_10": 108.407, "Koordinat Calon Lokasi": null, "field_12": null, "field_13": "6.806365", "field_14": "108.407797", "Penyuluh Kehutanan \nPendamping": null, "Keterangan": null, "CDK": "CDK VIII\r" }, "geometry": { "type": "Point", "coordinates": [ 108.407, -6.842 ] } },
{ "type": "Feature", "properties": { "No": 508, "Nama": "Ijah", "NIK": 3208195604750002, "Usia\n(Tahun)": "51", "Alamat": "RT 002 RW 001 Blok Margahayu ", "Desa": 3208190006, "Kecamatan": 3208190, "Kabupaten": 3208, "Koordinat Desa": -6.842, "field_10": 108.407, "Koordinat Calon Lokasi": null, "field_12": null, "field_13": "6.806365", "field_14": "108.407797", "Penyuluh Kehutanan \nPendamping": null, "Keterangan": null, "CDK": "CDK VIII\r" }, "geometry": { "type": "Point", "coordinates": [ 108.407, -6.842 ] } },
{ "type": "Feature", "properties": { "No": 509, "Nama": "Imas Masiri", "NIK": 3208195806860002, "Usia\n(Tahun)": "40", "Alamat": "RT 010 RW 003 Blok Margamukti ", "Desa": 3208190006, "Kecamatan": 3208190, "Kabupaten": 3208, "Koordinat Desa": -6.842, "field_10": 108.407, "Koordinat Calon Lokasi": null, "field_12": null, "field_13": "6.806365", "field_14": "108.407797", "Penyuluh Kehutanan \nPendamping": null, "Keterangan": null, "CDK": "CDK VIII\r" }, "geometry": { "type": "Point", "coordinates": [ 108.407, -6.842 ] } },
{ "type": "Feature", "properties": { "No": 510, "Nama": "Asep Rolly", "NIK": 3209162108920001, "Usia\n(Tahun)": "34", "Alamat": "RT 006 RW 002 Blok Margamulya ", "Desa": 3208190006, "Kecamatan": 3208190, "Kabupaten": 3208, "Koordinat Desa": -6.842, "field_10": 108.407, "Koordinat Calon Lokasi": null, "field_12": null, "field_13": "6.806365", "field_14": "108.407797", "Penyuluh Kehutanan \nPendamping": null, "Keterangan": null, "CDK": "CDK VIII\r" }, "geometry": { "type": "Point", "coordinates": [ 108.407, -6.842 ] } },
{ "type": "Feature", "properties": { "No": 511, "Nama": "Jahuri", "NIK": 3208191805800002, "Usia\n(Tahun)": "46", "Alamat": "RT 005 RW 002 Blok Margamulya ", "Desa": 3208190006, "Kecamatan": 3208190, "Kabupaten": 3208, "Koordinat Desa": -6.842, "field_10": 108.407, "Koordinat Calon Lokasi": null, "field_12": null, "field_13": "6.806365", "field_14": "108.407797", "Penyuluh Kehutanan \nPendamping": null, "Keterangan": null, "CDK": "CDK VIII\r" }, "geometry": { "type": "Point", "coordinates": [ 108.407, -6.842 ] } },
{ "type": "Feature", "properties": { "No": 512, "Nama": "Nendra Sonjaya", "NIK": 3208190101900005, "Usia\n(Tahun)": "35", "Alamat": "RT 007 RW 002 Blok Margamulya ", "Desa": 3208190006, "Kecamatan": 3208190, "Kabupaten": 3208, "Koordinat Desa": -6.842, "field_10": 108.407, "Koordinat Calon Lokasi": null, "field_12": null, "field_13": "6.806365", "field_14": "108.407797", "Penyuluh Kehutanan \nPendamping": null, "Keterangan": null, "CDK": "CDK VIII\r" }, "geometry": { "type": "Point", "coordinates": [ 108.407, -6.842 ] } },
{ "type": "Feature", "properties": { "No": 513, "Nama": "Suhamid", "NIK": 3208191011720002, "Usia\n(Tahun)": "54", "Alamat": "RT 001 RW 001 Blok Margahayu ", "Desa": 3208190006, "Kecamatan": 3208190, "Kabupaten": 3208, "Koordinat Desa": -6.842, "field_10": 108.407, "Koordinat Calon Lokasi": null, "field_12": null, "field_13": "6.806365", "field_14": "108.407797", "Penyuluh Kehutanan \nPendamping": null, "Keterangan": null, "CDK": "CDK VIII\r" }, "geometry": { "type": "Point", "coordinates": [ 108.407, -6.842 ] } },
{ "type": "Feature", "properties": { "No": 514, "Nama": "Ratinah", "NIK": 3208195510580001, "Usia\n(Tahun)": "68", "Alamat": "RT 006 RW 002 Blok Margamulya ", "Desa": 3208190006, "Kecamatan": 3208190, "Kabupaten": 3208, "Koordinat Desa": -6.842, "field_10": 108.407, "Koordinat Calon Lokasi": null, "field_12": null, "field_13": "6.806365", "field_14": "108.407797", "Penyuluh Kehutanan \nPendamping": null, "Keterangan": null, "CDK": "CDK VIII\r" }, "geometry": { "type": "Point", "coordinates": [ 108.407, -6.842 ] } },
{ "type": "Feature", "properties": { "No": 515, "Nama": "Urip Supriadi", "NIK": 3208191302810002, "Usia\n(Tahun)": "45", "Alamat": "RT 006 RW 002 Blok Margamulya ", "Desa": 3208190006, "Kecamatan": 3208190, "Kabupaten": 3208, "Koordinat Desa": -6.842, "field_10": 108.407, "Koordinat Calon Lokasi": null, "field_12": null, "field_13": "6.806365", "field_14": "108.407797", "Penyuluh Kehutanan \nPendamping": null, "Keterangan": null, "CDK": "CDK VIII\r" }, "geometry": { "type": "Point", "coordinates": [ 108.407, -6.842 ] } },
{ "type": "Feature", "properties": { "No": 516, "Nama": "Saim", "NIK": 3208190702680003, "Usia\n(Tahun)": "58", "Alamat": "RT 001 RW 001 Blok Margahayu ", "Desa": 3208190006, "Kecamatan": 3208190, "Kabupaten": 3208, "Koordinat Desa": -6.842, "field_10": 108.407, "Koordinat Calon Lokasi": null, "field_12": null, "field_13": "6.806365", "field_14": "108.407797", "Penyuluh Kehutanan \nPendamping": null, "Keterangan": null, "CDK": "CDK VIII\r" }, "geometry": { "type": "Point", "coordinates": [ 108.407, -6.842 ] } },
{ "type": "Feature", "properties": { "No": 517, "Nama": "Wawan", "NIK": 3208193001690002, "Usia\n(Tahun)": "57", "Alamat": "RT 005 RW 002 Blok Margamulya ", "Desa": 3208190006, "Kecamatan": 3208190, "Kabupaten": 3208, "Koordinat Desa": -6.842, "field_10": 108.407, "Koordinat Calon Lokasi": null, "field_12": null, "field_13": "6.806365", "field_14": "108.407797", "Penyuluh Kehutanan \nPendamping": null, "Keterangan": null, "CDK": "CDK VIII\r" }, "geometry": { "type": "Point", "coordinates": [ 108.407, -6.842 ] } },
{ "type": "Feature", "properties": { "No": 518, "Nama": "Rustimah", "NIK": 3208194204700003, "Usia\n(Tahun)": "56", "Alamat": "RT 002 RW 001 Blok Margahayu ", "Desa": 3208190006, "Kecamatan": 3208190, "Kabupaten": 3208, "Koordinat Desa": -6.842, "field_10": 108.407, "Koordinat Calon Lokasi": null, "field_12": null, "field_13": "6.806365", "field_14": "108.407797", "Penyuluh Kehutanan \nPendamping": null, "Keterangan": null, "CDK": "CDK VIII\r" }, "geometry": { "type": "Point", "coordinates": [ 108.407, -6.842 ] } },
{ "type": "Feature", "properties": { "No": 519, "Nama": "Sumarni", "NIK": 3208195204710001, "Usia\n(Tahun)": "55", "Alamat": "RT 006 RW 002 Blok Margamulya ", "Desa": 3208190006, "Kecamatan": 3208190, "Kabupaten": 3208, "Koordinat Desa": -6.842, "field_10": 108.407, "Koordinat Calon Lokasi": null, "field_12": null, "field_13": "6.806365", "field_14": "108.407797", "Penyuluh Kehutanan \nPendamping": null, "Keterangan": null, "CDK": "CDK VIII\r" }, "geometry": { "type": "Point", "coordinates": [ 108.407, -6.842 ] } },
{ "type": "Feature", "properties": { "No": 520, "Nama": "Ecih", "NIK": 3208194207700003, "Usia\n(Tahun)": "56", "Alamat": "RT 001 RW 001 Blok Margahayu ", "Desa": 3208190006, "Kecamatan": 3208190, "Kabupaten": 3208, "Koordinat Desa": -6.842, "field_10": 108.407, "Koordinat Calon Lokasi": null, "field_12": null, "field_13": "6.806365", "field_14": "108.407797", "Penyuluh Kehutanan \nPendamping": null, "Keterangan": null, "CDK": "CDK VIII\r" }, "geometry": { "type": "Point", "coordinates": [ 108.407, -6.842 ] } },
{ "type": "Feature", "properties": { "No": 521, "Nama": "Rastani", "NIK": 3208191608620002, "Usia\n(Tahun)": "64", "Alamat": "RT 006 RW 002 Blok Margamulya ", "Desa": 3208190006, "Kecamatan": 3208190, "Kabupaten": 3208, "Koordinat Desa": -6.842, "field_10": 108.407, "Koordinat Calon Lokasi": null, "field_12": null, "field_13": "6.806365", "field_14": "108.407797", "Penyuluh Kehutanan \nPendamping": null, "Keterangan": null, "CDK": "CDK VIII\r" }, "geometry": { "type": "Point", "coordinates": [ 108.407, -6.842 ] } },
{ "type": "Feature", "properties": { "No": 522, "Nama": "Bary", "NIK": 3208191504780009, "Usia\n(Tahun)": "48", "Alamat": "RT 005 RW 002 Blok Margamulya ", "Desa": 3208190006, "Kecamatan": 3208190, "Kabupaten": 3208, "Koordinat Desa": -6.842, "field_10": 108.407, "Koordinat Calon Lokasi": null, "field_12": null, "field_13": "6.806365", "field_14": "108.407797", "Penyuluh Kehutanan \nPendamping": null, "Keterangan": null, "CDK": "CDK VIII\r" }, "geometry": { "type": "Point", "coordinates": [ 108.407, -6.842 ] } },
{ "type": "Feature", "properties": { "No": 523, "Nama": "Sukanda", "NIK": 3208191408680001, "Usia\n(Tahun)": "58", "Alamat": "RT 005 RW 002 Blok Margamulya ", "Desa": 3208190006, "Kecamatan": 3208190, "Kabupaten": 3208, "Koordinat Desa": -6.842, "field_10": 108.407, "Koordinat Calon Lokasi": null, "field_12": null, "field_13": "6.806365", "field_14": "108.407797", "Penyuluh Kehutanan \nPendamping": null, "Keterangan": null, "CDK": "CDK VIII\r" }, "geometry": { "type": "Point", "coordinates": [ 108.407, -6.842 ] } },
{ "type": "Feature", "properties": { "No": 524, "Nama": "Ijoh", "NIK": 3208197112750004, "Usia\n(Tahun)": "51", "Alamat": "RT 009 RW 003 Blok Margamukti ", "Desa": 3208190006, "Kecamatan": 3208190, "Kabupaten": 3208, "Koordinat Desa": -6.842, "field_10": 108.407, "Koordinat Calon Lokasi": null, "field_12": null, "field_13": "6.806365", "field_14": "108.407797", "Penyuluh Kehutanan \nPendamping": null, "Keterangan": null, "CDK": "CDK VIII\r" }, "geometry": { "type": "Point", "coordinates": [ 108.407, -6.842 ] } },
{ "type": "Feature", "properties": { "No": 525, "Nama": "Misi", "NIK": 3208194710650003, "Usia\n(Tahun)": "61", "Alamat": "RT 0001 RW 001 Blok Margahayu ", "Desa": 3208190006, "Kecamatan": 3208190, "Kabupaten": 3208, "Koordinat Desa": -6.842, "field_10": 108.407, "Koordinat Calon Lokasi": null, "field_12": null, "field_13": "6.806365", "field_14": "108.407797", "Penyuluh Kehutanan \nPendamping": null, "Keterangan": null, "CDK": "CDK VIII\r" }, "geometry": { "type": "Point", "coordinates": [ 108.407, -6.842 ] } },
{ "type": "Feature", "properties": { "No": 526, "Nama": "Selamet Riyadi", "NIK": 3208190202940001, "Usia\n(Tahun)": "32", "Alamat": "RT 003 RW 001 Bok Margahayu ", "Desa": 3208190006, "Kecamatan": 3208190, "Kabupaten": 3208, "Koordinat Desa": -6.842, "field_10": 108.407, "Koordinat Calon Lokasi": null, "field_12": null, "field_13": "6.806365", "field_14": "108.407797", "Penyuluh Kehutanan \nPendamping": null, "Keterangan": null, "CDK": "CDK VIII\r" }, "geometry": { "type": "Point", "coordinates": [ 108.407, -6.842 ] } },
{ "type": "Feature", "properties": { "No": 527, "Nama": "Teti", "NIK": 3208194902790002, "Usia\n(Tahun)": "47", "Alamat": "RT 004 RW 001 Blok Margahayu ", "Desa": 3208190006, "Kecamatan": 3208190, "Kabupaten": 3208, "Koordinat Desa": -6.842, "field_10": 108.407, "Koordinat Calon Lokasi": null, "field_12": null, "field_13": "6.806365", "field_14": "108.407797", "Penyuluh Kehutanan \nPendamping": null, "Keterangan": null, "CDK": "CDK VIII\r" }, "geometry": { "type": "Point", "coordinates": [ 108.407, -6.842 ] } },
{ "type": "Feature", "properties": { "No": 528, "Nama": "Karyo", "NIK": 3208190411710001, "Usia\n(Tahun)": "55", "Alamat": "RT 004 RW 001 Blok Margahayu ", "Desa": 3208190006, "Kecamatan": 3208190, "Kabupaten": 3208, "Koordinat Desa": -6.842, "field_10": 108.407, "Koordinat Calon Lokasi": null, "field_12": null, "field_13": "6.806365", "field_14": "108.407797", "Penyuluh Kehutanan \nPendamping": null, "Keterangan": null, "CDK": "CDK VIII\r" }, "geometry": { "type": "Point", "coordinates": [ 108.407, -6.842 ] } },
{ "type": "Feature", "properties": { "No": 529, "Nama": "Ade", "NIK": 3208195001740002, "Usia\n(Tahun)": "52", "Alamat": "RT 009 RW 003 Blok Margamukti ", "Desa": 3208190006, "Kecamatan": 3208190, "Kabupaten": 3208, "Koordinat Desa": -6.842, "field_10": 108.407, "Koordinat Calon Lokasi": null, "field_12": null, "field_13": "6.806365", "field_14": "108.407797", "Penyuluh Kehutanan \nPendamping": null, "Keterangan": null, "CDK": "CDK VIII\r" }, "geometry": { "type": "Point", "coordinates": [ 108.407, -6.842 ] } },
{ "type": "Feature", "properties": { "No": 530, "Nama": "Mistara", "NIK": 3208191506710004, "Usia\n(Tahun)": "55", "Alamat": "RT 009 RW 003 Blok Margamukti ", "Desa": 3208190006, "Kecamatan": 3208190, "Kabupaten": 3208, "Koordinat Desa": -6.842, "field_10": 108.407, "Koordinat Calon Lokasi": null, "field_12": null, "field_13": "6.806365", "field_14": "108.407797", "Penyuluh Kehutanan \nPendamping": null, "Keterangan": null, "CDK": "CDK VIII\r" }, "geometry": { "type": "Point", "coordinates": [ 108.407, -6.842 ] } },
{ "type": "Feature", "properties": { "No": 531, "Nama": "Riyanto", "NIK": 3212111012660003, "Usia\n(Tahun)": "60", "Alamat": "RT 009 RW 003 Blok Margamukti ", "Desa": 3208190006, "Kecamatan": 3208190, "Kabupaten": 3208, "Koordinat Desa": -6.842, "field_10": 108.407, "Koordinat Calon Lokasi": null, "field_12": null, "field_13": "6.806365", "field_14": "108.407797", "Penyuluh Kehutanan \nPendamping": null, "Keterangan": null, "CDK": "CDK VIII\r" }, "geometry": { "type": "Point", "coordinates": [ 108.407, -6.842 ] } },
{ "type": "Feature", "properties": { "No": 532, "Nama": "Waryinah", "NIK": 3208194402680001, "Usia\n(Tahun)": "56", "Alamat": "RT 009 003 Blok Margamukti ", "Desa": 3208190006, "Kecamatan": 3208190, "Kabupaten": 3208, "Koordinat Desa": -6.842, "field_10": 108.407, "Koordinat Calon Lokasi": null, "field_12": null, "field_13": "6.806365", "field_14": "108.407797", "Penyuluh Kehutanan \nPendamping": null, "Keterangan": null, "CDK": "CDK VIII\r" }, "geometry": { "type": "Point", "coordinates": [ 108.407, -6.842 ] } },
{ "type": "Feature", "properties": { "No": 533, "Nama": "Sujai", "NIK": 3208192006600005, "Usia\n(Tahun)": "58", "Alamat": "RT 009 RW 003 Blok Margamukti ", "Desa": 3208190006, "Kecamatan": 3208190, "Kabupaten": 3208, "Koordinat Desa": -6.842, "field_10": 108.407, "Koordinat Calon Lokasi": null, "field_12": null, "field_13": "6.806365", "field_14": "108.407797", "Penyuluh Kehutanan \nPendamping": null, "Keterangan": null, "CDK": "CDK VIII\r" }, "geometry": { "type": "Point", "coordinates": [ 108.407, -6.842 ] } },
{ "type": "Feature", "properties": { "No": 534, "Nama": "Rohmana", "NIK": 3208191902010002, "Usia\n(Tahun)": "25", "Alamat": "RT 005 RW 002 Blok Margamulya", "Desa": 3208190006, "Kecamatan": 3208190, "Kabupaten": 3208, "Koordinat Desa": -6.842, "field_10": 108.407, "Koordinat Calon Lokasi": null, "field_12": null, "field_13": "6.806365", "field_14": "108.407797", "Penyuluh Kehutanan \nPendamping": null, "Keterangan": null, "CDK": "CDK VIII\r" }, "geometry": { "type": "Point", "coordinates": [ 108.407, -6.842 ] } },
{ "type": "Feature", "properties": { "No": 535, "Nama": "Suherman", "NIK": 3208191906660008, "Usia\n(Tahun)": "35", "Alamat": "RT 010 RW 003 Blok Margamukti ", "Desa": 3208190006, "Kecamatan": 3208190, "Kabupaten": 3208, "Koordinat Desa": -6.842, "field_10": 108.407, "Koordinat Calon Lokasi": null, "field_12": null, "field_13": "6.806365", "field_14": "108.407797", "Penyuluh Kehutanan \nPendamping": null, "Keterangan": null, "CDK": "CDK VIII\r" }, "geometry": { "type": "Point", "coordinates": [ 108.407, -6.842 ] } },
{ "type": "Feature", "properties": { "No": 536, "Nama": "Sarmiah", "NIK": 3208195501760001, "Usia\n(Tahun)": "60", "Alamat": "RT 005 RW 002 Blok Margamulya ", "Desa": 3208190006, "Kecamatan": 3208190, "Kabupaten": 3208, "Koordinat Desa": -6.842, "field_10": 108.407, "Koordinat Calon Lokasi": null, "field_12": null, "field_13": "6.806365", "field_14": "108.407797", "Penyuluh Kehutanan \nPendamping": null, "Keterangan": null, "CDK": "CDK VIII\r" }, "geometry": { "type": "Point", "coordinates": [ 108.407, -6.842 ] } },
{ "type": "Feature", "properties": { "No": 537, "Nama": "Sunawi", "NIK": 3208191211700001, "Usia\n(Tahun)": "51", "Alamat": "RT 005 RW 002 Blok Margamulya ", "Desa": 3208190006, "Kecamatan": 3208190, "Kabupaten": 3208, "Koordinat Desa": -6.842, "field_10": 108.407, "Koordinat Calon Lokasi": null, "field_12": null, "field_13": "6.806365", "field_14": "108.407797", "Penyuluh Kehutanan \nPendamping": null, "Keterangan": null, "CDK": "CDK VIII\r" }, "geometry": { "type": "Point", "coordinates": [ 108.407, -6.842 ] } },
{ "type": "Feature", "properties": { "No": 538, "Nama": "Turyati", "NIK": 3208195002740001, "Usia\n(Tahun)": "56", "Alamat": "RT 005 RW 002 Blok Margamulya ", "Desa": 3208190006, "Kecamatan": 3208190, "Kabupaten": 3208, "Koordinat Desa": -6.842, "field_10": 108.407, "Koordinat Calon Lokasi": null, "field_12": null, "field_13": "6.806365", "field_14": "108.407797", "Penyuluh Kehutanan \nPendamping": null, "Keterangan": null, "CDK": "CDK VIII\r" }, "geometry": { "type": "Point", "coordinates": [ 108.407, -6.842 ] } },
{ "type": "Feature", "properties": { "No": 539, "Nama": "Samsudin", "NIK": 3208192509770002, "Usia\n(Tahun)": "52", "Alamat": "RT 003 RW 001 Blok Margahayu ", "Desa": 3208190006, "Kecamatan": 3208190, "Kabupaten": 3208, "Koordinat Desa": -6.842, "field_10": 108.407, "Koordinat Calon Lokasi": null, "field_12": null, "field_13": "6.806365", "field_14": "108.407797", "Penyuluh Kehutanan \nPendamping": null, "Keterangan": null, "CDK": "CDK VIII\r" }, "geometry": { "type": "Point", "coordinates": [ 108.407, -6.842 ] } },
{ "type": "Feature", "properties": { "No": 540, "Nama": "Ardita", "NIK": 3208190403680002, "Usia\n(Tahun)": "49", "Alamat": "RT 002 RW 001 Blok Margahayu ", "Desa": 3208190006, "Kecamatan": 3208190, "Kabupaten": 3208, "Koordinat Desa": -6.842, "field_10": 108.407, "Koordinat Calon Lokasi": null, "field_12": null, "field_13": "6.806365", "field_14": "108.407797", "Penyuluh Kehutanan \nPendamping": null, "Keterangan": null, "CDK": "CDK VIII\r" }, "geometry": { "type": "Point", "coordinates": [ 108.407, -6.842 ] } },
{ "type": "Feature", "properties": { "No": 541, "Nama": "Arman", "NIK": 3208190108700003, "Usia\n(Tahun)": "56", "Alamat": "RT 007 RW 002 Blok Margamulya ", "Desa": 3208190006, "Kecamatan": 3208190, "Kabupaten": 3208, "Koordinat Desa": -6.842, "field_10": 108.407, "Koordinat Calon Lokasi": null, "field_12": null, "field_13": "6.806843", "field_14": "108.405215", "Penyuluh Kehutanan \nPendamping": null, "Keterangan": null, "CDK": "CDK VIII\r" }, "geometry": { "type": "Point", "coordinates": [ 108.407, -6.842 ] } },
{ "type": "Feature", "properties": { "No": 542, "Nama": "Jambi", "NIK": 3208191008550004, "Usia\n(Tahun)": "71", "Alamat": "RT 007 RW 002 Blok Margamulya ", "Desa": 3208190006, "Kecamatan": 3208190, "Kabupaten": 3208, "Koordinat Desa": -6.842, "field_10": 108.407, "Koordinat Calon Lokasi": null, "field_12": null, "field_13": "6.806843", "field_14": "108.405215", "Penyuluh Kehutanan \nPendamping": null, "Keterangan": null, "CDK": "CDK VIII\r" }, "geometry": { "type": "Point", "coordinates": [ 108.407, -6.842 ] } },
{ "type": "Feature", "properties": { "No": 543, "Nama": "Kadi", "NIK": 3208190107630030, "Usia\n(Tahun)": "63", "Alamat": "RT 001 RW 001 Blok Margahayu ", "Desa": 3208190006, "Kecamatan": 3208190, "Kabupaten": 3208, "Koordinat Desa": -6.842, "field_10": 108.407, "Koordinat Calon Lokasi": null, "field_12": null, "field_13": "6.806843", "field_14": "108.405215", "Penyuluh Kehutanan \nPendamping": null, "Keterangan": null, "CDK": "CDK VIII\r" }, "geometry": { "type": "Point", "coordinates": [ 108.407, -6.842 ] } },
{ "type": "Feature", "properties": { "No": 544, "Nama": "Udin samsudin", "NIK": 3208192604740001, "Usia\n(Tahun)": "52", "Alamat": "RT 001 RW 001 Blok Margahayu ", "Desa": 3208190006, "Kecamatan": 3208190, "Kabupaten": 3208, "Koordinat Desa": -6.842, "field_10": 108.407, "Koordinat Calon Lokasi": null, "field_12": null, "field_13": "6.806843", "field_14": "108.405215", "Penyuluh Kehutanan \nPendamping": null, "Keterangan": null, "CDK": "CDK VIII\r" }, "geometry": { "type": "Point", "coordinates": [ 108.407, -6.842 ] } },
{ "type": "Feature", "properties": { "No": 545, "Nama": "Tata Suarta", "NIK": 3208190802650003, "Usia\n(Tahun)": "61", "Alamat": "RT 009 RW 003 Blok Margamukti ", "Desa": 3208190006, "Kecamatan": 3208190, "Kabupaten": 3208, "Koordinat Desa": -6.842, "field_10": 108.407, "Koordinat Calon Lokasi": null, "field_12": null, "field_13": "6.806843", "field_14": "108.405215", "Penyuluh Kehutanan \nPendamping": null, "Keterangan": null, "CDK": "CDK VIII\r" }, "geometry": { "type": "Point", "coordinates": [ 108.407, -6.842 ] } },
{ "type": "Feature", "properties": { "No": 546, "Nama": "Soleman", "NIK": 3208190808620006, "Usia\n(Tahun)": "64", "Alamat": "RT 009 RW 003 Blok Margamukti ", "Desa": 3208190006, "Kecamatan": 3208190, "Kabupaten": 3208, "Koordinat Desa": -6.842, "field_10": 108.407, "Koordinat Calon Lokasi": null, "field_12": null, "field_13": "6.806843", "field_14": "108.405215", "Penyuluh Kehutanan \nPendamping": null, "Keterangan": null, "CDK": "CDK VIII\r" }, "geometry": { "type": "Point", "coordinates": [ 108.407, -6.842 ] } },
{ "type": "Feature", "properties": { "No": 547, "Nama": "Saepudin", "NIK": 3211150708640004, "Usia\n(Tahun)": "61", "Alamat": "Dusun Jatiroke RT 003 RW 005 ", "Desa": 3211010007, "Kecamatan": 3211010, "Kabupaten": 3211, "Koordinat Desa": -6.934, "field_10": 107.793, "Koordinat Calon Lokasi": null, "field_12": null, "field_13": null, "field_14": null, "Penyuluh Kehutanan \nPendamping": null, "Keterangan": null, "CDK": "CDK IX\r" }, "geometry": { "type": "Point", "coordinates": [ 107.793, -6.934 ] } },
{ "type": "Feature", "properties": { "No": 548, "Nama": "Taryana", "NIK": 3211151010720008, "Usia\n(Tahun)": "53", "Alamat": "Dusun Sundasari RT 004 RW 003", "Desa": 3211010007, "Kecamatan": 3211010, "Kabupaten": 3211, "Koordinat Desa": -6.934, "field_10": 107.793, "Koordinat Calon Lokasi": null, "field_12": null, "field_13": null, "field_14": null, "Penyuluh Kehutanan \nPendamping": null, "Keterangan": null, "CDK": "CDK IX\r" }, "geometry": { "type": "Point", "coordinates": [ 107.793, -6.934 ] } },
{ "type": "Feature", "properties": { "No": 549, "Nama": "Rusli", "NIK": 1804051011740003, "Usia\n(Tahun)": "51", "Alamat": "Dusun Jatiroke RT 002 RW 003 ", "Desa": 3211010007, "Kecamatan": 3211010, "Kabupaten": 3211, "Koordinat Desa": -6.934, "field_10": 107.793, "Koordinat Calon Lokasi": null, "field_12": null, "field_13": null, "field_14": null, "Penyuluh Kehutanan \nPendamping": null, "Keterangan": null, "CDK": "CDK IX\r" }, "geometry": { "type": "Point", "coordinates": [ 107.793, -6.934 ] } },
{ "type": "Feature", "properties": { "No": 550, "Nama": "Wahyu", "NIK": 3211150404610006, "Usia\n(Tahun)": "64", "Alamat": "Dusun Jatiroke RT 004 RW 003 ", "Desa": 3211010007, "Kecamatan": 3211010, "Kabupaten": 3211, "Koordinat Desa": -6.934, "field_10": 107.793, "Koordinat Calon Lokasi": null, "field_12": null, "field_13": null, "field_14": null, "Penyuluh Kehutanan \nPendamping": null, "Keterangan": null, "CDK": "CDK IX\r" }, "geometry": { "type": "Point", "coordinates": [ 107.793, -6.934 ] } },
{ "type": "Feature", "properties": { "No": 551, "Nama": "Ujang Rosidin", "NIK": 3211152604710005, "Usia\n(Tahun)": "54", "Alamat": "Dusun Jatiroke RT 005 RW 003 ", "Desa": 3211010007, "Kecamatan": 3211010, "Kabupaten": 3211, "Koordinat Desa": -6.934, "field_10": 107.793, "Koordinat Calon Lokasi": null, "field_12": null, "field_13": null, "field_14": null, "Penyuluh Kehutanan \nPendamping": null, "Keterangan": null, "CDK": "CDK IX\r" }, "geometry": { "type": "Point", "coordinates": [ 107.793, -6.934 ] } },
{ "type": "Feature", "properties": { "No": 552, "Nama": "Sulaeman", "NIK": 3211153001660001, "Usia\n(Tahun)": "60", "Alamat": "Dusun Bebedahan RT 003 RW 002 ", "Desa": 3211010007, "Kecamatan": 3211010, "Kabupaten": 3211, "Koordinat Desa": -6.934, "field_10": 107.793, "Koordinat Calon Lokasi": null, "field_12": null, "field_13": null, "field_14": null, "Penyuluh Kehutanan \nPendamping": null, "Keterangan": null, "CDK": "CDK IX\r" }, "geometry": { "type": "Point", "coordinates": [ 107.793, -6.934 ] } },
{ "type": "Feature", "properties": { "No": 553, "Nama": "Dadang Kosasih", "NIK": 3211131805820006, "Usia\n(Tahun)": "43", "Alamat": "Dusun Neglasari RT 03 RW 01 ", "Desa": 3211032003, "Kecamatan": 3211032, "Kabupaten": 3211, "Koordinat Desa": -6.896, "field_10": 107.861, "Koordinat Calon Lokasi": null, "field_12": null, "field_13": null, "field_14": null, "Penyuluh Kehutanan \nPendamping": null, "Keterangan": null, "CDK": "CDK IX\r" }, "geometry": { "type": "Point", "coordinates": [ 107.861, -6.896 ] } },
{ "type": "Feature", "properties": { "No": 554, "Nama": "Oman Suherman", "NIK": 3211132204730001, "Usia\n(Tahun)": "52", "Alamat": " ", "Desa": 3211032003, "Kecamatan": 3211032, "Kabupaten": 3211, "Koordinat Desa": -6.896, "field_10": 107.861, "Koordinat Calon Lokasi": null, "field_12": null, "field_13": null, "field_14": null, "Penyuluh Kehutanan \nPendamping": null, "Keterangan": null, "CDK": "CDK IX\r" }, "geometry": { "type": "Point", "coordinates": [ 107.861, -6.896 ] } },
{ "type": "Feature", "properties": { "No": 555, "Nama": "Entis Sutisna", "NIK": 3211130201780002, "Usia\n(Tahun)": "47", "Alamat": "Dusun Cisalak RT 03 RW 03 ", "Desa": 3211032003, "Kecamatan": 3211032, "Kabupaten": 3211, "Koordinat Desa": -6.896, "field_10": 107.861, "Koordinat Calon Lokasi": null, "field_12": null, "field_13": null, "field_14": null, "Penyuluh Kehutanan \nPendamping": null, "Keterangan": null, "CDK": "CDK IX\r" }, "geometry": { "type": "Point", "coordinates": [ 107.861, -6.896 ] } },
{ "type": "Feature", "properties": { "No": 556, "Nama": "Wawan", "NIK": 3211140501790007, "Usia\n(Tahun)": "46", "Alamat": "Dusun Sindangsari RT 003 RW 012 ", "Desa": 3211020011, "Kecamatan": 3211020, "Kabupaten": 3211, "Koordinat Desa": -6.95, "field_10": 107.839, "Koordinat Calon Lokasi": null, "field_12": null, "field_13": null, "field_14": null, "Penyuluh Kehutanan \nPendamping": null, "Keterangan": null, "CDK": "CDK IX\r" }, "geometry": { "type": "Point", "coordinates": [ 107.839, -6.95 ] } },
{ "type": "Feature", "properties": { "No": 557, "Nama": "Ayat Hidayat", "NIK": 3211140301660002, "Usia\n(Tahun)": "59", "Alamat": "Dusun Cilimus Jangkung RT 001 RW 013 ", "Desa": 3211020011, "Kecamatan": 3211020, "Kabupaten": 3211, "Koordinat Desa": -6.95, "field_10": 107.839, "Koordinat Calon Lokasi": null, "field_12": null, "field_13": null, "field_14": null, "Penyuluh Kehutanan \nPendamping": null, "Keterangan": null, "CDK": "CDK IX\r" }, "geometry": { "type": "Point", "coordinates": [ 107.839, -6.95 ] } },
{ "type": "Feature", "properties": { "No": 558, "Nama": "Abu Haeri", "NIK": 3211142201710006, "Usia\n(Tahun)": "54", "Alamat": "Dusun babakan tanjung Rt.002 Rw.007 ", "Desa": 3211020011, "Kecamatan": 3211020, "Kabupaten": 3211, "Koordinat Desa": -6.95, "field_10": 107.839, "Koordinat Calon Lokasi": null, "field_12": null, "field_13": null, "field_14": null, "Penyuluh Kehutanan \nPendamping": null, "Keterangan": null, "CDK": "CDK IX\r" }, "geometry": { "type": "Point", "coordinates": [ 107.839, -6.95 ] } },
{ "type": "Feature", "properties": { "No": 559, "Nama": "Nana", "NIK": 3211140107820219, "Usia\n(Tahun)": "43", "Alamat": "Dusun Ciseupan Rt.002 Rw.004 ", "Desa": 3211020010, "Kecamatan": 3211020, "Kabupaten": 3211, "Koordinat Desa": -6.947, "field_10": 107.902, "Koordinat Calon Lokasi": null, "field_12": null, "field_13": null, "field_14": null, "Penyuluh Kehutanan \nPendamping": null, "Keterangan": null, "CDK": "CDK IX\r" }, "geometry": { "type": "Point", "coordinates": [ 107.902, -6.947 ] } },
{ "type": "Feature", "properties": { "No": 560, "Nama": "Ia Wahyudin", "NIK": 3211142406850005, "Usia\n(Tahun)": "40", "Alamat": "Dusun Ciseupan Rt.002 Rw.003 ", "Desa": 3211020010, "Kecamatan": 3211020, "Kabupaten": 3211, "Koordinat Desa": -6.947, "field_10": 107.902, "Koordinat Calon Lokasi": null, "field_12": null, "field_13": null, "field_14": null, "Penyuluh Kehutanan \nPendamping": null, "Keterangan": null, "CDK": "CDK IX\r" }, "geometry": { "type": "Point", "coordinates": [ 107.902, -6.947 ] } },
{ "type": "Feature", "properties": { "No": 561, "Nama": "Atan Rusman", "NIK": 3211141306570004, "Usia\n(Tahun)": "69", "Alamat": "Dusun Ciseupan Rt.002 Rw.003 ", "Desa": 3211020010, "Kecamatan": 3211020, "Kabupaten": 3211, "Koordinat Desa": -6.947, "field_10": 107.902, "Koordinat Calon Lokasi": null, "field_12": null, "field_13": null, "field_14": null, "Penyuluh Kehutanan \nPendamping": null, "Keterangan": null, "CDK": "CDK IX\r" }, "geometry": { "type": "Point", "coordinates": [ 107.902, -6.947 ] } },
{ "type": "Feature", "properties": { "No": 562, "Nama": "Anan Supriatna", "NIK": 3211211212760001, "Usia\n(Tahun)": "49", "Alamat": "Dusun Kamal Kaler RT 03/ 03 ", "Desa": 3211171007, "Kecamatan": 3211171, "Kabupaten": 3211, "Koordinat Desa": -6.713, "field_10": 107.885, "Koordinat Calon Lokasi": null, "field_12": null, "field_13": null, "field_14": null, "Penyuluh Kehutanan \nPendamping": null, "Keterangan": null, "CDK": "CDK IX\r" }, "geometry": { "type": "Point", "coordinates": [ 107.885, -6.713 ] } },
{ "type": "Feature", "properties": { "No": 563, "Nama": "Undang", "NIK": 3211210505680004, "Usia\n(Tahun)": "57", "Alamat": "Dusun Kamal Kaler RT 02/ 03 ", "Desa": 3211171007, "Kecamatan": 3211171, "Kabupaten": 3211, "Koordinat Desa": -6.713, "field_10": 107.885, "Koordinat Calon Lokasi": null, "field_12": null, "field_13": null, "field_14": null, "Penyuluh Kehutanan \nPendamping": null, "Keterangan": null, "CDK": "CDK IX\r" }, "geometry": { "type": "Point", "coordinates": [ 107.885, -6.713 ] } },
{ "type": "Feature", "properties": { "No": 564, "Nama": "Haya Heryana", "NIK": 3211210702650004, "Usia\n(Tahun)": "60", "Alamat": "Dusun Kamal Kaler RT 05/ 03 ", "Desa": 3211171007, "Kecamatan": 3211171, "Kabupaten": 3211, "Koordinat Desa": -6.713, "field_10": 107.885, "Koordinat Calon Lokasi": null, "field_12": null, "field_13": null, "field_14": null, "Penyuluh Kehutanan \nPendamping": null, "Keterangan": null, "CDK": "CDK IX\r" }, "geometry": { "type": "Point", "coordinates": [ 107.885, -6.713 ] } },
{ "type": "Feature", "properties": { "No": 565, "Nama": "Endang", "NIK": 3211162210610002, "Usia\n(Tahun)": "64", "Alamat": "Dusun Cubihuk RT 003 RW 005 ", "Desa": 3211040013, "Kecamatan": 3211040, "Kabupaten": 3211, "Koordinat Desa": -6.8, "field_10": 107.844, "Koordinat Calon Lokasi": null, "field_12": null, "field_13": null, "field_14": null, "Penyuluh Kehutanan \nPendamping": null, "Keterangan": null, "CDK": "CDK IX\r" }, "geometry": { "type": "Point", "coordinates": [ 107.844, -6.8 ] } },
{ "type": "Feature", "properties": { "No": 566, "Nama": "Miming Kurniasih", "NIK": 3211164808740008, "Usia\n(Tahun)": "51", "Alamat": "Dusun Cisugan Girang RT 006 RW 004 ", "Desa": 3211040013, "Kecamatan": 3211040, "Kabupaten": 3211, "Koordinat Desa": -6.8, "field_10": 107.844, "Koordinat Calon Lokasi": null, "field_12": null, "field_13": null, "field_14": null, "Penyuluh Kehutanan \nPendamping": null, "Keterangan": null, "CDK": "CDK IX\r" }, "geometry": { "type": "Point", "coordinates": [ 107.844, -6.8 ] } },
{ "type": "Feature", "properties": { "No": 567, "Nama": "Asep Saepulloh", "NIK": 3205181606800002, "Usia\n(Tahun)": "45", "Alamat": "Dusun Cisugan Girang RT 006 RW 004 ", "Desa": 3211040013, "Kecamatan": 3211040, "Kabupaten": 3211, "Koordinat Desa": -6.8, "field_10": 107.844, "Koordinat Calon Lokasi": null, "field_12": null, "field_13": null, "field_14": null, "Penyuluh Kehutanan \nPendamping": null, "Keterangan": null, "CDK": "CDK IX\r" }, "geometry": { "type": "Point", "coordinates": [ 107.844, -6.8 ] } },
{ "type": "Feature", "properties": { "No": 568, "Nama": "Suherman", "NIK": 3211222706670005, "Usia\n(Tahun)": "58", "Alamat": "Dusun Giriharja RT 08 RW 07 ", "Desa": 3211060009, "Kecamatan": 3211060, "Kabupaten": 3211, "Koordinat Desa": -6.828, "field_10": 107.934, "Koordinat Calon Lokasi": null, "field_12": null, "field_13": null, "field_14": null, "Penyuluh Kehutanan \nPendamping": null, "Keterangan": null, "CDK": "CDK IX\r" }, "geometry": { "type": "Point", "coordinates": [ 107.934, -6.828 ] } },
{ "type": "Feature", "properties": { "No": 569, "Nama": "Ade Sunarya", "NIK": 3211183112670050, "Usia\n(Tahun)": "58", "Alamat": "Dusun Sukakerta RT 04 RW 02 ", "Desa": 3211060009, "Kecamatan": 3211060, "Kabupaten": 3211, "Koordinat Desa": -6.828, "field_10": 107.934, "Koordinat Calon Lokasi": null, "field_12": null, "field_13": null, "field_14": null, "Penyuluh Kehutanan \nPendamping": null, "Keterangan": null, "CDK": "CDK IX\r" }, "geometry": { "type": "Point", "coordinates": [ 107.934, -6.828 ] } },
{ "type": "Feature", "properties": { "No": 570, "Nama": "Adang", "NIK": 3211181605630005, "Usia\n(Tahun)": "62", "Alamat": "Dusun Giriharja RT 08 RW 07 ", "Desa": 3211060009, "Kecamatan": 3211060, "Kabupaten": 3211, "Koordinat Desa": -6.828, "field_10": 107.934, "Koordinat Calon Lokasi": null, "field_12": null, "field_13": null, "field_14": null, "Penyuluh Kehutanan \nPendamping": null, "Keterangan": null, "CDK": "CDK IX\r" }, "geometry": { "type": "Point", "coordinates": [ 107.934, -6.828 ] } },
{ "type": "Feature", "properties": { "No": 571, "Nama": "Endang Supriatna", "NIK": 3211091912790001, "Usia\n(Tahun)": "46", "Alamat": "Dusun Ciloa RT 03 RW 01 ", "Desa": 3211181003, "Kecamatan": 3211181, "Kabupaten": 3211, "Koordinat Desa": -6.672, "field_10": 107.875, "Koordinat Calon Lokasi": null, "field_12": null, "field_13": null, "field_14": null, "Penyuluh Kehutanan \nPendamping": null, "Keterangan": null, "CDK": "CDK IX\r" }, "geometry": { "type": "Point", "coordinates": [ 107.875, -6.672 ] } },
{ "type": "Feature", "properties": { "No": 572, "Nama": "Jana Surya Lesmana", "NIK": 3211091402830001, "Usia\n(Tahun)": "42", "Alamat": "Dusun Ciloa RT 03 RW 01 ", "Desa": 3211181003, "Kecamatan": 3211181, "Kabupaten": 3211, "Koordinat Desa": -6.672, "field_10": 107.875, "Koordinat Calon Lokasi": null, "field_12": null, "field_13": null, "field_14": null, "Penyuluh Kehutanan \nPendamping": null, "Keterangan": null, "CDK": "CDK IX\r" }, "geometry": { "type": "Point", "coordinates": [ 107.875, -6.672 ] } },
{ "type": "Feature", "properties": { "No": 573, "Nama": "Dede Iryana", "NIK": 3211090305840002, "Usia\n(Tahun)": "41", "Alamat": "Dusun Situbatu RT 02 RW 05 ", "Desa": 3211181003, "Kecamatan": 3211181, "Kabupaten": 3211, "Koordinat Desa": -6.672, "field_10": 107.875, "Koordinat Calon Lokasi": null, "field_12": null, "field_13": null, "field_14": null, "Penyuluh Kehutanan \nPendamping": null, "Keterangan": null, "CDK": "CDK IX\r" }, "geometry": { "type": "Point", "coordinates": [ 107.875, -6.672 ] } },
{ "type": "Feature", "properties": { "No": 574, "Nama": "Cuhayat", "NIK": 3211032509840007, "Usia\n(Tahun)": "41", "Alamat": "Dusun Nanggerang RT.05 RW.01 ", "Desa": 3211181009, "Kecamatan": 3211181, "Kabupaten": 3211, "Koordinat Desa": -6.598, "field_10": 107.866, "Koordinat Calon Lokasi": null, "field_12": null, "field_13": null, "field_14": null, "Penyuluh Kehutanan \nPendamping": null, "Keterangan": null, "CDK": "CDK IX\r" }, "geometry": { "type": "Point", "coordinates": [ 107.866, -6.598 ] } },
{ "type": "Feature", "properties": { "No": 575, "Nama": "Sumarna", "NIK": 3211091308830001, "Usia\n(Tahun)": "42", "Alamat": "Dusun Nanggerang RT.05 RW.01 ", "Desa": 3211181009, "Kecamatan": 3211181, "Kabupaten": 3211, "Koordinat Desa": -6.598, "field_10": 107.866, "Koordinat Calon Lokasi": null, "field_12": null, "field_13": null, "field_14": null, "Penyuluh Kehutanan \nPendamping": null, "Keterangan": null, "CDK": "CDK IX\r" }, "geometry": { "type": "Point", "coordinates": [ 107.866, -6.598 ] } },
{ "type": "Feature", "properties": { "No": 576, "Nama": "Sawa", "NIK": 3211090107600048, "Usia\n(Tahun)": "65", "Alamat": "Dusun Nanggerang RT.01 RW.01 ", "Desa": 3211181009, "Kecamatan": 3211181, "Kabupaten": 3211, "Koordinat Desa": -6.598, "field_10": 107.866, "Koordinat Calon Lokasi": null, "field_12": null, "field_13": null, "field_14": null, "Penyuluh Kehutanan \nPendamping": null, "Keterangan": null, "CDK": "CDK IX\r" }, "geometry": { "type": "Point", "coordinates": [ 107.866, -6.598 ] } },
{ "type": "Feature", "properties": { "No": 577, "Nama": "Muhtar", "NIK": 3211090502630002, "Usia\n(Tahun)": "62", "Alamat": "Dusun Nanggerang RT.05 RW.01 ", "Desa": 3211181009, "Kecamatan": 3211181, "Kabupaten": 3211, "Koordinat Desa": -6.598, "field_10": 107.866, "Koordinat Calon Lokasi": null, "field_12": null, "field_13": null, "field_14": null, "Penyuluh Kehutanan \nPendamping": null, "Keterangan": null, "CDK": "CDK IX\r" }, "geometry": { "type": "Point", "coordinates": [ 107.866, -6.598 ] } },
{ "type": "Feature", "properties": { "No": 578, "Nama": "Carman", "NIK": 3211091807680001, "Usia\n(Tahun)": "58", "Alamat": "Dusun Nanggerang RT.05 RW.01 ", "Desa": 3211181009, "Kecamatan": 3211181, "Kabupaten": 3211, "Koordinat Desa": -6.598, "field_10": 107.866, "Koordinat Calon Lokasi": null, "field_12": null, "field_13": null, "field_14": null, "Penyuluh Kehutanan \nPendamping": null, "Keterangan": null, "CDK": "CDK IX\r" }, "geometry": { "type": "Point", "coordinates": [ 107.866, -6.598 ] } },
{ "type": "Feature", "properties": { "No": 579, "Nama": "Kasmadi", "NIK": 3211090107820021, "Usia\n(Tahun)": "43", "Alamat": "Dusun Nanggerang RT.01 RW.01 ", "Desa": 3211181009, "Kecamatan": 3211181, "Kabupaten": 3211, "Koordinat Desa": -6.598, "field_10": 107.866, "Koordinat Calon Lokasi": null, "field_12": null, "field_13": null, "field_14": null, "Penyuluh Kehutanan \nPendamping": null, "Keterangan": null, "CDK": "CDK IX\r" }, "geometry": { "type": "Point", "coordinates": [ 107.866, -6.598 ] } },
{ "type": "Feature", "properties": { "No": 580, "Nama": "Iya Nata", "NIK": 3211220106500004, "Usia\n(Tahun)": "75", "Alamat": "Dusun Nagrak RT.003/ RW.005 ", "Desa": 3211160020, "Kecamatan": 3211160, "Kabupaten": 3211, "Koordinat Desa": -6.785, "field_10": 107.913, "Koordinat Calon Lokasi": null, "field_12": null, "field_13": null, "field_14": null, "Penyuluh Kehutanan \nPendamping": null, "Keterangan": null, "CDK": "CDK IX\r" }, "geometry": { "type": "Point", "coordinates": [ 107.913, -6.785 ] } },
{ "type": "Feature", "properties": { "No": 581, "Nama": "Yudi Yudistira", "NIK": 3211221807790003, "Usia\n(Tahun)": "46", "Alamat": "Dusun Nagrak RT.003/ RW.005 ", "Desa": 3211160020, "Kecamatan": 3211160, "Kabupaten": 3211, "Koordinat Desa": -6.785, "field_10": 107.913, "Koordinat Calon Lokasi": null, "field_12": null, "field_13": null, "field_14": null, "Penyuluh Kehutanan \nPendamping": null, "Keterangan": null, "CDK": "CDK IX\r" }, "geometry": { "type": "Point", "coordinates": [ 107.913, -6.785 ] } },
{ "type": "Feature", "properties": { "No": 582, "Nama": "Oman Somantri", "NIK": 3211220101740008, "Usia\n(Tahun)": "52", "Alamat": "Dusun Nagrak RT.003/ RW.005 ", "Desa": 3211160020, "Kecamatan": 3211160, "Kabupaten": 3211, "Koordinat Desa": -6.785, "field_10": 107.913, "Koordinat Calon Lokasi": null, "field_12": null, "field_13": null, "field_14": null, "Penyuluh Kehutanan \nPendamping": null, "Keterangan": null, "CDK": "CDK IX\r" }, "geometry": { "type": "Point", "coordinates": [ 107.913, -6.785 ] } },
{ "type": "Feature", "properties": { "No": 583, "Nama": "Ase Supriadi", "NIK": 3211220306800012, "Usia\n(Tahun)": "45", "Alamat": "Dusun Cicelot RT.001/RW.007 ", "Desa": 3211160013, "Kecamatan": 3211160, "Kabupaten": 3211, "Koordinat Desa": -6.807, "field_10": 107.961, "Koordinat Calon Lokasi": null, "field_12": null, "field_13": null, "field_14": null, "Penyuluh Kehutanan \nPendamping": null, "Keterangan": null, "CDK": "CDK IX\r" }, "geometry": { "type": "Point", "coordinates": [ 107.961, -6.807 ] } },
{ "type": "Feature", "properties": { "No": 584, "Nama": "Ajang Sutisna", "NIK": 3211220903770009, "Usia\n(Tahun)": "48", "Alamat": "Dusun Mandalaherang RT.001/RW.003 ", "Desa": 3211160013, "Kecamatan": 3211160, "Kabupaten": 3211, "Koordinat Desa": -6.807, "field_10": 107.961, "Koordinat Calon Lokasi": null, "field_12": null, "field_13": null, "field_14": null, "Penyuluh Kehutanan \nPendamping": null, "Keterangan": null, "CDK": "CDK IX\r" }, "geometry": { "type": "Point", "coordinates": [ 107.961, -6.807 ] } },
{ "type": "Feature", "properties": { "No": 585, "Nama": "Rusnadi", "NIK": 3211222909800001, "Usia\n(Tahun)": "45", "Alamat": "Dusun Mandalaherang RT.001/RW.003 ", "Desa": 3211160013, "Kecamatan": 3211160, "Kabupaten": 3211, "Koordinat Desa": -6.807, "field_10": 107.961, "Koordinat Calon Lokasi": null, "field_12": null, "field_13": null, "field_14": null, "Penyuluh Kehutanan \nPendamping": null, "Keterangan": null, "CDK": "CDK IX\r" }, "geometry": { "type": "Point", "coordinates": [ 107.961, -6.807 ] } },
{ "type": "Feature", "properties": { "No": 586, "Nama": "Entis Sutisna", "NIK": 3211220708570001, "Usia\n(Tahun)": "68", "Alamat": "Dusun Mulyasari RT.001/RW.003 ", "Desa": 3211160023, "Kecamatan": 3211160, "Kabupaten": 3211, "Koordinat Desa": -6.77, "field_10": 107.932, "Koordinat Calon Lokasi": null, "field_12": null, "field_13": null, "field_14": null, "Penyuluh Kehutanan \nPendamping": null, "Keterangan": null, "CDK": "CDK IX\r" }, "geometry": { "type": "Point", "coordinates": [ 107.932, -6.77 ] } },
{ "type": "Feature", "properties": { "No": 587, "Nama": "Tatang Suryadi", "NIK": 3211220206750003, "Usia\n(Tahun)": "50", "Alamat": "Dusun Mulyasari RT.001/RW.004 ", "Desa": 3211160023, "Kecamatan": 3211160, "Kabupaten": 3211, "Koordinat Desa": -6.77, "field_10": 107.932, "Koordinat Calon Lokasi": null, "field_12": null, "field_13": null, "field_14": null, "Penyuluh Kehutanan \nPendamping": null, "Keterangan": null, "CDK": "CDK IX\r" }, "geometry": { "type": "Point", "coordinates": [ 107.932, -6.77 ] } },
{ "type": "Feature", "properties": { "No": 588, "Nama": "Jajang Suyatna", "NIK": 3211221404840006, "Usia\n(Tahun)": "41", "Alamat": "Dusun Mulyasari RT.001/RW.003 ", "Desa": 3211160023, "Kecamatan": 3211160, "Kabupaten": 3211, "Koordinat Desa": -6.77, "field_10": 107.932, "Koordinat Calon Lokasi": null, "field_12": null, "field_13": null, "field_14": null, "Penyuluh Kehutanan \nPendamping": null, "Keterangan": null, "CDK": "CDK IX\r" }, "geometry": { "type": "Point", "coordinates": [ 107.932, -6.77 ] } },
{ "type": "Feature", "properties": { "No": 589, "Nama": "Usep", "NIK": 3211191205510002, "Usia\n(Tahun)": "74", "Alamat": "Dusun Leuweung RT.007/RW.004 ", "Desa": 3211061005, "Kecamatan": 3211061, "Kabupaten": 3211, "Koordinat Desa": -6.868, "field_10": 107.97, "Koordinat Calon Lokasi": null, "field_12": null, "field_13": null, "field_14": null, "Penyuluh Kehutanan \nPendamping": null, "Keterangan": null, "CDK": "CDK IX\r" }, "geometry": { "type": "Point", "coordinates": [ 107.97, -6.868 ] } },
{ "type": "Feature", "properties": { "No": 590, "Nama": "Ukar", "NIK": 3211190502830001, "Usia\n(Tahun)": "42", "Alamat": "Dusun Sahang RT.013/RW.005 ", "Desa": 3211061003, "Kecamatan": 3211061, "Kabupaten": 3211, "Koordinat Desa": -6.885, "field_10": 107.977, "Koordinat Calon Lokasi": null, "field_12": null, "field_13": null, "field_14": null, "Penyuluh Kehutanan \nPendamping": null, "Keterangan": null, "CDK": "CDK IX\r" }, "geometry": { "type": "Point", "coordinates": [ 107.977, -6.885 ] } },
{ "type": "Feature", "properties": { "No": 591, "Nama": "Didin Saefudin", "NIK": 3211190307810004, "Usia\n(Tahun)": "44", "Alamat": "Dusun Sahang RT.013/RW.005 ", "Desa": 3211061003, "Kecamatan": 3211061, "Kabupaten": 3211, "Koordinat Desa": -6.885, "field_10": 107.977, "Koordinat Calon Lokasi": null, "field_12": null, "field_13": null, "field_14": null, "Penyuluh Kehutanan \nPendamping": null, "Keterangan": null, "CDK": "CDK IX\r" }, "geometry": { "type": "Point", "coordinates": [ 107.977, -6.885 ] } },
{ "type": "Feature", "properties": { "No": 592, "Nama": "Tatang Suhendar", "NIK": 3211010401720004, "Usia\n(Tahun)": "53", "Alamat": "Dusun Ganjartemu RT/RW. 002/002 ", "Desa": 3211100003, "Kecamatan": 3211100, "Kabupaten": 3211, "Koordinat Desa": -6.992, "field_10": 108.134, "Koordinat Calon Lokasi": null, "field_12": null, "field_13": null, "field_14": null, "Penyuluh Kehutanan \nPendamping": null, "Keterangan": null, "CDK": "CDK IX\r" }, "geometry": { "type": "Point", "coordinates": [ 108.134, -6.992 ] } },
{ "type": "Feature", "properties": { "No": 593, "Nama": "Rasdi", "NIK": 3211010808580006, "Usia\n(Tahun)": "67", "Alamat": "Dusun Sukamaju Cibaleker RT/RW. 002/003 ", "Desa": 3211100003, "Kecamatan": 3211100, "Kabupaten": 3211, "Koordinat Desa": -6.992, "field_10": 108.134, "Koordinat Calon Lokasi": null, "field_12": null, "field_13": null, "field_14": null, "Penyuluh Kehutanan \nPendamping": null, "Keterangan": null, "CDK": "CDK IX\r" }, "geometry": { "type": "Point", "coordinates": [ 108.134, -6.992 ] } },
{ "type": "Feature", "properties": { "No": 594, "Nama": "Eje Sutarja", "NIK": 3211013112390050, "Usia\n(Tahun)": "46", "Alamat": "Dusun Ciledug RT/RW. 001/004 ", "Desa": 3211100003, "Kecamatan": 3211100, "Kabupaten": 3211, "Koordinat Desa": -6.992, "field_10": 108.134, "Koordinat Calon Lokasi": null, "field_12": null, "field_13": null, "field_14": null, "Penyuluh Kehutanan \nPendamping": null, "Keterangan": null, "CDK": "CDK IX\r" }, "geometry": { "type": "Point", "coordinates": [ 108.134, -6.992 ] } },
{ "type": "Feature", "properties": { "No": 595, "Nama": "Dayat", "NIK": 3212250102830001, "Usia\n(Tahun)": "42", "Alamat": "Blok Sukatani II RT.022 RW.008 ", "Desa": 3212011007, "Kecamatan": 3212011, "Kabupaten": 3212, "Koordinat Desa": -6.573, "field_10": 107.913, "Koordinat Calon Lokasi": null, "field_12": null, "field_13": null, "field_14": null, "Penyuluh Kehutanan \nPendamping": null, "Keterangan": null, "CDK": "CDK IX\r" }, "geometry": { "type": "Point", "coordinates": [ 107.913, -6.573 ] } },
{ "type": "Feature", "properties": { "No": 596, "Nama": "Kadinah", "NIK": 3212251907710002, "Usia\n(Tahun)": "54", "Alamat": "Blok Sukatani II RT.022 RW.008 ", "Desa": 3212011007, "Kecamatan": 3212011, "Kabupaten": 3212, "Koordinat Desa": -6.573, "field_10": 107.913, "Koordinat Calon Lokasi": null, "field_12": null, "field_13": null, "field_14": null, "Penyuluh Kehutanan \nPendamping": null, "Keterangan": null, "CDK": "CDK IX\r" }, "geometry": { "type": "Point", "coordinates": [ 107.913, -6.573 ] } },
{ "type": "Feature", "properties": { "No": 597, "Nama": "Ipah", "NIK": 3212255610750005, "Usia\n(Tahun)": "50", "Alamat": "Blok Sukatani II RT.022 RW.008 ", "Desa": 3212011007, "Kecamatan": 3212011, "Kabupaten": 3212, "Koordinat Desa": -6.573, "field_10": 107.913, "Koordinat Calon Lokasi": null, "field_12": null, "field_13": null, "field_14": null, "Penyuluh Kehutanan \nPendamping": null, "Keterangan": null, "CDK": "CDK IX\r" }, "geometry": { "type": "Point", "coordinates": [ 107.913, -6.573 ] } },
{ "type": "Feature", "properties": { "No": 598, "Nama": "Eka Tarika", "NIK": 3212151504640004, "Usia\n(Tahun)": "61", "Alamat": "Jl. Pantai song RT.RW 01.01 ", "Desa": 3212150016, "Kecamatan": 3212150, "Kabupaten": 3212, "Koordinat Desa": -6.313, "field_10": 108.352, "Koordinat Calon Lokasi": null, "field_12": null, "field_13": null, "field_14": null, "Penyuluh Kehutanan \nPendamping": null, "Keterangan": null, "CDK": "CDK IX\r" }, "geometry": { "type": "Point", "coordinates": [ 108.352, -6.313 ] } },
{ "type": "Feature", "properties": { "No": 599, "Nama": "Carita", "NIK": 3212150209660007, "Usia\n(Tahun)": "58", "Alamat": "Blok song pantai RT.RW.003.002 ", "Desa": 3212150016, "Kecamatan": 3212150, "Kabupaten": 3212, "Koordinat Desa": -6.313, "field_10": 108.352, "Koordinat Calon Lokasi": null, "field_12": null, "field_13": null, "field_14": null, "Penyuluh Kehutanan \nPendamping": null, "Keterangan": null, "CDK": "CDK IX\r" }, "geometry": { "type": "Point", "coordinates": [ 108.352, -6.313 ] } },
{ "type": "Feature", "properties": { "No": 600, "Nama": "Roksikin", "NIK": 3212152811820004, "Usia\n(Tahun)": "43", "Alamat": "Blok Wanasari RT.RW. 005.002 ", "Desa": 3212150016, "Kecamatan": 3212150, "Kabupaten": 3212, "Koordinat Desa": -6.313, "field_10": 108.352, "Koordinat Calon Lokasi": null, "field_12": null, "field_13": null, "field_14": null, "Penyuluh Kehutanan \nPendamping": null, "Keterangan": null, "CDK": "CDK IX\r" }, "geometry": { "type": "Point", "coordinates": [ 108.352, -6.313 ] } },
{ "type": "Feature", "properties": { "No": 601, "Nama": "Sujono", "NIK": 3212170407780002, "Usia\n(Tahun)": "47", "Alamat": "Blok Kujang RT. 012 RW. 004 ", "Desa": 3212161006, "Kecamatan": 3212161, "Kabupaten": 3212, "Koordinat Desa": -6.282, "field_10": 108.24, "Koordinat Calon Lokasi": null, "field_12": null, "field_13": null, "field_14": null, "Penyuluh Kehutanan \nPendamping": null, "Keterangan": null, "CDK": "CDK IX\r" }, "geometry": { "type": "Point", "coordinates": [ 108.24, -6.282 ] } },
{ "type": "Feature", "properties": { "No": 602, "Nama": "Surkim", "NIK": 3212172010700001, "Usia\n(Tahun)": "55", "Alamat": "Blok Waledan RT. 027 RW. 009 ", "Desa": 3212161006, "Kecamatan": 3212161, "Kabupaten": 3212, "Koordinat Desa": -6.282, "field_10": 108.24, "Koordinat Calon Lokasi": null, "field_12": null, "field_13": null, "field_14": null, "Penyuluh Kehutanan \nPendamping": null, "Keterangan": null, "CDK": "CDK IX\r" }, "geometry": { "type": "Point", "coordinates": [ 108.24, -6.282 ] } },
{ "type": "Feature", "properties": { "No": 603, "Nama": "Waryono", "NIK": 3212171206790002, "Usia\n(Tahun)": "46", "Alamat": "Blok Panggang RT. 011 RW. 004 ", "Desa": 3212161006, "Kecamatan": 3212161, "Kabupaten": 3212, "Koordinat Desa": -6.282, "field_10": 108.24, "Koordinat Calon Lokasi": null, "field_12": null, "field_13": null, "field_14": null, "Penyuluh Kehutanan \nPendamping": null, "Keterangan": null, "CDK": "CDK IX\r" }, "geometry": { "type": "Point", "coordinates": [ 108.24, -6.282 ] } },
{ "type": "Feature", "properties": { "No": 604, "Nama": "Casmadi", "NIK": 3212091903680001, "Usia\n(Tahun)": "57", "Alamat": "BlokTanjakan RT 01 RW 001 ", "Desa": 3212090011, "Kecamatan": 3212090, "Kabupaten": 3212, "Koordinat Desa": -6.473, "field_10": 108.503, "Koordinat Calon Lokasi": null, "field_12": null, "field_13": null, "field_14": null, "Penyuluh Kehutanan \nPendamping": null, "Keterangan": null, "CDK": "CDK IX\r" }, "geometry": { "type": "Point", "coordinates": [ 108.503, -6.473 ] } },
{ "type": "Feature", "properties": { "No": 605, "Nama": "Asep", "NIK": 3213132606810001, "Usia\n(Tahun)": "44", "Alamat": "Blok Bolon RT 005 RW 001 ", "Desa": 3212080018, "Kecamatan": 3212080, "Kabupaten": 3212, "Koordinat Desa": -6.495, "field_10": 108.361, "Koordinat Calon Lokasi": null, "field_12": null, "field_13": null, "field_14": null, "Penyuluh Kehutanan \nPendamping": null, "Keterangan": null, "CDK": "CDK IX\r" }, "geometry": { "type": "Point", "coordinates": [ 108.361, -6.495 ] } },
{ "type": "Feature", "properties": { "No": 606, "Nama": "Edi Suhaedi", "NIK": 3212091108740007, "Usia\n(Tahun)": "51", "Alamat": "Blok Banji RT 011 RW 003 ", "Desa": 3212090011, "Kecamatan": 3212090, "Kabupaten": 3212, "Koordinat Desa": -6.473, "field_10": 108.503, "Koordinat Calon Lokasi": null, "field_12": null, "field_13": null, "field_14": null, "Penyuluh Kehutanan \nPendamping": null, "Keterangan": null, "CDK": "CDK IX\r" }, "geometry": { "type": "Point", "coordinates": [ 108.503, -6.473 ] } },
{ "type": "Feature", "properties": { "No": 607, "Nama": "Nana Kurnia", "NIK": 3211130107620086, "Usia\n(Tahun)": "63", "Alamat": "Dusun Cikohkol RT.01/RW.03", "Desa": 3211032006, "Kecamatan": 3211032, "Kabupaten": 3211, "Koordinat Desa": -6.885, "field_10": 107.844, "Koordinat Calon Lokasi": null, "field_12": null, "field_13": null, "field_14": null, "Penyuluh Kehutanan \nPendamping": null, "Keterangan": null, "CDK": "CDK IX\r" }, "geometry": { "type": "Point", "coordinates": [ 107.844, -6.885 ] } },
{ "type": "Feature", "properties": { "No": 608, "Nama": "Aripin", "NIK": 3211130611560004, "Usia\n(Tahun)": "69", "Alamat": "Dusun Cigendel RT.03/RW.07", "Desa": 3211032006, "Kecamatan": 3211032, "Kabupaten": 3211, "Koordinat Desa": -6.885, "field_10": 107.844, "Koordinat Calon Lokasi": null, "field_12": null, "field_13": null, "field_14": null, "Penyuluh Kehutanan \nPendamping": null, "Keterangan": null, "CDK": "CDK IX\r" }, "geometry": { "type": "Point", "coordinates": [ 107.844, -6.885 ] } },
{ "type": "Feature", "properties": { "No": 609, "Nama": "Hidayat", "NIK": 3211131606630001, "Usia\n(Tahun)": "62", "Alamat": "Dusun Cilengsar RT.02/RW.11", "Desa": 3211032006, "Kecamatan": 3211032, "Kabupaten": 3211, "Koordinat Desa": -6.885, "field_10": 107.844, "Koordinat Calon Lokasi": null, "field_12": null, "field_13": null, "field_14": null, "Penyuluh Kehutanan \nPendamping": null, "Keterangan": null, "CDK": "CDK IX\r" }, "geometry": { "type": "Point", "coordinates": [ 107.844, -6.885 ] } },
{ "type": "Feature", "properties": { "No": 610, "Nama": "Yayan", "NIK": 3211172309760011, "Usia\n(Tahun)": "49", "Alamat": "Dusun Ciawi RT.04/RW.04", "Desa": 3211050007, "Kecamatan": 3211050, "Kabupaten": 3211, "Koordinat Desa": -6.879, "field_10": 107.943, "Koordinat Calon Lokasi": null, "field_12": null, "field_13": null, "field_14": null, "Penyuluh Kehutanan \nPendamping": null, "Keterangan": null, "CDK": "CDK IX\r" }, "geometry": { "type": "Point", "coordinates": [ 107.943, -6.879 ] } },
{ "type": "Feature", "properties": { "No": 611, "Nama": "Nana Sukana", "NIK": 3273032706800010, "Usia\n(Tahun)": "45", "Alamat": "Dusun Ciawi RT.01/RW.04", "Desa": 3211050007, "Kecamatan": 3211050, "Kabupaten": 3211, "Koordinat Desa": -6.879, "field_10": 107.943, "Koordinat Calon Lokasi": null, "field_12": null, "field_13": null, "field_14": null, "Penyuluh Kehutanan \nPendamping": null, "Keterangan": null, "CDK": "CDK IX\r" }, "geometry": { "type": "Point", "coordinates": [ 107.943, -6.879 ] } },
{ "type": "Feature", "properties": { "No": 612, "Nama": "Dadan", "NIK": 3211171809750002, "Usia\n(Tahun)": "50", "Alamat": "Dusun Ciawi RT.03/RW.05", "Desa": 3211050007, "Kecamatan": 3211050, "Kabupaten": 3211, "Koordinat Desa": -6.879, "field_10": 107.943, "Koordinat Calon Lokasi": null, "field_12": null, "field_13": null, "field_14": null, "Penyuluh Kehutanan \nPendamping": null, "Keterangan": null, "CDK": "CDK IX\r" }, "geometry": { "type": "Point", "coordinates": [ 107.943, -6.879 ] } },
{ "type": "Feature", "properties": { "No": 613, "Nama": "Muhammad Sukri", "NIK": 3211172107740008, "Usia\n(Tahun)": "51", "Alamat": "Dusun Citengah RT.03/RW.02", "Desa": 3211050004, "Kecamatan": 3211050, "Kabupaten": 3211, "Koordinat Desa": -6.932, "field_10": 107.949, "Koordinat Calon Lokasi": null, "field_12": null, "field_13": null, "field_14": null, "Penyuluh Kehutanan \nPendamping": null, "Keterangan": null, "CDK": "CDK IX\r" }, "geometry": { "type": "Point", "coordinates": [ 107.949, -6.932 ] } },
{ "type": "Feature", "properties": { "No": 614, "Nama": "Jejen Zaenudin", "NIK": 3211171012650008, "Usia\n(Tahun)": "60", "Alamat": "Dusun Citengah RT.01/RW.01", "Desa": 3211050004, "Kecamatan": 3211050, "Kabupaten": 3211, "Koordinat Desa": -6.932, "field_10": 107.949, "Koordinat Calon Lokasi": null, "field_12": null, "field_13": null, "field_14": null, "Penyuluh Kehutanan \nPendamping": null, "Keterangan": null, "CDK": "CDK IX\r" }, "geometry": { "type": "Point", "coordinates": [ 107.949, -6.932 ] } },
{ "type": "Feature", "properties": { "No": 615, "Nama": "Hermawan", "NIK": 3211171105750004, "Usia\n(Tahun)": "50", "Alamat": "Dusun Citengah RT.02/RW.01", "Desa": 3211050004, "Kecamatan": 3211050, "Kabupaten": 3211, "Koordinat Desa": -6.932, "field_10": 107.949, "Koordinat Calon Lokasi": null, "field_12": null, "field_13": null, "field_14": null, "Penyuluh Kehutanan \nPendamping": null, "Keterangan": null, "CDK": "CDK IX\r" }, "geometry": { "type": "Point", "coordinates": [ 107.949, -6.932 ] } },
{ "type": "Feature", "properties": { "No": 616, "Nama": "Dahrun", "NIK": 3211211104800004, "Usia\n(Tahun)": "45", "Alamat": "Dusun Cimuncang RT.001/RW.006", "Desa": 3211171008, "Kecamatan": 3211171, "Kabupaten": 3211, "Koordinat Desa": -6.704, "field_10": 107.858, "Koordinat Calon Lokasi": null, "field_12": null, "field_13": null, "field_14": null, "Penyuluh Kehutanan \nPendamping": null, "Keterangan": null, "CDK": "CDK IX\r" }, "geometry": { "type": "Point", "coordinates": [ 107.858, -6.704 ] } },
{ "type": "Feature", "properties": { "No": 617, "Nama": "Ade Sutarwa", "NIK": 3211210408840004, "Usia\n(Tahun)": "41", "Alamat": "Dusun Cimuncang RT.001/RW.006", "Desa": 3211171008, "Kecamatan": 3211171, "Kabupaten": 3211, "Koordinat Desa": -6.704, "field_10": 107.858, "Koordinat Calon Lokasi": null, "field_12": null, "field_13": null, "field_14": null, "Penyuluh Kehutanan \nPendamping": null, "Keterangan": null, "CDK": "CDK IX\r" }, "geometry": { "type": "Point", "coordinates": [ 107.858, -6.704 ] } },
{ "type": "Feature", "properties": { "No": 618, "Nama": "Maman", "NIK": 3211210812820001, "Usia\n(Tahun)": "43", "Alamat": "Dusun Cimuncang RT.001/RW.006", "Desa": 3211171008, "Kecamatan": 3211171, "Kabupaten": 3211, "Koordinat Desa": -6.704, "field_10": 107.858, "Koordinat Calon Lokasi": null, "field_12": null, "field_13": null, "field_14": null, "Penyuluh Kehutanan \nPendamping": null, "Keterangan": null, "CDK": "CDK IX\r" }, "geometry": { "type": "Point", "coordinates": [ 107.858, -6.704 ] } },
{ "type": "Feature", "properties": { "No": 619, "Nama": "Agus Ruyatman", "NIK": 3211161608820005, "Usia\n(Tahun)": "43", "Alamat": "Dusun Cigadog RT.004/RW.005", "Desa": 3211040013, "Kecamatan": 3211040, "Kabupaten": 3211, "Koordinat Desa": -6.8, "field_10": 107.844, "Koordinat Calon Lokasi": null, "field_12": null, "field_13": null, "field_14": null, "Penyuluh Kehutanan \nPendamping": null, "Keterangan": null, "CDK": "CDK IX\r" }, "geometry": { "type": "Point", "coordinates": [ 107.844, -6.8 ] } },
{ "type": "Feature", "properties": { "No": 620, "Nama": "Eman", "NIK": 3211163112520017, "Usia\n(Tahun)": "73", "Alamat": "Dusun Cigadog RT.004/RT.005", "Desa": 3211040013, "Kecamatan": 3211040, "Kabupaten": 3211, "Koordinat Desa": -6.8, "field_10": 107.844, "Koordinat Calon Lokasi": null, "field_12": null, "field_13": null, "field_14": null, "Penyuluh Kehutanan \nPendamping": null, "Keterangan": null, "CDK": "CDK IX\r" }, "geometry": { "type": "Point", "coordinates": [ 107.844, -6.8 ] } },
{ "type": "Feature", "properties": { "No": 621, "Nama": "Ido", "NIK": 3211160903620002, "Usia\n(Tahun)": "63", "Alamat": "Dusun Cibihuk RT.003/RW.005", "Desa": 3211040013, "Kecamatan": 3211040, "Kabupaten": 3211, "Koordinat Desa": -6.8, "field_10": 107.844, "Koordinat Calon Lokasi": null, "field_12": null, "field_13": null, "field_14": null, "Penyuluh Kehutanan \nPendamping": null, "Keterangan": null, "CDK": "CDK IX\r" }, "geometry": { "type": "Point", "coordinates": [ 107.844, -6.8 ] } },
{ "type": "Feature", "properties": { "No": 622, "Nama": "Asep Ahyar", "NIK": 3211182702720008, "Usia\n(Tahun)": "53", "Alamat": "Dusun Rancapurut RT.03/RW.07", "Desa": 3211060013, "Kecamatan": 3211060, "Kabupaten": 3211, "Koordinat Desa": -6.848, "field_10": 107.94, "Koordinat Calon Lokasi": null, "field_12": null, "field_13": null, "field_14": null, "Penyuluh Kehutanan \nPendamping": null, "Keterangan": null, "CDK": "CDK IX\r" }, "geometry": { "type": "Point", "coordinates": [ 107.94, -6.848 ] } },
{ "type": "Feature", "properties": { "No": 623, "Nama": "Edwar", "NIK": 3211180711770002, "Usia\n(Tahun)": "48", "Alamat": "Dusun Rancapurut RT.03/RW.07", "Desa": 3211060013, "Kecamatan": 3211060, "Kabupaten": 3211, "Koordinat Desa": -6.848, "field_10": 107.94, "Koordinat Calon Lokasi": null, "field_12": null, "field_13": null, "field_14": null, "Penyuluh Kehutanan \nPendamping": null, "Keterangan": null, "CDK": "CDK IX\r" }, "geometry": { "type": "Point", "coordinates": [ 107.94, -6.848 ] } },
{ "type": "Feature", "properties": { "No": 624, "Nama": "Ia Sunarya", "NIK": 3211181506700007, "Usia\n(Tahun)": "55", "Alamat": "Dusun Rancapurut RT.03/RW.07", "Desa": 3211060013, "Kecamatan": 3211060, "Kabupaten": 3211, "Koordinat Desa": -6.848, "field_10": 107.94, "Koordinat Calon Lokasi": null, "field_12": null, "field_13": null, "field_14": null, "Penyuluh Kehutanan \nPendamping": null, "Keterangan": null, "CDK": "CDK IX\r" }, "geometry": { "type": "Point", "coordinates": [ 107.94, -6.848 ] } },
{ "type": "Feature", "properties": { "No": 625, "Nama": "Madi", "NIK": 3211100507510006, "Usia\n(Tahun)": "74", "Alamat": "Dusun Puncakmanik RT.08/RW.01", "Desa": 3211180002, "Kecamatan": 3211180, "Kabupaten": 3211, "Koordinat Desa": -6.726, "field_10": 107.977, "Koordinat Calon Lokasi": null, "field_12": null, "field_13": null, "field_14": null, "Penyuluh Kehutanan \nPendamping": null, "Keterangan": null, "CDK": "CDK IX\r" }, "geometry": { "type": "Point", "coordinates": [ 107.977, -6.726 ] } },
{ "type": "Feature", "properties": { "No": 626, "Nama": "Otong Yaya", "NIK": 3211100505750004, "Usia\n(Tahun)": "50", "Alamat": "Dusun Cileungsing RT.11/RW.03", "Desa": 3211180002, "Kecamatan": 3211180, "Kabupaten": 3211, "Koordinat Desa": -6.726, "field_10": 107.977, "Koordinat Calon Lokasi": null, "field_12": null, "field_13": null, "field_14": null, "Penyuluh Kehutanan \nPendamping": null, "Keterangan": null, "CDK": "CDK IX\r" }, "geometry": { "type": "Point", "coordinates": [ 107.977, -6.726 ] } },
{ "type": "Feature", "properties": { "No": 627, "Nama": "Heri Ramdani", "NIK": 3211100507830003, "Usia\n(Tahun)": "42", "Alamat": "Dusun Cileungsing RT.12/RW.03", "Desa": 3211180002, "Kecamatan": 3211180, "Kabupaten": 3211, "Koordinat Desa": -6.726, "field_10": 107.977, "Koordinat Calon Lokasi": null, "field_12": null, "field_13": null, "field_14": null, "Penyuluh Kehutanan \nPendamping": null, "Keterangan": null, "CDK": "CDK IX\r" }, "geometry": { "type": "Point", "coordinates": [ 107.977, -6.726 ] } },
{ "type": "Feature", "properties": { "No": 628, "Nama": "Sutara", "NIK": 3211102401760004, "Usia\n(Tahun)": "49", "Alamat": "Dusun Bojong RT.03/RW.01", "Desa": 3211180007, "Kecamatan": 3211180, "Kabupaten": 3211, "Koordinat Desa": -6.7, "field_10": 107.961, "Koordinat Calon Lokasi": null, "field_12": null, "field_13": null, "field_14": null, "Penyuluh Kehutanan \nPendamping": null, "Keterangan": null, "CDK": "CDK IX\r" }, "geometry": { "type": "Point", "coordinates": [ 107.961, -6.7 ] } },
{ "type": "Feature", "properties": { "No": 629, "Nama": "Edi Itang", "NIK": 3211100401780005, "Usia\n(Tahun)": "48", "Alamat": "Dusun Bojong RT.03/RW.01", "Desa": 3211180007, "Kecamatan": 3211180, "Kabupaten": 3211, "Koordinat Desa": -6.7, "field_10": 107.961, "Koordinat Calon Lokasi": null, "field_12": null, "field_13": null, "field_14": null, "Penyuluh Kehutanan \nPendamping": null, "Keterangan": null, "CDK": "CDK IX\r" }, "geometry": { "type": "Point", "coordinates": [ 107.961, -6.7 ] } },
{ "type": "Feature", "properties": { "No": 630, "Nama": "Yayat", "NIK": 3211101110700009, "Usia\n(Tahun)": "55", "Alamat": "Dusun Bojong RT.01/RW.01", "Desa": 3211180007, "Kecamatan": 3211180, "Kabupaten": 3211, "Koordinat Desa": -6.7, "field_10": 107.961, "Koordinat Calon Lokasi": null, "field_12": null, "field_13": null, "field_14": null, "Penyuluh Kehutanan \nPendamping": null, "Keterangan": null, "CDK": "CDK IX\r" }, "geometry": { "type": "Point", "coordinates": [ 107.961, -6.7 ] } },
{ "type": "Feature", "properties": { "No": 631, "Nama": "Mumuh Muharom", "NIK": 3211071301740002, "Usia\n(Tahun)": "52", "Alamat": "Dusun Conggeang RT.04/RW.02", "Desa": 3211140005, "Kecamatan": 3211140, "Kabupaten": 3211, "Koordinat Desa": -6.743, "field_10": 108.019, "Koordinat Calon Lokasi": null, "field_12": null, "field_13": null, "field_14": null, "Penyuluh Kehutanan \nPendamping": null, "Keterangan": null, "CDK": "CDK IX\r" }, "geometry": { "type": "Point", "coordinates": [ 108.019, -6.743 ] } },
{ "type": "Feature", "properties": { "No": 632, "Nama": "Nana Majid", "NIK": 3211071808740003, "Usia\n(Tahun)": "51", "Alamat": "Dusun Conggeang RT.06/ RW.02", "Desa": 3211140005, "Kecamatan": 3211140, "Kabupaten": 3211, "Koordinat Desa": -6.743, "field_10": 108.019, "Koordinat Calon Lokasi": null, "field_12": null, "field_13": null, "field_14": null, "Penyuluh Kehutanan \nPendamping": null, "Keterangan": null, "CDK": "CDK IX\r" }, "geometry": { "type": "Point", "coordinates": [ 108.019, -6.743 ] } },
{ "type": "Feature", "properties": { "No": 633, "Nama": "Iwan Ahmad Saepudin", "NIK": 3211071010650004, "Usia\n(Tahun)": "60", "Alamat": "Dusun Cipicung RT.10/RW.04", "Desa": 3211140005, "Kecamatan": 3211140, "Kabupaten": 3211, "Koordinat Desa": -6.743, "field_10": 108.019, "Koordinat Calon Lokasi": null, "field_12": null, "field_13": null, "field_14": null, "Penyuluh Kehutanan \nPendamping": null, "Keterangan": null, "CDK": "CDK IX\r" }, "geometry": { "type": "Point", "coordinates": [ 108.019, -6.743 ] } },
{ "type": "Feature", "properties": { "No": 634, "Nama": "Supena", "NIK": 3211072808710006, "Usia\n(Tahun)": "54", "Alamat": "Dusun Sukaluyu RT.001/RW.001", "Desa": 3211140009, "Kecamatan": 3211140, "Kabupaten": 3211, "Koordinat Desa": -6.706, "field_10": 108.046, "Koordinat Calon Lokasi": null, "field_12": null, "field_13": null, "field_14": null, "Penyuluh Kehutanan \nPendamping": null, "Keterangan": null, "CDK": "CDK IX\r" }, "geometry": { "type": "Point", "coordinates": [ 108.046, -6.706 ] } },
{ "type": "Feature", "properties": { "No": 635, "Nama": "Oni Sahroni", "NIK": 3211070304780001, "Usia\n(Tahun)": "47", "Alamat": "Dusun Sukaluyu RT.001/RW.001", "Desa": 3211140009, "Kecamatan": 3211140, "Kabupaten": 3211, "Koordinat Desa": -6.706, "field_10": 108.046, "Koordinat Calon Lokasi": null, "field_12": null, "field_13": null, "field_14": null, "Penyuluh Kehutanan \nPendamping": null, "Keterangan": null, "CDK": "CDK IX\r" }, "geometry": { "type": "Point", "coordinates": [ 108.046, -6.706 ] } },
{ "type": "Feature", "properties": { "No": 636, "Nama": "Wahyu", "NIK": 3211071012720004, "Usia\n(Tahun)": "53", "Alamat": "Dusun Sukahaji RT.001/RW.002", "Desa": 3211140009, "Kecamatan": 3211140, "Kabupaten": 3211, "Koordinat Desa": -6.706, "field_10": 108.046, "Koordinat Calon Lokasi": null, "field_12": null, "field_13": null, "field_14": null, "Penyuluh Kehutanan \nPendamping": null, "Keterangan": null, "CDK": "CDK IX\r" }, "geometry": { "type": "Point", "coordinates": [ 108.046, -6.706 ] } },
{ "type": "Feature", "properties": { "No": 637, "Nama": "Tata Karnata", "NIK": 3211050701790008, "Usia\n(Tahun)": "47", "Alamat": "Dusun Pengjeleran RT.003/RW.004", "Desa": 3211071007, "Kecamatan": 3211071, "Kabupaten": 3211, "Koordinat Desa": -6.858, "field_10": 108.052, "Koordinat Calon Lokasi": null, "field_12": null, "field_13": null, "field_14": null, "Penyuluh Kehutanan \nPendamping": null, "Keterangan": null, "CDK": "CDK IX\r" }, "geometry": { "type": "Point", "coordinates": [ 108.052, -6.858 ] } },
{ "type": "Feature", "properties": { "No": 638, "Nama": "Rukman", "NIK": 3211051504790004, "Usia\n(Tahun)": "47", "Alamat": "Dusun Karamat RT.002/RW.007", "Desa": 3211071007, "Kecamatan": 3211071, "Kabupaten": 3211, "Koordinat Desa": -6.858, "field_10": 108.052, "Koordinat Calon Lokasi": null, "field_12": null, "field_13": null, "field_14": null, "Penyuluh Kehutanan \nPendamping": null, "Keterangan": null, "CDK": "CDK IX\r" }, "geometry": { "type": "Point", "coordinates": [ 108.052, -6.858 ] } },
{ "type": "Feature", "properties": { "No": 639, "Nama": "Ade Winata", "NIK": 3273231602720004, "Usia\n(Tahun)": "52", "Alamat": "Dusun Karamat RT.002/RW.007", "Desa": 3211071007, "Kecamatan": 3211071, "Kabupaten": 3211, "Koordinat Desa": -6.858, "field_10": 108.052, "Koordinat Calon Lokasi": null, "field_12": null, "field_13": null, "field_14": null, "Penyuluh Kehutanan \nPendamping": null, "Keterangan": null, "CDK": "CDK IX\r" }, "geometry": { "type": "Point", "coordinates": [ 108.052, -6.858 ] } },
{ "type": "Feature", "properties": { "No": 640, "Nama": "Suwita Atmaja", "NIK": 3211031112810001, "Usia\n(Tahun)": "44", "Alamat": "Dusun Kebon Jambe RT 001/RW 001", "Desa": 3211080008, "Kecamatan": 3211080, "Kabupaten": 3211, "Koordinat Desa": -6.933, "field_10": 108.03, "Koordinat Calon Lokasi": null, "field_12": null, "field_13": null, "field_14": null, "Penyuluh Kehutanan \nPendamping": null, "Keterangan": null, "CDK": "CDK IX\r" }, "geometry": { "type": "Point", "coordinates": [ 108.03, -6.933 ] } },
{ "type": "Feature", "properties": { "No": 641, "Nama": "Dana", "NIK": 3211033112540043, "Usia\n(Tahun)": "71", "Alamat": "Dusun Kebon Jambe RT.003/RW.003", "Desa": 3211080008, "Kecamatan": 3211080, "Kabupaten": 3211, "Koordinat Desa": -6.933, "field_10": 108.03, "Koordinat Calon Lokasi": null, "field_12": null, "field_13": null, "field_14": null, "Penyuluh Kehutanan \nPendamping": null, "Keterangan": null, "CDK": "CDK IX\r" }, "geometry": { "type": "Point", "coordinates": [ 108.03, -6.933 ] } },
{ "type": "Feature", "properties": { "No": 642, "Nama": "Dayat", "NIK": 3211031011640003, "Usia\n(Tahun)": "61", "Alamat": "Dusun Kebon Jambe RT.003/RW.003", "Desa": 3211080008, "Kecamatan": 3211080, "Kabupaten": 3211, "Koordinat Desa": -6.933, "field_10": 108.03, "Koordinat Calon Lokasi": null, "field_12": null, "field_13": null, "field_14": null, "Penyuluh Kehutanan \nPendamping": null, "Keterangan": null, "CDK": "CDK IX\r" }, "geometry": { "type": "Point", "coordinates": [ 108.03, -6.933 ] } },
{ "type": "Feature", "properties": { "No": 643, "Nama": "D. Dasman Maiman", "NIK": 3211022806680002, "Usia\n(Tahun)": "57", "Alamat": "Dusun Cipari RT.002/RW.006", "Desa": 3211101006, "Kecamatan": 3211101, "Kabupaten": 3211, "Koordinat Desa": -6.949, "field_10": 108.135, "Koordinat Calon Lokasi": null, "field_12": null, "field_13": null, "field_14": null, "Penyuluh Kehutanan \nPendamping": null, "Keterangan": null, "CDK": "CDK IX\r" }, "geometry": { "type": "Point", "coordinates": [ 108.135, -6.949 ] } },
{ "type": "Feature", "properties": { "No": 644, "Nama": "Asep Tiar Sopriatna", "NIK": 3211023001760001, "Usia\n(Tahun)": "49", "Alamat": "Dusun Cipari RT.002/RW.006", "Desa": 3211101006, "Kecamatan": 3211101, "Kabupaten": 3211, "Koordinat Desa": -6.949, "field_10": 108.135, "Koordinat Calon Lokasi": null, "field_12": null, "field_13": null, "field_14": null, "Penyuluh Kehutanan \nPendamping": null, "Keterangan": null, "CDK": "CDK IX\r" }, "geometry": { "type": "Point", "coordinates": [ 108.135, -6.949 ] } },
{ "type": "Feature", "properties": { "No": 645, "Nama": "Jeje", "NIK": 3211021607720006, "Usia\n(Tahun)": "53", "Alamat": "Kp. Pasirpadang RT.001/RW.005", "Desa": 3211101006, "Kecamatan": 3211101, "Kabupaten": 3211, "Koordinat Desa": -6.949, "field_10": 108.135, "Koordinat Calon Lokasi": null, "field_12": null, "field_13": null, "field_14": null, "Penyuluh Kehutanan \nPendamping": null, "Keterangan": null, "CDK": "CDK IX\r" }, "geometry": { "type": "Point", "coordinates": [ 108.135, -6.949 ] } },
{ "type": "Feature", "properties": { "No": 646, "Nama": "Sutardi", "NIK": 3211022308610001, "Usia\n(Tahun)": "64", "Alamat": "Dusun Neglasari RT.002/RW.002", "Desa": 3211101006, "Kecamatan": 3211101, "Kabupaten": 3211, "Koordinat Desa": -6.949, "field_10": 108.135, "Koordinat Calon Lokasi": null, "field_12": null, "field_13": null, "field_14": null, "Penyuluh Kehutanan \nPendamping": null, "Keterangan": null, "CDK": "CDK IX\r" }, "geometry": { "type": "Point", "coordinates": [ 108.135, -6.949 ] } },
{ "type": "Feature", "properties": { "No": 647, "Nama": "Casyani", "NIK": 3211024802820004, "Usia\n(Tahun)": "43", "Alamat": "Dusun Neglasari RT.002/RW.002", "Desa": 3211101006, "Kecamatan": 3211101, "Kabupaten": 3211, "Koordinat Desa": -6.949, "field_10": 108.135, "Koordinat Calon Lokasi": null, "field_12": null, "field_13": null, "field_14": null, "Penyuluh Kehutanan \nPendamping": null, "Keterangan": null, "CDK": "CDK IX\r" }, "geometry": { "type": "Point", "coordinates": [ 108.135, -6.949 ] } },
{ "type": "Feature", "properties": { "No": 648, "Nama": "Mamah Hikmah", "NIK": 3209136611750001, "Usia\n(Tahun)": "50", "Alamat": "Dusun Cipari RT.002/RW.006", "Desa": 3211101006, "Kecamatan": 3211101, "Kabupaten": 3211, "Koordinat Desa": -6.949, "field_10": 108.135, "Koordinat Calon Lokasi": null, "field_12": null, "field_13": null, "field_14": null, "Penyuluh Kehutanan \nPendamping": null, "Keterangan": null, "CDK": "CDK IX\r" }, "geometry": { "type": "Point", "coordinates": [ 108.135, -6.949 ] } },
{ "type": "Feature", "properties": { "No": 649, "Nama": "Cahlia", "NIK": 3211021505700006, "Usia\n(Tahun)": "55", "Alamat": "Dusun Palasari RT.001/RW.004", "Desa": 3211101003, "Kecamatan": 3211101, "Kabupaten": 3211, "Koordinat Desa": -6.912, "field_10": 108.201, "Koordinat Calon Lokasi": null, "field_12": null, "field_13": null, "field_14": null, "Penyuluh Kehutanan \nPendamping": null, "Keterangan": null, "CDK": "CDK IX\r" }, "geometry": { "type": "Point", "coordinates": [ 108.201, -6.912 ] } },
{ "type": "Feature", "properties": { "No": 650, "Nama": "Tatang Suryana", "NIK": 3211022503780002, "Usia\n(Tahun)": "47", "Alamat": "Dusun. Palasari RT.001/RW.004", "Desa": 3211101003, "Kecamatan": 3211101, "Kabupaten": 3211, "Koordinat Desa": -6.912, "field_10": 108.201, "Koordinat Calon Lokasi": null, "field_12": null, "field_13": null, "field_14": null, "Penyuluh Kehutanan \nPendamping": null, "Keterangan": null, "CDK": "CDK IX\r" }, "geometry": { "type": "Point", "coordinates": [ 108.201, -6.912 ] } },
{ "type": "Feature", "properties": { "No": 651, "Nama": "Subarna", "NIK": 3211020902580001, "Usia\n(Tahun)": "67", "Alamat": "Dusun. Palasari RT.001/RW.004", "Desa": 3211101003, "Kecamatan": 3211101, "Kabupaten": 3211, "Koordinat Desa": -6.912, "field_10": 108.201, "Koordinat Calon Lokasi": null, "field_12": null, "field_13": null, "field_14": null, "Penyuluh Kehutanan \nPendamping": null, "Keterangan": null, "CDK": "CDK IX\r" }, "geometry": { "type": "Point", "coordinates": [ 108.201, -6.912 ] } },
{ "type": "Feature", "properties": { "No": 652, "Nama": "Anan Suherman", "NIK": 3211260912500003, "Usia\n(Tahun)": "75", "Alamat": "Dusun Cibadak RT.009/RW.002", "Desa": 3211111002, "Kecamatan": 3211111, "Kabupaten": 3211, "Koordinat Desa": -6.922, "field_10": 108.128, "Koordinat Calon Lokasi": null, "field_12": null, "field_13": null, "field_14": null, "Penyuluh Kehutanan \nPendamping": null, "Keterangan": null, "CDK": "CDK IX\r" }, "geometry": { "type": "Point", "coordinates": [ 108.128, -6.922 ] } },
{ "type": "Feature", "properties": { "No": 653, "Nama": "Cecep Suryadi", "NIK": 3211260909710004, "Usia\n(Tahun)": "54", "Alamat": "Dusun Cibunut RT.012/RW.006", "Desa": 3211111002, "Kecamatan": 3211111, "Kabupaten": 3211, "Koordinat Desa": -6.922, "field_10": 108.128, "Koordinat Calon Lokasi": null, "field_12": null, "field_13": null, "field_14": null, "Penyuluh Kehutanan \nPendamping": null, "Keterangan": null, "CDK": "CDK IX\r" }, "geometry": { "type": "Point", "coordinates": [ 108.128, -6.922 ] } },
{ "type": "Feature", "properties": { "No": 654, "Nama": "Sarma", "NIK": 3211262308810003, "Usia\n(Tahun)": "44", "Alamat": "Dusun Cibunut RT.014/RW.006", "Desa": 3211111002, "Kecamatan": 3211111, "Kabupaten": 3211, "Koordinat Desa": -6.922, "field_10": 108.128, "Koordinat Calon Lokasi": null, "field_12": null, "field_13": null, "field_14": null, "Penyuluh Kehutanan \nPendamping": null, "Keterangan": null, "CDK": "CDK IX\r" }, "geometry": { "type": "Point", "coordinates": [ 108.128, -6.922 ] } },
{ "type": "Feature", "properties": { "No": 655, "Nama": "Mardi", "NIK": 3211040406580003, "Usia\n(Tahun)": "67", "Alamat": "Dusun. Antara II RT.02/RW.03", "Desa": 3211090004, "Kecamatan": 3211090, "Kabupaten": 3211, "Koordinat Desa": -6.949, "field_10": 108.033, "Koordinat Calon Lokasi": null, "field_12": null, "field_13": null, "field_14": null, "Penyuluh Kehutanan \nPendamping": null, "Keterangan": null, "CDK": "CDK IX\r" }, "geometry": { "type": "Point", "coordinates": [ 108.033, -6.949 ] } },
{ "type": "Feature", "properties": { "No": 656, "Nama": "Dahriat", "NIK": 3211040603730001, "Usia\n(Tahun)": "50", "Alamat": "Dusun. Antara II RT.04/RW.03", "Desa": 3211090004, "Kecamatan": 3211090, "Kabupaten": 3211, "Koordinat Desa": -6.949, "field_10": 108.033, "Koordinat Calon Lokasi": null, "field_12": null, "field_13": null, "field_14": null, "Penyuluh Kehutanan \nPendamping": null, "Keterangan": null, "CDK": "CDK IX\r" }, "geometry": { "type": "Point", "coordinates": [ 108.033, -6.949 ] } },
{ "type": "Feature", "properties": { "No": 657, "Nama": "Omo", "NIK": 3211040505570005, "Usia\n(Tahun)": "68", "Alamat": "Dusun Antara I RT.03/RW.09", "Desa": 3211090004, "Kecamatan": 3211090, "Kabupaten": 3211, "Koordinat Desa": -6.949, "field_10": 108.033, "Koordinat Calon Lokasi": null, "field_12": null, "field_13": null, "field_14": null, "Penyuluh Kehutanan \nPendamping": null, "Keterangan": null, "CDK": "CDK IX\r" }, "geometry": { "type": "Point", "coordinates": [ 108.033, -6.949 ] } },
{ "type": "Feature", "properties": { "No": 658, "Nama": "Dewi Rina Asmara", "NIK": 3212015405830007, "Usia\n(Tahun)": "42", "Alamat": "Blok Cijambe RT.014/RW.005", "Desa": 3212011001, "Kecamatan": 3212011, "Kabupaten": 3212, "Koordinat Desa": -6.574, "field_10": 107.877, "Koordinat Calon Lokasi": null, "field_12": null, "field_13": null, "field_14": null, "Penyuluh Kehutanan \nPendamping": null, "Keterangan": null, "CDK": "CDK IX\r" }, "geometry": { "type": "Point", "coordinates": [ 107.877, -6.574 ] } },
{ "type": "Feature", "properties": { "No": 659, "Nama": "Dedeh Ipen Komala", "NIK": 3212014202790001, "Usia\n(Tahun)": "45", "Alamat": "Blok Cijambe RT.017/RW.006", "Desa": 3212011001, "Kecamatan": 3212011, "Kabupaten": 3212, "Koordinat Desa": -6.574, "field_10": 107.877, "Koordinat Calon Lokasi": null, "field_12": null, "field_13": null, "field_14": null, "Penyuluh Kehutanan \nPendamping": null, "Keterangan": null, "CDK": "CDK IX\r" }, "geometry": { "type": "Point", "coordinates": [ 107.877, -6.574 ] } },
{ "type": "Feature", "properties": { "No": 660, "Nama": "Ania", "NIK": 3212255009820002, "Usia\n(Tahun)": "43", "Alamat": "Blok Cijambe RT.017/RW.006", "Desa": 3212011001, "Kecamatan": 3212011, "Kabupaten": 3212, "Koordinat Desa": -6.574, "field_10": 107.877, "Koordinat Calon Lokasi": null, "field_12": null, "field_13": null, "field_14": null, "Penyuluh Kehutanan \nPendamping": null, "Keterangan": null, "CDK": "CDK IX\r" }, "geometry": { "type": "Point", "coordinates": [ 107.877, -6.574 ] } },
{ "type": "Feature", "properties": { "No": 661, "Nama": "Kamin", "NIK": 3212290704720001, "Usia\n(Tahun)": "53", "Alamat": "Blok Pancer II RT.020/RW.007", "Desa": 3212162005, "Kecamatan": 3212162, "Kabupaten": 3212, "Koordinat Desa": -6.264, "field_10": 108.298, "Koordinat Calon Lokasi": null, "field_12": null, "field_13": null, "field_14": null, "Penyuluh Kehutanan \nPendamping": null, "Keterangan": null, "CDK": "CDK IX\r" }, "geometry": { "type": "Point", "coordinates": [ 108.298, -6.264 ] } },
{ "type": "Feature", "properties": { "No": 662, "Nama": "Nurtam", "NIK": 3212291002780001, "Usia\n(Tahun)": "47", "Alamat": "Blok Pancer II RT.020/RW.007", "Desa": 3212162005, "Kecamatan": 3212162, "Kabupaten": 3212, "Koordinat Desa": -6.264, "field_10": 108.298, "Koordinat Calon Lokasi": null, "field_12": null, "field_13": null, "field_14": null, "Penyuluh Kehutanan \nPendamping": null, "Keterangan": null, "CDK": "CDK IX\r" }, "geometry": { "type": "Point", "coordinates": [ 108.298, -6.264 ] } },
{ "type": "Feature", "properties": { "No": 663, "Nama": "Kasmin", "NIK": 3212290712720002, "Usia\n(Tahun)": "53", "Alamat": "Blok Pancer I RT.007/RW.003", "Desa": 3212162005, "Kecamatan": 3212162, "Kabupaten": 3212, "Koordinat Desa": -6.264, "field_10": 108.298, "Koordinat Calon Lokasi": null, "field_12": null, "field_13": null, "field_14": null, "Penyuluh Kehutanan \nPendamping": null, "Keterangan": null, "CDK": "CDK IX\r" }, "geometry": { "type": "Point", "coordinates": [ 108.298, -6.264 ] } },
{ "type": "Feature", "properties": { "No": 664, "Nama": "Samidi", "NIK": 3212150407780008, "Usia\n(Tahun)": "47", "Alamat": "Blok Tegur RT.018/RW.005", "Desa": 3212162004, "Kecamatan": 3212162, "Kabupaten": 3212, "Koordinat Desa": -6.267, "field_10": 108.33, "Koordinat Calon Lokasi": null, "field_12": null, "field_13": null, "field_14": null, "Penyuluh Kehutanan \nPendamping": null, "Keterangan": null, "CDK": "CDK IX\r" }, "geometry": { "type": "Point", "coordinates": [ 108.33, -6.267 ] } },
{ "type": "Feature", "properties": { "No": 665, "Nama": "Sapar", "NIK": 3212151106710002, "Usia\n(Tahun)": "54", "Alamat": "Blok Tegur RT.018/RW.005", "Desa": 3212162004, "Kecamatan": 3212162, "Kabupaten": 3212, "Koordinat Desa": -6.267, "field_10": 108.33, "Koordinat Calon Lokasi": null, "field_12": null, "field_13": null, "field_14": null, "Penyuluh Kehutanan \nPendamping": null, "Keterangan": null, "CDK": "CDK IX\r" }, "geometry": { "type": "Point", "coordinates": [ 108.33, -6.267 ] } },
{ "type": "Feature", "properties": { "No": 666, "Nama": "Tasiman", "NIK": 3212151111760001, "Usia\n(Tahun)": "49", "Alamat": "Blok Bungku Timur RT.002/RW.004", "Desa": 3212162004, "Kecamatan": 3212162, "Kabupaten": 3212, "Koordinat Desa": -6.267, "field_10": 108.33, "Koordinat Calon Lokasi": null, "field_12": null, "field_13": null, "field_14": null, "Penyuluh Kehutanan \nPendamping": null, "Keterangan": null, "CDK": "CDK IX\r" }, "geometry": { "type": "Point", "coordinates": [ 108.33, -6.267 ] } }
]
}
