{
"type": "FeatureCollection",
"name": "PJL",
"crs": { "type": "name", "properties": { "name": "urn:ogc:def:crs:OGC:1.3:CRS84" } },
"features": [
{ "type": "Feature", "properties": { "no": 1, "nama": "Muhammad Asep MI", "nik": 3201252207810003, "usia(tahun)": "44", "alamat": "Kp. Hegarsari No 19 RT/RW 001/016", "desa": 3201110003, "kecamatan": 3201110, "kabupaten": 3201, "koordinat desa (lat)": -6.723, "koordinat desa (long)": 106.973, "koordinat calon lokasi persemaian (x)": -6.702493, "koordinat calon lokasi persemaian (y)": 106.977691, "koordinat calon lokasi penanaman (x)": null, "koordinat calon lokasi penanaman (y)": null, "penyuluh kehutanan pendamping": "Yuliandri Hanafi, S.Hut", "keterangan": "APL Daratan", "cdk": "CDK I" }, "geometry": { "type": "Point", "coordinates": [ 106.973, -6.723 ] } },
{ "type": "Feature", "properties": { "no": 2, "nama": "Hendra Hermawan", "nik": 3201250405760007, "usia(tahun)": "49", "alamat": "Kp. Kp. Pensiunan RT/RW 002/001", "desa": 3201110003, "kecamatan": 3201110, "kabupaten": 3201, "koordinat desa (lat)": -6.723, "koordinat desa (long)": 106.973, "koordinat calon lokasi persemaian (x)": -6.702493, "koordinat calon lokasi persemaian (y)": 106.977691, "koordinat calon lokasi penanaman (x)": null, "koordinat calon lokasi penanaman (y)": null, "penyuluh kehutanan pendamping": "Yuliandri Hanafi, S.Hut", "keterangan": "APL Daratan", "cdk": "CDK I" }, "geometry": { "type": "Point", "coordinates": [ 106.973, -6.723 ] } },
{ "type": "Feature", "properties": { "no": 3, "nama": "Samsul A", "nik": 3201250701810014, "usia(tahun)": "44", "alamat": "Kp. Pensiunan RT/RW 002/001", "desa": 3201110003, "kecamatan": 3201110, "kabupaten": 3201, "koordinat desa (lat)": -6.723, "koordinat desa (long)": 106.973, "koordinat calon lokasi persemaian (x)": -6.702493, "koordinat calon lokasi persemaian (y)": 106.977691, "koordinat calon lokasi penanaman (x)": null, "koordinat calon lokasi penanaman (y)": null, "penyuluh kehutanan pendamping": "Yuliandri Hanafi, S.Hut", "keterangan": "APL Daratan", "cdk": "CDK I" }, "geometry": { "type": "Point", "coordinates": [ 106.973, -6.723 ] } },
{ "type": "Feature", "properties": { "no": 4, "nama": "Dede Iyus Darussalm", "nik": 3201252812830009, "usia(tahun)": "42", "alamat": "Kp. Pensiunan RT/RW 002/001", "desa": 3201110003, "kecamatan": 3201110, "kabupaten": 3201, "koordinat desa (lat)": -6.723, "koordinat desa (long)": 106.973, "koordinat calon lokasi persemaian (x)": -6.702493, "koordinat calon lokasi persemaian (y)": 106.977691, "koordinat calon lokasi penanaman (x)": null, "koordinat calon lokasi penanaman (y)": null, "penyuluh kehutanan pendamping": "Yuliandri Hanafi, S.Hut", "keterangan": "APL Daratan", "cdk": "CDK I" }, "geometry": { "type": "Point", "coordinates": [ 106.973, -6.723 ] } },
{ "type": "Feature", "properties": { "no": 5, "nama": "Solihin", "nik": 3201252311800001, "usia(tahun)": "45", "alamat": "Kp. Pensiunan RT/RW 001/001", "desa": 3201110003, "kecamatan": 3201110, "kabupaten": 3201, "koordinat desa (lat)": -6.723, "koordinat desa (long)": 106.973, "koordinat calon lokasi persemaian (x)": -6.702493, "koordinat calon lokasi persemaian (y)": 106.977691, "koordinat calon lokasi penanaman (x)": null, "koordinat calon lokasi penanaman (y)": null, "penyuluh kehutanan pendamping": "Yuliandri Hanafi, S.Hut", "keterangan": "APL Daratan", "cdk": "CDK I" }, "geometry": { "type": "Point", "coordinates": [ 106.973, -6.723 ] } },
{ "type": "Feature", "properties": { "no": 6, "nama": "Muplih", "nik": 3201250902750002, "usia(tahun)": "51", "alamat": "Kp. Pensiunan RT/RW 001/001 ", "desa": 3201110003, "kecamatan": 3201110, "kabupaten": 3201, "koordinat desa (lat)": -6.723, "koordinat desa (long)": 106.973, "koordinat calon lokasi persemaian (x)": -6.702493, "koordinat calon lokasi persemaian (y)": 106.977691, "koordinat calon lokasi penanaman (x)": null, "koordinat calon lokasi penanaman (y)": null, "penyuluh kehutanan pendamping": "Yuliandri Hanafi, S.Hut", "keterangan": "APL Daratan", "cdk": "CDK I" }, "geometry": { "type": "Point", "coordinates": [ 106.973, -6.723 ] } },
{ "type": "Feature", "properties": { "no": 7, "nama": "Ajum", "nik": 3201080212670001, "usia(tahun)": "59", "alamat": "Kp. Tonjong RT/RW 004/002 ", "desa": 3201160013, "kecamatan": 3201160, "kabupaten": 3201, "koordinat desa (lat)": -6.549, "koordinat desa (long)": 107.169, "koordinat calon lokasi persemaian (x)": -6.518119, "koordinat calon lokasi persemaian (y)": 107.167486, "koordinat calon lokasi penanaman (x)": null, "koordinat calon lokasi penanaman (y)": null, "penyuluh kehutanan pendamping": "Rusmana, SP", "keterangan": "APL Daratan", "cdk": "CDK I" }, "geometry": { "type": "Point", "coordinates": [ 107.169, -6.549 ] } },
{ "type": "Feature", "properties": { "no": 8, "nama": "Enoh", "nik": 3201080107450002, "usia(tahun)": "80", "alamat": "Kp. Tonjong I RT/RW 004/002 ", "desa": 3201160013, "kecamatan": 3201160, "kabupaten": 3201, "koordinat desa (lat)": -6.549, "koordinat desa (long)": 107.169, "koordinat calon lokasi persemaian (x)": -6.518119, "koordinat calon lokasi persemaian (y)": 107.167486, "koordinat calon lokasi penanaman (x)": null, "koordinat calon lokasi penanaman (y)": null, "penyuluh kehutanan pendamping": "Rusmana, SP", "keterangan": "APL Daratan", "cdk": "CDK I" }, "geometry": { "type": "Point", "coordinates": [ 107.169, -6.549 ] } },
{ "type": "Feature", "properties": { "no": 9, "nama": "Saepudin", "nik": 3201080703800004, "usia(tahun)": "45", "alamat": "Kp. Parakan Salam RT/RW 001/001", "desa": 3201160013, "kecamatan": 3201160, "kabupaten": 3201, "koordinat desa (lat)": -6.549, "koordinat desa (long)": 107.169, "koordinat calon lokasi persemaian (x)": -6.518119, "koordinat calon lokasi persemaian (y)": 107.167486, "koordinat calon lokasi penanaman (x)": null, "koordinat calon lokasi penanaman (y)": null, "penyuluh kehutanan pendamping": "Rusmana, SP", "keterangan": "APL Daratan", "cdk": "CDK I" }, "geometry": { "type": "Point", "coordinates": [ 107.169, -6.549 ] } },
{ "type": "Feature", "properties": { "no": 10, "nama": "Encep Saepudin", "nik": 3201090810750003, "usia(tahun)": "51", "alamat": "Kp. Cisoro. RT/RW 001/004 ", "desa": 3201150005, "kecamatan": 3201150, "kabupaten": 3201, "koordinat desa (lat)": -6.592, "koordinat desa (long)": 106.996, "koordinat calon lokasi persemaian (x)": -6.591166, "koordinat calon lokasi persemaian (y)": 107.001657, "koordinat calon lokasi penanaman (x)": null, "koordinat calon lokasi penanaman (y)": null, "penyuluh kehutanan pendamping": "Yuliandri Hanafi, S.Hut", "keterangan": "KHDPK", "cdk": "CDK I" }, "geometry": { "type": "Point", "coordinates": [ 106.996, -6.592 ] } },
{ "type": "Feature", "properties": { "no": 11, "nama": "H. Acep Edi", "nik": 3201091207590003, "usia(tahun)": "67", "alamat": "Kp. Cisoro. RT/RW 001/004, ", "desa": 3201150005, "kecamatan": 3201150, "kabupaten": 3201, "koordinat desa (lat)": -6.592, "koordinat desa (long)": 106.996, "koordinat calon lokasi persemaian (x)": -6.591166, "koordinat calon lokasi persemaian (y)": 107.001657, "koordinat calon lokasi penanaman (x)": null, "koordinat calon lokasi penanaman (y)": null, "penyuluh kehutanan pendamping": "Yuliandri Hanafi, S.Hut", "keterangan": "KHDPK", "cdk": "CDK I" }, "geometry": { "type": "Point", "coordinates": [ 106.996, -6.592 ] } },
{ "type": "Feature", "properties": { "no": 12, "nama": "Wahono", "nik": 3403060709720005, "usia(tahun)": "52", "alamat": "Kp. Cisoro. RT/RW 001/004, ", "desa": 3201150005, "kecamatan": 3201150, "kabupaten": 3201, "koordinat desa (lat)": -6.592, "koordinat desa (long)": 106.996, "koordinat calon lokasi persemaian (x)": -6.591166, "koordinat calon lokasi persemaian (y)": 107.001657, "koordinat calon lokasi penanaman (x)": null, "koordinat calon lokasi penanaman (y)": null, "penyuluh kehutanan pendamping": "Yuliandri Hanafi, S.Hut", "keterangan": "KHDPK", "cdk": "CDK I" }, "geometry": { "type": "Point", "coordinates": [ 106.996, -6.592 ] } },
{ "type": "Feature", "properties": { "no": 13, "nama": "Solahudin", "nik": 3201270206760002, "usia(tahun)": "50", "alamat": "Kp. Lengkong RT/RW. 004/005 ", "desa": 3201090001, "kecamatan": 3201090, "kabupaten": 3201, "koordinat desa (lat)": -6.757, "koordinat desa (long)": 106.852, "koordinat calon lokasi persemaian (x)": -6.761504, "koordinat calon lokasi persemaian (y)": 106.835931, "koordinat calon lokasi penanaman (x)": null, "koordinat calon lokasi penanaman (y)": null, "penyuluh kehutanan pendamping": "Annisa Fitriani Tyassita", "keterangan": "APL Daratan", "cdk": "CDK I" }, "geometry": { "type": "Point", "coordinates": [ 106.852, -6.757 ] } },
{ "type": "Feature", "properties": { "no": 14, "nama": "Tata Suparta", "nik": 3201271002830005, "usia(tahun)": "43", "alamat": "Kp. Lengkong RT/RW 004/005 ", "desa": 3201090001, "kecamatan": 3201090, "kabupaten": 3201, "koordinat desa (lat)": -6.757, "koordinat desa (long)": 106.852, "koordinat calon lokasi persemaian (x)": -6.761504, "koordinat calon lokasi persemaian (y)": 106.835931, "koordinat calon lokasi penanaman (x)": null, "koordinat calon lokasi penanaman (y)": null, "penyuluh kehutanan pendamping": "Annisa Fitriani Tyassita", "keterangan": "APL Daratan", "cdk": "CDK I" }, "geometry": { "type": "Point", "coordinates": [ 106.852, -6.757 ] } },
{ "type": "Feature", "properties": { "no": 15, "nama": "Solihin", "nik": 3201271904790005, "usia(tahun)": "47", "alamat": "kp. Lengkong RT/RW 002/005 ", "desa": 3201090001, "kecamatan": 3201090, "kabupaten": 3201, "koordinat desa (lat)": -6.757, "koordinat desa (long)": 106.852, "koordinat calon lokasi persemaian (x)": -6.761504, "koordinat calon lokasi persemaian (y)": 106.835931, "koordinat calon lokasi penanaman (x)": null, "koordinat calon lokasi penanaman (y)": null, "penyuluh kehutanan pendamping": "Annisa Fitriani Tyassita", "keterangan": "APL Daratan", "cdk": "CDK I" }, "geometry": { "type": "Point", "coordinates": [ 106.852, -6.757 ] } },
{ "type": "Feature", "properties": { "no": 16, "nama": "Bana", "nik": 3201051506560004, "usia(tahun)": "69", "alamat": "Kp. Curug RT/RW 002/015 ", "desa": 3201140002, "kecamatan": 3201140, "kabupaten": 3201, "koordinat desa (lat)": -6.609, "koordinat desa (long)": 106.907, "koordinat calon lokasi persemaian (x)": -6.619915, "koordinat calon lokasi persemaian (y)": 106.909408, "koordinat calon lokasi penanaman (x)": null, "koordinat calon lokasi penanaman (y)": null, "penyuluh kehutanan pendamping": "Raden Triangga Wicaksana, S. P.", "keterangan": "KHDPK", "cdk": "CDK I" }, "geometry": { "type": "Point", "coordinates": [ 106.907, -6.609 ] } },
{ "type": "Feature", "properties": { "no": 17, "nama": "Lukman", "nik": 3201052607770003, "usia(tahun)": "49", "alamat": "Kp. Curug RT/RW 002/015 ", "desa": 3201140002, "kecamatan": 3201140, "kabupaten": 3201, "koordinat desa (lat)": -6.609, "koordinat desa (long)": 106.907, "koordinat calon lokasi persemaian (x)": -6.619915, "koordinat calon lokasi persemaian (y)": 106.909408, "koordinat calon lokasi penanaman (x)": null, "koordinat calon lokasi penanaman (y)": null, "penyuluh kehutanan pendamping": "Raden Triangga Wicaksana, S. P.", "keterangan": "KHDPK", "cdk": "CDK I" }, "geometry": { "type": "Point", "coordinates": [ 106.907, -6.609 ] } },
{ "type": "Feature", "properties": { "no": 18, "nama": "Agus", "nik": 3201051105680001, "usia(tahun)": "58", "alamat": "Kp. Cibingbing RT/RW 004/005 ", "desa": 3201140002, "kecamatan": 3201140, "kabupaten": 3201, "koordinat desa (lat)": -6.609, "koordinat desa (long)": 106.907, "koordinat calon lokasi persemaian (x)": -6.619915, "koordinat calon lokasi persemaian (y)": 106.909408, "koordinat calon lokasi penanaman (x)": null, "koordinat calon lokasi penanaman (y)": null, "penyuluh kehutanan pendamping": "Raden Triangga Wicaksana, S. P.", "keterangan": "KHDPK", "cdk": "CDK I" }, "geometry": { "type": "Point", "coordinates": [ 106.907, -6.609 ] } },
{ "type": "Feature", "properties": { "no": 19, "nama": "Jaka", "nik": 3201240101760020, "usia(tahun)": "50", "alamat": "Kp Bojong, RT/RW 011/003 ", "desa": 3201100004, "kecamatan": 3201100, "kabupaten": 3201, "koordinat desa (lat)": -6.735, "koordinat desa (long)": 106.928, "koordinat calon lokasi persemaian (x)": -6.70781, "koordinat calon lokasi persemaian (y)": 106.90168, "koordinat calon lokasi penanaman (x)": null, "koordinat calon lokasi penanaman (y)": null, "penyuluh kehutanan pendamping": "Nurul Fadhilah Amiruddin", "keterangan": "APL Daratan", "cdk": "CDK I" }, "geometry": { "type": "Point", "coordinates": [ 106.928, -6.735 ] } },
{ "type": "Feature", "properties": { "no": 20, "nama": "Herman", "nik": 3201241208680003, "usia(tahun)": "57", "alamat": "Kp Bojong, RT/RW 014/004 ", "desa": 3201100004, "kecamatan": 3201100, "kabupaten": 3201, "koordinat desa (lat)": -6.735, "koordinat desa (long)": 106.928, "koordinat calon lokasi persemaian (x)": -6.70781, "koordinat calon lokasi persemaian (y)": 106.90168, "koordinat calon lokasi penanaman (x)": null, "koordinat calon lokasi penanaman (y)": null, "penyuluh kehutanan pendamping": "Nurul Fadhilah Amiruddin", "keterangan": "APL Daratan", "cdk": "CDK I" }, "geometry": { "type": "Point", "coordinates": [ 106.928, -6.735 ] } },
{ "type": "Feature", "properties": { "no": 21, "nama": "M. Arman Maulana", "nik": 3201241109850003, "usia(tahun)": "57", "alamat": "Kp Bojong, RT/RW 012/004 ", "desa": 3201100004, "kecamatan": 3201100, "kabupaten": 3201, "koordinat desa (lat)": -6.735, "koordinat desa (long)": 106.928, "koordinat calon lokasi persemaian (x)": -6.70781, "koordinat calon lokasi persemaian (y)": 106.90168, "koordinat calon lokasi penanaman (x)": null, "koordinat calon lokasi penanaman (y)": null, "penyuluh kehutanan pendamping": "Nurul Fadhilah Amiruddin", "keterangan": "APL Daratan", "cdk": "CDK I" }, "geometry": { "type": "Point", "coordinates": [ 106.928, -6.735 ] } },
{ "type": "Feature", "properties": { "no": 22, "nama": "Muhidin Abdillah", "nik": 3201060609690010, "usia(tahun)": "40", "alamat": "Kp. Bojong Korod RT/RW 002/010 ", "desa": 3201170006, "kecamatan": 3201170, "kabupaten": 3201, "koordinat desa (lat)": -6.496, "koordinat desa (long)": 107.057, "koordinat calon lokasi persemaian (x)": -6.504278, "koordinat calon lokasi persemaian (y)": 107.046175, "koordinat calon lokasi penanaman (x)": null, "koordinat calon lokasi penanaman (y)": null, "penyuluh kehutanan pendamping": "Dian Fajarwati, S.Hut", "keterangan": "APL Daratan", "cdk": "CDK I" }, "geometry": { "type": "Point", "coordinates": [ 107.057, -6.496 ] } },
{ "type": "Feature", "properties": { "no": 23, "nama": "Bayu Purbaya", "nik": 3201060112840013, "usia(tahun)": "56", "alamat": "Kp. Bojong Korod RT/RW 001/010 ", "desa": 3201170006, "kecamatan": 3201170, "kabupaten": 3201, "koordinat desa (lat)": -6.496, "koordinat desa (long)": 107.057, "koordinat calon lokasi persemaian (x)": -6.504278, "koordinat calon lokasi persemaian (y)": 107.046175, "koordinat calon lokasi penanaman (x)": null, "koordinat calon lokasi penanaman (y)": null, "penyuluh kehutanan pendamping": "Dian Fajarwati, S.Hut", "keterangan": "APL Daratan", "cdk": "CDK I" }, "geometry": { "type": "Point", "coordinates": [ 107.057, -6.496 ] } },
{ "type": "Feature", "properties": { "no": 24, "nama": "Supriadi", "nik": 3201061506690072, "usia(tahun)": "41", "alamat": "Kp. Bojong Korod RT/RW 001/010 ", "desa": 3201170006, "kecamatan": 3201170, "kabupaten": 3201, "koordinat desa (lat)": -6.496, "koordinat desa (long)": 107.057, "koordinat calon lokasi persemaian (x)": -6.504278, "koordinat calon lokasi persemaian (y)": 107.046175, "koordinat calon lokasi penanaman (x)": null, "koordinat calon lokasi penanaman (y)": null, "penyuluh kehutanan pendamping": "Dian Fajarwati, S.Hut", "keterangan": "APL Daratan", "cdk": "CDK I" }, "geometry": { "type": "Point", "coordinates": [ 107.057, -6.496 ] } },
{ "type": "Feature", "properties": { "no": 25, "nama": "Mansur", "nik": 3201141706690004, "usia(tahun)": "56", "alamat": "Kp. Gunung Sari RT/RW 003/006 ", "desa": 3201020003, "kecamatan": 3201020, "kabupaten": 3201, "koordinat desa (lat)": -6.638, "koordinat desa (long)": 106.621, "koordinat calon lokasi persemaian (x)": -6.6462, "koordinat calon lokasi persemaian (y)": 106.6188, "koordinat calon lokasi penanaman (x)": null, "koordinat calon lokasi penanaman (y)": null, "penyuluh kehutanan pendamping": "Hilda Guntara, A.Md", "keterangan": "APL Daratan", "cdk": "CDK I" }, "geometry": { "type": "Point", "coordinates": [ 106.621, -6.638 ] } },
{ "type": "Feature", "properties": { "no": 26, "nama": "Dedih", "nik": 3201140204800010, "usia(tahun)": "57", "alamat": "Kp. Legok Gintung RT/RW 001/004 ", "desa": 3201020004, "kecamatan": 3201020, "kabupaten": 3201, "koordinat desa (lat)": -6.624, "koordinat desa (long)": 106.588, "koordinat calon lokasi persemaian (x)": -6.617172, "koordinat calon lokasi persemaian (y)": 106.587523, "koordinat calon lokasi penanaman (x)": null, "koordinat calon lokasi penanaman (y)": null, "penyuluh kehutanan pendamping": "Hilda Guntara, A.Md", "keterangan": "APL Daratan", "cdk": "CDK I" }, "geometry": { "type": "Point", "coordinates": [ 106.588, -6.624 ] } },
{ "type": "Feature", "properties": { "no": 27, "nama": "Redi", "nik": 3201140206860004, "usia(tahun)": "46", "alamat": "Kp. Nangela Lebak RT/RW 001/008 ", "desa": 3201020004, "kecamatan": 3201020, "kabupaten": 3201, "koordinat desa (lat)": -6.624, "koordinat desa (long)": 106.588, "koordinat calon lokasi persemaian (x)": -6.617172, "koordinat calon lokasi persemaian (y)": 106.587523, "koordinat calon lokasi penanaman (x)": null, "koordinat calon lokasi penanaman (y)": null, "penyuluh kehutanan pendamping": "Hilda Guntara, A.Md", "keterangan": "APL Daratan", "cdk": "CDK I" }, "geometry": { "type": "Point", "coordinates": [ 106.588, -6.624 ] } },
{ "type": "Feature", "properties": { "no": 28, "nama": "Jaenal Abidin", "nik": 3216171708770004, "usia(tahun)": "49", "alamat": "Kp. Gaga, RT/RW 003/003", "desa": 3216150002, "kecamatan": 3216150, "kabupaten": 3216, "koordinat desa (lat)": -6.006, "koordinat desa (long)": 107.042, "koordinat calon lokasi persemaian (x)": -5.9925, "koordinat calon lokasi persemaian (y)": 107.025833, "koordinat calon lokasi penanaman (x)": null, "koordinat calon lokasi penanaman (y)": null, "penyuluh kehutanan pendamping": "Didin Hernadi", "keterangan": "APL Mangrove dan Pantai", "cdk": "CDK I" }, "geometry": { "type": "Point", "coordinates": [ 107.042, -6.006 ] } },
{ "type": "Feature", "properties": { "no": 29, "nama": "Dedeng", "nik": 3216171508780005, "usia(tahun)": "48", "alamat": "Kp. Gaga, RT/RW 002/001", "desa": 3216150002, "kecamatan": 3216150, "kabupaten": 3216, "koordinat desa (lat)": -6.006, "koordinat desa (long)": 107.042, "koordinat calon lokasi persemaian (x)": -5.9925, "koordinat calon lokasi persemaian (y)": 107.025833, "koordinat calon lokasi penanaman (x)": null, "koordinat calon lokasi penanaman (y)": null, "penyuluh kehutanan pendamping": "Didin Hernadi", "keterangan": "APL Mangrove dan Pantai", "cdk": "CDK I" }, "geometry": { "type": "Point", "coordinates": [ 107.042, -6.006 ] } },
{ "type": "Feature", "properties": { "no": 30, "nama": "Soleh Bin Ongkin", "nik": 3216171506780036, "usia(tahun)": "48", "alamat": "Kp. Muara Jaya RT 002/001", "desa": 3216150002, "kecamatan": 3216150, "kabupaten": 3216, "koordinat desa (lat)": -6.006, "koordinat desa (long)": 107.042, "koordinat calon lokasi persemaian (x)": -5.992501, "koordinat calon lokasi persemaian (y)": 107.025834, "koordinat calon lokasi penanaman (x)": null, "koordinat calon lokasi penanaman (y)": null, "penyuluh kehutanan pendamping": "Didin Hernadi", "keterangan": "APL Mangrove dan Pantai", "cdk": "CDK I" }, "geometry": { "type": "Point", "coordinates": [ 107.042, -6.006 ] } },
{ "type": "Feature", "properties": { "no": 31, "nama": "Royani", "nik": 3201251007550002, "usia(tahun)": "70", "alamat": "Kp. Cibulao RT.002 RW 006 ", "desa": 3201110004, "kecamatan": 3201110, "kabupaten": 3201, "koordinat desa (lat)": -6.685, "koordinat desa (long)": 106.98, "koordinat calon lokasi persemaian (x)": -6.684811, "koordinat calon lokasi persemaian (y)": 106.988769, "koordinat calon lokasi penanaman (x)": null, "koordinat calon lokasi penanaman (y)": null, "penyuluh kehutanan pendamping": "Yuliandri Hanafi, S.Hut.", "keterangan": "KHDPK", "cdk": "CDK I" }, "geometry": { "type": "Point", "coordinates": [ 106.98, -6.685 ] } },
{ "type": "Feature", "properties": { "no": 32, "nama": "Oyo", "nik": 3201250312680002, "usia(tahun)": "57", "alamat": "Kp. Cibulao RT.002 RW 006 ", "desa": 3201110004, "kecamatan": 3201110, "kabupaten": 3201, "koordinat desa (lat)": -6.685, "koordinat desa (long)": 106.98, "koordinat calon lokasi persemaian (x)": -6.684811, "koordinat calon lokasi persemaian (y)": 106.988769, "koordinat calon lokasi penanaman (x)": null, "koordinat calon lokasi penanaman (y)": null, "penyuluh kehutanan pendamping": "Yuliandri Hanafi, S.Hut.", "keterangan": "KHDPK", "cdk": "CDK I" }, "geometry": { "type": "Point", "coordinates": [ 106.98, -6.685 ] } },
{ "type": "Feature", "properties": { "no": 33, "nama": "Partinah", "nik": 3201255002620003, "usia(tahun)": "63", "alamat": "Kp. Cibulao RT.002 RW 006 ", "desa": 3201110004, "kecamatan": 3201110, "kabupaten": 3201, "koordinat desa (lat)": -6.685, "koordinat desa (long)": 106.98, "koordinat calon lokasi persemaian (x)": -6.684811, "koordinat calon lokasi persemaian (y)": 106.988769, "koordinat calon lokasi penanaman (x)": null, "koordinat calon lokasi penanaman (y)": null, "penyuluh kehutanan pendamping": "Yuliandri Hanafi, S.Hut.", "keterangan": "KHDPK", "cdk": "CDK I" }, "geometry": { "type": "Point", "coordinates": [ 106.98, -6.685 ] } },
{ "type": "Feature", "properties": { "no": 34, "nama": "Deden Hermawan", "nik": 3201090706770003, "usia(tahun)": "48", "alamat": "Kp. Leuwicatang RT 005 RW 003", "desa": 3201150008, "kecamatan": 3201150, "kabupaten": 3201, "koordinat desa (lat)": -6.546, "koordinat desa (long)": 106.962, "koordinat calon lokasi persemaian (x)": -6.541861, "koordinat calon lokasi persemaian (y)": 106.951976, "koordinat calon lokasi penanaman (x)": null, "koordinat calon lokasi penanaman (y)": null, "penyuluh kehutanan pendamping": "Yuliandri Hanafi, S.Hut.", "keterangan": "APL Daratan", "cdk": "CDK I" }, "geometry": { "type": "Point", "coordinates": [ 106.962, -6.546 ] } },
{ "type": "Feature", "properties": { "no": 35, "nama": "Husen", "nik": 3201091701800004, "usia(tahun)": "45", "alamat": "Kp. Leuwicatang RT 003 RW 003", "desa": 3201150008, "kecamatan": 3201150, "kabupaten": 3201, "koordinat desa (lat)": -6.546, "koordinat desa (long)": 106.962, "koordinat calon lokasi persemaian (x)": -6.541861, "koordinat calon lokasi persemaian (y)": 106.951976, "koordinat calon lokasi penanaman (x)": null, "koordinat calon lokasi penanaman (y)": null, "penyuluh kehutanan pendamping": "Yuliandri Hanafi, S.Hut.", "keterangan": "APL Daratan", "cdk": "CDK I" }, "geometry": { "type": "Point", "coordinates": [ 106.962, -6.546 ] } },
{ "type": "Feature", "properties": { "no": 36, "nama": "Mulyadi", "nik": 3201091312830001, "usia(tahun)": "42", "alamat": "Kp. Leuwicatang RT 005 RW 003", "desa": 3201150008, "kecamatan": 3201150, "kabupaten": 3201, "koordinat desa (lat)": -6.546, "koordinat desa (long)": 106.962, "koordinat calon lokasi persemaian (x)": -6.541861, "koordinat calon lokasi persemaian (y)": 106.951976, "koordinat calon lokasi penanaman (x)": null, "koordinat calon lokasi penanaman (y)": null, "penyuluh kehutanan pendamping": "Yuliandri Hanafi, S.Hut.", "keterangan": "APL Daratan", "cdk": "CDK I" }, "geometry": { "type": "Point", "coordinates": [ 106.962, -6.546 ] } },
{ "type": "Feature", "properties": { "no": 37, "nama": "Ucu Barokah", "nik": 3201041904780005, "usia(tahun)": "48", "alamat": "Kp. Cimuncang RT 002 RW 002 ", "desa": 3201130001, "kecamatan": 3201130, "kabupaten": 3201, "koordinat desa (lat)": -6.631, "koordinat desa (long)": 106.847, "koordinat calon lokasi persemaian (x)": -6.636783, "koordinat calon lokasi persemaian (y)": 106.871149, "koordinat calon lokasi penanaman (x)": null, "koordinat calon lokasi penanaman (y)": null, "penyuluh kehutanan pendamping": "Citra Betrianingrum, S.Hut", "keterangan": "APL Daratan", "cdk": "CDK I" }, "geometry": { "type": "Point", "coordinates": [ 106.847, -6.631 ] } },
{ "type": "Feature", "properties": { "no": 38, "nama": "Aos Suryadi", "nik": 3201040402750002, "usia(tahun)": "50", "alamat": "Kp. Bojong RT 002 RW 004", "desa": 3201130001, "kecamatan": 3201130, "kabupaten": 3201, "koordinat desa (lat)": -6.631, "koordinat desa (long)": 106.847, "koordinat calon lokasi persemaian (x)": -6.636783, "koordinat calon lokasi persemaian (y)": 106.871149, "koordinat calon lokasi penanaman (x)": null, "koordinat calon lokasi penanaman (y)": null, "penyuluh kehutanan pendamping": "Citra Betrianingrum, S.Hut", "keterangan": "APL Daratan", "cdk": "CDK I" }, "geometry": { "type": "Point", "coordinates": [ 106.847, -6.631 ] } },
{ "type": "Feature", "properties": { "no": 39, "nama": "Haliri", "nik": 3201041505730005, "usia(tahun)": "53", "alamat": "Kp. Gunung Geulis RT 003 RW 001", "desa": 3201130002, "kecamatan": 3201130, "kabupaten": 3201, "koordinat desa (lat)": -6.631, "koordinat desa (long)": 106.882, "koordinat calon lokasi persemaian (x)": -6.636783, "koordinat calon lokasi persemaian (y)": 106.871149, "koordinat calon lokasi penanaman (x)": null, "koordinat calon lokasi penanaman (y)": null, "penyuluh kehutanan pendamping": "Citra Betrianingrum, S.Hut", "keterangan": "APL Daratan", "cdk": "CDK I" }, "geometry": { "type": "Point", "coordinates": [ 106.882, -6.631 ] } },
{ "type": "Feature", "properties": { "no": 40, "nama": "Muhamad Hamda", "nik": 3201390506660003, "usia(tahun)": "59", "alamat": "Kp. Gunung Seureuh RT. 002 RW 006 ", "desa": 3201021006, "kecamatan": 3201021, "kabupaten": 3201, "koordinat desa (lat)": -6.557, "koordinat desa (long)": 106.585, "koordinat calon lokasi persemaian (x)": -6.55046, "koordinat calon lokasi persemaian (y)": 106.582074, "koordinat calon lokasi penanaman (x)": null, "koordinat calon lokasi penanaman (y)": null, "penyuluh kehutanan pendamping": "Memet Slamet Riady, S.Hut", "keterangan": "APL Daratan", "cdk": "CDK I" }, "geometry": { "type": "Point", "coordinates": [ 106.585, -6.557 ] } },
{ "type": "Feature", "properties": { "no": 41, "nama": "Cacang", "nik": 3201390806850005, "usia(tahun)": "41", "alamat": "Kp. Cikadu RT. 002 RW 005 ", "desa": 3201021006, "kecamatan": 3201021, "kabupaten": 3201, "koordinat desa (lat)": -6.557, "koordinat desa (long)": 106.585, "koordinat calon lokasi persemaian (x)": -6.55046, "koordinat calon lokasi persemaian (y)": 106.582074, "koordinat calon lokasi penanaman (x)": null, "koordinat calon lokasi penanaman (y)": null, "penyuluh kehutanan pendamping": "Memet Slamet Riady, S.Hut", "keterangan": "APL Daratan", "cdk": "CDK I" }, "geometry": { "type": "Point", "coordinates": [ 106.585, -6.557 ] } },
{ "type": "Feature", "properties": { "no": 42, "nama": "Tatang", "nik": 3201390707770009, "usia(tahun)": "49", "alamat": "Kp. Cikadu RT. 002 RW 005 ", "desa": 3201021006, "kecamatan": 3201021, "kabupaten": 3201, "koordinat desa (lat)": -6.557, "koordinat desa (long)": 106.585, "koordinat calon lokasi persemaian (x)": -6.55046, "koordinat calon lokasi persemaian (y)": 106.582074, "koordinat calon lokasi penanaman (x)": null, "koordinat calon lokasi penanaman (y)": null, "penyuluh kehutanan pendamping": "Memet Slamet Riady, S.Hut", "keterangan": "APL Daratan", "cdk": "CDK I" }, "geometry": { "type": "Point", "coordinates": [ 106.585, -6.557 ] } },
{ "type": "Feature", "properties": { "no": 43, "nama": "Hamid", "nik": 3201222202690001, "usia(tahun)": "56", "alamat": "Kp. Cilame RT 002 RW 012 ", "desa": 3201270009, "kecamatan": 3201270, "kabupaten": 3201, "koordinat desa (lat)": -6.549, "koordinat desa (long)": 106.512, "koordinat calon lokasi persemaian (x)": -6.5443, "koordinat calon lokasi persemaian (y)": 106.5149, "koordinat calon lokasi penanaman (x)": null, "koordinat calon lokasi penanaman (y)": null, "penyuluh kehutanan pendamping": "Memet Slamet Riady, S.Hut", "keterangan": "APL Daratan", "cdk": "CDK I" }, "geometry": { "type": "Point", "coordinates": [ 106.512, -6.549 ] } },
{ "type": "Feature", "properties": { "no": 44, "nama": "Mahroji", "nik": 3201222611790001, "usia(tahun)": "57", "alamat": "Kp. Cilame RT 002 RW 012 ", "desa": 3201270009, "kecamatan": 3201270, "kabupaten": 3201, "koordinat desa (lat)": -6.549, "koordinat desa (long)": 106.512, "koordinat calon lokasi persemaian (x)": -6.5443, "koordinat calon lokasi persemaian (y)": 106.5149, "koordinat calon lokasi penanaman (x)": null, "koordinat calon lokasi penanaman (y)": null, "penyuluh kehutanan pendamping": "Memet Slamet Riady, S.Hut", "keterangan": "APL Daratan", "cdk": "CDK I" }, "geometry": { "type": "Point", "coordinates": [ 106.512, -6.549 ] } },
{ "type": "Feature", "properties": { "no": 45, "nama": "Ahyar", "nik": 3201220402700001, "usia(tahun)": "56", "alamat": "Kp. Cilame RT 002 RW 012 ", "desa": 3201270009, "kecamatan": 3201270, "kabupaten": 3201, "koordinat desa (lat)": -6.549, "koordinat desa (long)": 106.512, "koordinat calon lokasi persemaian (x)": -6.5443, "koordinat calon lokasi persemaian (y)": 106.5149, "koordinat calon lokasi penanaman (x)": null, "koordinat calon lokasi penanaman (y)": null, "penyuluh kehutanan pendamping": "Memet Slamet Riady, S.Hut", "keterangan": "APL Daratan", "cdk": "CDK I" }, "geometry": { "type": "Point", "coordinates": [ 106.512, -6.549 ] } },
{ "type": "Feature", "properties": { "no": 46, "nama": "Jaya Sampurna", "nik": 3201232802780007, "usia(tahun)": "47", "alamat": "Kp. Dungus Biuk RT 001 RW 006", "desa": 3201290004, "kecamatan": 3201290, "kabupaten": 3201, "koordinat desa (lat)": -6.365, "koordinat desa (long)": 106.472, "koordinat calon lokasi persemaian (x)": -6.3575, "koordinat calon lokasi persemaian (y)": 106.4825, "koordinat calon lokasi penanaman (x)": null, "koordinat calon lokasi penanaman (y)": null, "penyuluh kehutanan pendamping": "Dadi Supriadi", "keterangan": "APL Daratan", "cdk": "CDK I" }, "geometry": { "type": "Point", "coordinates": [ 106.472, -6.365 ] } },
{ "type": "Feature", "properties": { "no": 47, "nama": "Tarmidi", "nik": 3201230707820009, "usia(tahun)": "44", "alamat": "Kp. Dungus Biuk RT 003 RW 007", "desa": 3201290004, "kecamatan": 3201290, "kabupaten": 3201, "koordinat desa (lat)": -6.365, "koordinat desa (long)": 106.472, "koordinat calon lokasi persemaian (x)": -6.3575, "koordinat calon lokasi persemaian (y)": 106.4825, "koordinat calon lokasi penanaman (x)": null, "koordinat calon lokasi penanaman (y)": null, "penyuluh kehutanan pendamping": "Dadi Supriadi", "keterangan": "APL Daratan", "cdk": "CDK I" }, "geometry": { "type": "Point", "coordinates": [ 106.472, -6.365 ] } },
{ "type": "Feature", "properties": { "no": 48, "nama": "Amun", "nik": 3201230706740003, "usia(tahun)": "52", "alamat": "Kp. Dungus Biuk RT 002 RW 007", "desa": 3201290004, "kecamatan": 3201290, "kabupaten": 3201, "koordinat desa (lat)": -6.365, "koordinat desa (long)": 106.472, "koordinat calon lokasi persemaian (x)": -6.3575, "koordinat calon lokasi persemaian (y)": 106.4825, "koordinat calon lokasi penanaman (x)": null, "koordinat calon lokasi penanaman (y)": null, "penyuluh kehutanan pendamping": "Dadi Supriadi", "keterangan": "APL Daratan", "cdk": "CDK I" }, "geometry": { "type": "Point", "coordinates": [ 106.472, -6.365 ] } },
{ "type": "Feature", "properties": { "no": 49, "nama": "Endang ", "nik": 3201170705710010, "usia(tahun)": "55", "alamat": "Kp. Cikuda Mulya RT 001 RW 005", "desa": 3201030002, "kecamatan": 3201030, "kabupaten": 3201, "koordinat desa (lat)": -6.727, "koordinat desa (long)": 106.635, "koordinat calon lokasi persemaian (x)": -6.6995, "koordinat calon lokasi persemaian (y)": 106.644478, "koordinat calon lokasi penanaman (x)": null, "koordinat calon lokasi penanaman (y)": null, "penyuluh kehutanan pendamping": "Herujaman, SE", "keterangan": "APL Daratan", "cdk": "CDK I" }, "geometry": { "type": "Point", "coordinates": [ 106.635, -6.727 ] } },
{ "type": "Feature", "properties": { "no": 50, "nama": "Satun", "nik": 3201171805690002, "usia(tahun)": "57", "alamat": "Kp. Cikuda Mulya RT 001 RW 005", "desa": 3201030002, "kecamatan": 3201030, "kabupaten": 3201, "koordinat desa (lat)": -6.727, "koordinat desa (long)": 106.635, "koordinat calon lokasi persemaian (x)": -6.6995, "koordinat calon lokasi persemaian (y)": 106.644478, "koordinat calon lokasi penanaman (x)": null, "koordinat calon lokasi penanaman (y)": null, "penyuluh kehutanan pendamping": "Herujaman, SE", "keterangan": "APL Daratan", "cdk": "CDK I" }, "geometry": { "type": "Point", "coordinates": [ 106.635, -6.727 ] } },
{ "type": "Feature", "properties": { "no": 51, "nama": "Pepen", "nik": 3201171503650008, "usia(tahun)": "61", "alamat": "Kp. Cikuda Mulya RT 001 RW 005", "desa": 3201030002, "kecamatan": 3201030, "kabupaten": 3201, "koordinat desa (lat)": -6.727, "koordinat desa (long)": 106.635, "koordinat calon lokasi persemaian (x)": -6.6995, "koordinat calon lokasi persemaian (y)": 106.644478, "koordinat calon lokasi penanaman (x)": null, "koordinat calon lokasi penanaman (y)": null, "penyuluh kehutanan pendamping": "Herujaman, SE", "keterangan": "APL Daratan", "cdk": "CDK I" }, "geometry": { "type": "Point", "coordinates": [ 106.635, -6.727 ] } },
{ "type": "Feature", "properties": { "no": 52, "nama": "Yuda Martin", "nik": 3201181202790004, "usia(tahun)": "46", "alamat": "Kp. Leuwibatu RT 003 RW 001", "desa": 3201260001, "kecamatan": 3201260, "kabupaten": 3201, "koordinat desa (lat)": -6.528, "koordinat desa (long)": 106.62, "koordinat calon lokasi persemaian (x)": -6.524036, "koordinat calon lokasi persemaian (y)": 106.631462, "koordinat calon lokasi penanaman (x)": null, "koordinat calon lokasi penanaman (y)": null, "penyuluh kehutanan pendamping": "Muhammad Abdurachman Yudiansyah", "keterangan": "APL Daratan", "cdk": "CDK I" }, "geometry": { "type": "Point", "coordinates": [ 106.62, -6.528 ] } },
{ "type": "Feature", "properties": { "no": 53, "nama": "Ukon Sukron", "nik": 3201180502690002, "usia(tahun)": "56", "alamat": "Kp. Leuwibatu RT 003 RW 001", "desa": 3201260001, "kecamatan": 3201260, "kabupaten": 3201, "koordinat desa (lat)": -6.528, "koordinat desa (long)": 106.62, "koordinat calon lokasi persemaian (x)": -6.524036, "koordinat calon lokasi persemaian (y)": 106.631462, "koordinat calon lokasi penanaman (x)": null, "koordinat calon lokasi penanaman (y)": null, "penyuluh kehutanan pendamping": "Muhammad Abdurachman Yudiansyah", "keterangan": "APL Daratan", "cdk": "CDK I" }, "geometry": { "type": "Point", "coordinates": [ 106.62, -6.528 ] } },
{ "type": "Feature", "properties": { "no": 54, "nama": "Ahmad Sukria", "nik": 3201181005660012, "usia(tahun)": "59", "alamat": "Kp. Leuwibatu RT 003 RW 001", "desa": 3201260001, "kecamatan": 3201260, "kabupaten": 3201, "koordinat desa (lat)": -6.528, "koordinat desa (long)": 106.62, "koordinat calon lokasi persemaian (x)": -6.524036, "koordinat calon lokasi persemaian (y)": 106.631462, "koordinat calon lokasi penanaman (x)": null, "koordinat calon lokasi penanaman (y)": null, "penyuluh kehutanan pendamping": "Muhammad Abdurachman Yudiansyah", "keterangan": "APL Daratan", "cdk": "CDK I" }, "geometry": { "type": "Point", "coordinates": [ 106.62, -6.528 ] } },
{ "type": "Feature", "properties": { "no": 55, "nama": "Encep Suryadi", "nik": 3201281202600003, "usia(tahun)": "66", "alamat": "Kp. Tajurhalang RT 004 RW 003", "desa": 3201080016, "kecamatan": 3201080, "kabupaten": 3201, "koordinat desa (lat)": -6.682, "koordinat desa (long)": 106.773, "koordinat calon lokasi persemaian (x)": -6.68456, "koordinat calon lokasi persemaian (y)": 106.77085, "koordinat calon lokasi penanaman (x)": null, "koordinat calon lokasi penanaman (y)": null, "penyuluh kehutanan pendamping": "Dini Dwi Fachrani", "keterangan": "APL Daratan", "cdk": "CDK I" }, "geometry": { "type": "Point", "coordinates": [ 106.773, -6.682 ] } },
{ "type": "Feature", "properties": { "no": 56, "nama": "Udung", "nik": 3201281103780004, "usia(tahun)": "48", "alamat": "Kp. Tajurhalang RT 004 RW 003", "desa": 3201080016, "kecamatan": 3201080, "kabupaten": 3201, "koordinat desa (lat)": -6.682, "koordinat desa (long)": 106.773, "koordinat calon lokasi persemaian (x)": -6.68456, "koordinat calon lokasi persemaian (y)": 106.77085, "koordinat calon lokasi penanaman (x)": null, "koordinat calon lokasi penanaman (y)": null, "penyuluh kehutanan pendamping": "Dini Dwi Fachrani", "keterangan": "APL Daratan", "cdk": "CDK I" }, "geometry": { "type": "Point", "coordinates": [ 106.773, -6.682 ] } },
{ "type": "Feature", "properties": { "no": 57, "nama": "Danu Umbara", "nik": 3271011606810012, "usia(tahun)": "45", "alamat": "Kp. Tajurhalang RT 004 RW 003", "desa": 3201080016, "kecamatan": 3201080, "kabupaten": 3201, "koordinat desa (lat)": -6.682, "koordinat desa (long)": 106.773, "koordinat calon lokasi persemaian (x)": -6.68456, "koordinat calon lokasi persemaian (y)": 106.77085, "koordinat calon lokasi penanaman (x)": null, "koordinat calon lokasi penanaman (y)": null, "penyuluh kehutanan pendamping": "Dini Dwi Fachrani", "keterangan": "APL Daratan", "cdk": "CDK I" }, "geometry": { "type": "Point", "coordinates": [ 106.773, -6.682 ] } },
{ "type": "Feature", "properties": { "no": 58, "nama": "Rohana", "nik": 3213290601740001, "usia(tahun)": "42", "alamat": "Dusun Banceuy Rt. 014 Rw. 005 ", "desa": 3213021005, "kecamatan": 3213021, "kabupaten": 3213, "koordinat desa (lat)": -6.714, "koordinat desa (long)": 107.71, "koordinat calon lokasi persemaian (x)": -6.680174, "koordinat calon lokasi persemaian (y)": 107.684551, "koordinat calon lokasi penanaman (x)": "-6.72883", "koordinat calon lokasi penanaman (y)": "107.70023", "penyuluh kehutanan pendamping": "Adang Juanda, S.ST", "keterangan": null, "cdk": "CDK II" }, "geometry": { "type": "Point", "coordinates": [ 107.71, -6.714 ] } },
{ "type": "Feature", "properties": { "no": 59, "nama": "Yana Suryana", "nik": 3213121108700005, "usia(tahun)": "55", "alamat": "Kp. Jalancagak Rt. 011 Rw. 002 ", "desa": 3213020015, "kecamatan": 3213020, "kabupaten": 3213, "koordinat desa (lat)": -6.676, "koordinat desa (long)": 107.704, "koordinat calon lokasi persemaian (x)": -6.680174, "koordinat calon lokasi persemaian (y)": 107.684551, "koordinat calon lokasi penanaman (x)": "-6.76315", "koordinat calon lokasi penanaman (y)": "107.64417", "penyuluh kehutanan pendamping": "Adang Juanda, S.ST", "keterangan": null, "cdk": "CDK II" }, "geometry": { "type": "Point", "coordinates": [ 107.704, -6.676 ] } },
{ "type": "Feature", "properties": { "no": 60, "nama": "Cucu Hidayat", "nik": 3213290407760001, "usia(tahun)": "50", "alamat": "Kp. Sukanagara Rt. 018 Rw. 005 ", "desa": 3213021004, "kecamatan": 3213021, "kabupaten": 3213, "koordinat desa (lat)": -6.735, "koordinat desa (long)": 107.698, "koordinat calon lokasi persemaian (x)": -6.680174, "koordinat calon lokasi persemaian (y)": 107.684551, "koordinat calon lokasi penanaman (x)": "-6.67033", "koordinat calon lokasi penanaman (y)": "107.70205", "penyuluh kehutanan pendamping": "Adang Juanda, S.ST", "keterangan": null, "cdk": "CDK II" }, "geometry": { "type": "Point", "coordinates": [ 107.698, -6.735 ] } },
{ "type": "Feature", "properties": { "no": 61, "nama": "Edi", "nik": 3213190504760003, "usia(tahun)": "50", "alamat": "Kp.Cisalak Rt 20/10 ", "desa": 3213050005, "kecamatan": 3213050, "kabupaten": 3213, "koordinat desa (lat)": -6.635, "koordinat desa (long)": 107.797, "koordinat calon lokasi persemaian (x)": -6.62661, "koordinat calon lokasi persemaian (y)": 107.806787, "koordinat calon lokasi penanaman (x)": "6,638648", "koordinat calon lokasi penanaman (y)": "107,802227", "penyuluh kehutanan pendamping": "Dedi Supriadi, S.ST", "keterangan": null, "cdk": "CDK II" }, "geometry": { "type": "Point", "coordinates": [ 107.797, -6.635 ] } },
{ "type": "Feature", "properties": { "no": 62, "nama": "Didi", "nik": 3213190302730002, "usia(tahun)": "53", "alamat": "Kp.Cisalak Rt 20/05 ", "desa": 3213050005, "kecamatan": 3213050, "kabupaten": 3213, "koordinat desa (lat)": -6.635, "koordinat desa (long)": 107.797, "koordinat calon lokasi persemaian (x)": -6.62661, "koordinat calon lokasi persemaian (y)": 107.806787, "koordinat calon lokasi penanaman (x)": "6,638648", "koordinat calon lokasi penanaman (y)": "107,802227", "penyuluh kehutanan pendamping": "Dedi Supriadi, S.ST", "keterangan": null, "cdk": "CDK II" }, "geometry": { "type": "Point", "coordinates": [ 107.797, -6.635 ] } },
{ "type": "Feature", "properties": { "no": 63, "nama": "Uju", "nik": 3213190101600001, "usia(tahun)": "56", "alamat": "Kp. Cisalak Rt 031/010 ", "desa": 3213050005, "kecamatan": 3213050, "kabupaten": 3213, "koordinat desa (lat)": -6.635, "koordinat desa (long)": 107.797, "koordinat calon lokasi persemaian (x)": -6.62661, "koordinat calon lokasi persemaian (y)": 107.806787, "koordinat calon lokasi penanaman (x)": "6,670328", "koordinat calon lokasi penanaman (y)": "107,758652", "penyuluh kehutanan pendamping": "Dedi Supriadi, S.ST", "keterangan": null, "cdk": "CDK II" }, "geometry": { "type": "Point", "coordinates": [ 107.797, -6.635 ] } },
{ "type": "Feature", "properties": { "no": 64, "nama": "Evi", "nik": 3213030101770050, "usia(tahun)": "49", "alamat": "Kp. Wanareja RT 05 RW 02 ", "desa": 3213070012, "kecamatan": 3213070, "kabupaten": 3213, "koordinat desa (lat)": -6.589, "koordinat desa (long)": 107.811, "koordinat calon lokasi persemaian (x)": -6.580677, "koordinat calon lokasi persemaian (y)": 107.813407, "koordinat calon lokasi penanaman (x)": "-6,581911", "koordinat calon lokasi penanaman (y)": "107,814269", "penyuluh kehutanan pendamping": "Yus Nur AU, A.Md", "keterangan": null, "cdk": "CDK II" }, "geometry": { "type": "Point", "coordinates": [ 107.811, -6.589 ] } },
{ "type": "Feature", "properties": { "no": 65, "nama": "Wirja", "nik": 3213030506770013, "usia(tahun)": "49", "alamat": "Kp. Wanareja RT 05 RW 02 ", "desa": 3213070012, "kecamatan": 3213070, "kabupaten": 3213, "koordinat desa (lat)": -6.589, "koordinat desa (long)": 107.811, "koordinat calon lokasi persemaian (x)": -6.580677, "koordinat calon lokasi persemaian (y)": 107.813407, "koordinat calon lokasi penanaman (x)": "-6,580945", "koordinat calon lokasi penanaman (y)": "107,812884", "penyuluh kehutanan pendamping": "Yus Nur AU, A.Md", "keterangan": null, "cdk": "CDK II" }, "geometry": { "type": "Point", "coordinates": [ 107.811, -6.589 ] } },
{ "type": "Feature", "properties": { "no": 66, "nama": "Rasdi", "nik": 3213170204550001, "usia(tahun)": "70", "alamat": "Dusun Sariasih Desa Sadawana", "desa": 3213060002, "kecamatan": 3213060, "kabupaten": 3213, "koordinat desa (lat)": -6.585, "koordinat desa (long)": 107.843, "koordinat calon lokasi persemaian (x)": -6.580677, "koordinat calon lokasi persemaian (y)": 107.813407, "koordinat calon lokasi penanaman (x)": "-6,583928", "koordinat calon lokasi penanaman (y)": "107,823486", "penyuluh kehutanan pendamping": "Yus Nur AU, A.Md", "keterangan": null, "cdk": "CDK II" }, "geometry": { "type": "Point", "coordinates": [ 107.843, -6.585 ] } },
{ "type": "Feature", "properties": { "no": 67, "nama": "Mintarsih", "nik": 3213275203730006, "usia(tahun)": "53", "alamat": "Kp. Ciwiru RT.004/ RW.002 ", "desa": 3213081002, "kecamatan": 3213081, "kabupaten": 3213, "koordinat desa (lat)": -6.582, "koordinat desa (long)": 107.713, "koordinat calon lokasi persemaian (x)": -6.584445, "koordinat calon lokasi persemaian (y)": 107.715249, "koordinat calon lokasi penanaman (x)": "6.5797344", "koordinat calon lokasi penanaman (y)": "107.7106627", "penyuluh kehutanan pendamping": "Detty Sumiati, S.Hut", "keterangan": null, "cdk": "CDK II" }, "geometry": { "type": "Point", "coordinates": [ 107.713, -6.582 ] } },
{ "type": "Feature", "properties": { "no": 68, "nama": "Sunadi", "nik": 3213272710820001, "usia(tahun)": "44", "alamat": "Kp. Margasari RT.006/RW.002 ", "desa": 3213081002, "kecamatan": 3213081, "kabupaten": 3213, "koordinat desa (lat)": -6.582, "koordinat desa (long)": 107.713, "koordinat calon lokasi persemaian (x)": -6.584445, "koordinat calon lokasi persemaian (y)": 107.715249, "koordinat calon lokasi penanaman (x)": "6.5797344", "koordinat calon lokasi penanaman (y)": "107.7106627", "penyuluh kehutanan pendamping": "Detty Sumiati, S.Hut", "keterangan": null, "cdk": "CDK II" }, "geometry": { "type": "Point", "coordinates": [ 107.713, -6.582 ] } },
{ "type": "Feature", "properties": { "no": 69, "nama": "Suhanda", "nik": 3213270612540002, "usia(tahun)": "72", "alamat": "Kp. Cileutik RT. 002 RW.001 ", "desa": 3213081004, "kecamatan": 3213081, "kabupaten": 3213, "koordinat desa (lat)": -6.56, "koordinat desa (long)": 107.721, "koordinat calon lokasi persemaian (x)": -6.584445, "koordinat calon lokasi persemaian (y)": 107.715249, "koordinat calon lokasi penanaman (x)": "6.5797344", "koordinat calon lokasi penanaman (y)": "107.7106627", "penyuluh kehutanan pendamping": "Detty Sumiati, S.Hut", "keterangan": null, "cdk": "CDK II" }, "geometry": { "type": "Point", "coordinates": [ 107.721, -6.56 ] } },
{ "type": "Feature", "properties": { "no": 70, "nama": "Ade Mulyono", "nik": 3215280205930001, "usia(tahun)": "44", "alamat": "Kp. Cisarua Rt.006/003 ", "desa": 3214011005, "kecamatan": 3214011, "kabupaten": 3214, "koordinat desa (lat)": -6.504, "koordinat desa (long)": 107.34, "koordinat calon lokasi persemaian (x)": -6.4545, "koordinat calon lokasi persemaian (y)": 107.3532, "koordinat calon lokasi penanaman (x)": "-6,48599", "koordinat calon lokasi penanaman (y)": "107,3525", "penyuluh kehutanan pendamping": "Yayan Arianto,S.ST.,MP", "keterangan": null, "cdk": "CDK II" }, "geometry": { "type": "Point", "coordinates": [ 107.34, -6.504 ] } },
{ "type": "Feature", "properties": { "no": 71, "nama": "Salim", "nik": 3214150912880002, "usia(tahun)": "54", "alamat": "Kp. Cisarua Rt.006/003 ", "desa": 3214011005, "kecamatan": 3214011, "kabupaten": 3214, "koordinat desa (lat)": -6.504, "koordinat desa (long)": 107.34, "koordinat calon lokasi persemaian (x)": -6.5063, "koordinat calon lokasi persemaian (y)": 107.3008, "koordinat calon lokasi penanaman (x)": "-6.491780", "koordinat calon lokasi penanaman (y)": "107.307300", "penyuluh kehutanan pendamping": "Yayan Arianto,S.ST.,MP", "keterangan": null, "cdk": "CDK II" }, "geometry": { "type": "Point", "coordinates": [ 107.34, -6.504 ] } },
{ "type": "Feature", "properties": { "no": 72, "nama": "Kartas", "nik": 3214151204700001, "usia(tahun)": "56", "alamat": "Kp. Ciputat Rt.011/005 ", "desa": 3214011005, "kecamatan": 3214011, "kabupaten": 3214, "koordinat desa (lat)": -6.504, "koordinat desa (long)": 107.34, "koordinat calon lokasi persemaian (x)": -6.504152, "koordinat calon lokasi persemaian (y)": 107.35101, "koordinat calon lokasi penanaman (x)": "-6,501863", "koordinat calon lokasi penanaman (y)": "107,356452", "penyuluh kehutanan pendamping": "Yayan Arianto,S.ST.,MP", "keterangan": null, "cdk": "CDK II" }, "geometry": { "type": "Point", "coordinates": [ 107.34, -6.504 ] } },
{ "type": "Feature", "properties": { "no": 73, "nama": "Dudung", "nik": 3214092010670001, "usia(tahun)": "59", "alamat": "Kp.Peuntas RT.012/04 ", "desa": 3214080020, "kecamatan": 3214080, "kabupaten": 3214, "koordinat desa (lat)": -6.62, "koordinat desa (long)": 107.532, "koordinat calon lokasi persemaian (x)": -6.628567, "koordinat calon lokasi persemaian (y)": 107.535, "koordinat calon lokasi penanaman (x)": "-6.628303", "koordinat calon lokasi penanaman (y)": "107.534800", "penyuluh kehutanan pendamping": "Riswana Indrayadi, S.Hut", "keterangan": null, "cdk": "CDK II" }, "geometry": { "type": "Point", "coordinates": [ 107.532, -6.62 ] } },
{ "type": "Feature", "properties": { "no": 74, "nama": "Umuludin", "nik": 3214090403580002, "usia(tahun)": "68", "alamat": "Kp.Cisair RT.006/003 ", "desa": 3214080003, "kecamatan": 3214080, "kabupaten": 3214, "koordinat desa (lat)": -6.71, "koordinat desa (long)": 107.539, "koordinat calon lokasi persemaian (x)": -6.712877, "koordinat calon lokasi persemaian (y)": 107.544678, "koordinat calon lokasi penanaman (x)": "-6.712836", "koordinat calon lokasi penanaman (y)": "107.550816", "penyuluh kehutanan pendamping": "Riswana Indrayadi, S.Hut", "keterangan": null, "cdk": "CDK II" }, "geometry": { "type": "Point", "coordinates": [ 107.539, -6.71 ] } },
{ "type": "Feature", "properties": { "no": 75, "nama": "Apong", "nik": 3214170202670001, "usia(tahun)": "59", "alamat": "Kp.Ciseureuh Rt.009/005 ", "desa": 3214081007, "kecamatan": 3214081, "kabupaten": 3214, "koordinat desa (lat)": -6.608, "koordinat desa (long)": 107.576, "koordinat calon lokasi persemaian (x)": -6.609252, "koordinat calon lokasi persemaian (y)": 107.57439, "koordinat calon lokasi penanaman (x)": "-6.609338", "koordinat calon lokasi penanaman (y)": "107.574397", "penyuluh kehutanan pendamping": "Riswana Indrayadi, S.Hut", "keterangan": null, "cdk": "CDK II" }, "geometry": { "type": "Point", "coordinates": [ 107.576, -6.608 ] } },
{ "type": "Feature", "properties": { "no": 76, "nama": "Tatang Somantri", "nik": 3214111002760004, "usia(tahun)": "50", "alamat": "Kp. Cileuweung RT 016 RW 008 ", "desa": 3214070002, "kecamatan": 3214070, "kabupaten": 3214, "koordinat desa (lat)": -6.743, "koordinat desa (long)": 107.531, "koordinat calon lokasi persemaian (x)": -6.730157, "koordinat calon lokasi persemaian (y)": 107.520674, "koordinat calon lokasi penanaman (x)": "-6.730120", "koordinat calon lokasi penanaman (y)": "107.520580", "penyuluh kehutanan pendamping": "HanHan Rahdian, SP", "keterangan": null, "cdk": "CDK II" }, "geometry": { "type": "Point", "coordinates": [ 107.531, -6.743 ] } },
{ "type": "Feature", "properties": { "no": 77, "nama": "Jaja", "nik": 3214110106810001, "usia(tahun)": "45", "alamat": "Kp. Cileuweung RT 016 RW 008 ", "desa": 3214070002, "kecamatan": 3214070, "kabupaten": 3214, "koordinat desa (lat)": -6.743, "koordinat desa (long)": 107.531, "koordinat calon lokasi persemaian (x)": -6.730157, "koordinat calon lokasi persemaian (y)": 107.520674, "koordinat calon lokasi penanaman (x)": "-6.730150", "koordinat calon lokasi penanaman (y)": "107.520360", "penyuluh kehutanan pendamping": "HanHan Rahdian, SP", "keterangan": null, "cdk": "CDK II" }, "geometry": { "type": "Point", "coordinates": [ 107.531, -6.743 ] } },
{ "type": "Feature", "properties": { "no": 78, "nama": "Hasan", "nik": 3214110205720004, "usia(tahun)": "54", "alamat": "Kp. Cileuweung RT 016 RW 008 ", "desa": 3214070002, "kecamatan": 3214070, "kabupaten": 3214, "koordinat desa (lat)": -6.743, "koordinat desa (long)": 107.531, "koordinat calon lokasi persemaian (x)": -6.730157, "koordinat calon lokasi persemaian (y)": 107.520674, "koordinat calon lokasi penanaman (x)": "-6.730381", "koordinat calon lokasi penanaman (y)": "107.520580", "penyuluh kehutanan pendamping": "HanHan Rahdian, SP", "keterangan": null, "cdk": "CDK II" }, "geometry": { "type": "Point", "coordinates": [ 107.531, -6.743 ] } },
{ "type": "Feature", "properties": { "no": 79, "nama": "Yayan", "nik": 3214051012770003, "usia(tahun)": "49", "alamat": "Kp. sukamulya RT/RW 004/001 ", "desa": 3214050003, "kecamatan": 3214050, "kabupaten": 3214, "koordinat desa (lat)": -6.637, "koordinat desa (long)": 107.441, "koordinat calon lokasi persemaian (x)": -6.639173, "koordinat calon lokasi persemaian (y)": 107.428952, "koordinat calon lokasi penanaman (x)": "-6,636,657", "koordinat calon lokasi penanaman (y)": ",107.442742", "penyuluh kehutanan pendamping": "Enrico F Havier", "keterangan": null, "cdk": "CDK II" }, "geometry": { "type": "Point", "coordinates": [ 107.441, -6.637 ] } },
{ "type": "Feature", "properties": { "no": 80, "nama": "Samsudin", "nik": 3214050903740001, "usia(tahun)": "51", "alamat": "Kp. sukamulya RT/RW 004/001 ", "desa": 3214050003, "kecamatan": 3214050, "kabupaten": 3214, "koordinat desa (lat)": -6.637, "koordinat desa (long)": 107.441, "koordinat calon lokasi persemaian (x)": -6.639173, "koordinat calon lokasi persemaian (y)": 107.428952, "koordinat calon lokasi penanaman (x)": "-6,636,657", "koordinat calon lokasi penanaman (y)": ",107.442743", "penyuluh kehutanan pendamping": "Enrico F Havier", "keterangan": null, "cdk": "CDK II" }, "geometry": { "type": "Point", "coordinates": [ 107.441, -6.637 ] } },
{ "type": "Feature", "properties": { "no": 81, "nama": "Sayoga Edi Purwanto", "nik": 3214050703700002, "usia(tahun)": "51", "alamat": "Kp. Cigintung RT/RW 004/001 ", "desa": 3214050003, "kecamatan": 3214050, "kabupaten": 3214, "koordinat desa (lat)": -6.637, "koordinat desa (long)": 107.441, "koordinat calon lokasi persemaian (x)": -6.639173, "koordinat calon lokasi persemaian (y)": 107.428952, "koordinat calon lokasi penanaman (x)": "-6,636,657", "koordinat calon lokasi penanaman (y)": ",107.442744", "penyuluh kehutanan pendamping": "Enrico F Havier", "keterangan": null, "cdk": "CDK II" }, "geometry": { "type": "Point", "coordinates": [ 107.441, -6.637 ] } },
{ "type": "Feature", "properties": { "no": 82, "nama": "Mukti", "nik": 3215280204780003, "usia(tahun)": "47", "alamat": "Kp. Cisaar RT/RW 014/007", "desa": 3215011008, "kecamatan": 3215011, "kabupaten": 3215, "koordinat desa (lat)": -6.504, "koordinat desa (long)": 107.275, "koordinat calon lokasi persemaian (x)": -6.517877, "koordinat calon lokasi persemaian (y)": 107.268426, "koordinat calon lokasi penanaman (x)": "-6,515815", "koordinat calon lokasi penanaman (y)": "107,266235", "penyuluh kehutanan pendamping": "Hani Kadarinah, Amd", "keterangan": null, "cdk": "CDK II" }, "geometry": { "type": "Point", "coordinates": [ 107.275, -6.504 ] } },
{ "type": "Feature", "properties": { "no": 83, "nama": "Samin", "nik": 3215282903740001, "usia(tahun)": "51", "alamat": "Kp. Cikahuripan RT/RW 013/007", "desa": 3215011008, "kecamatan": 3215011, "kabupaten": 3215, "koordinat desa (lat)": -6.504, "koordinat desa (long)": 107.275, "koordinat calon lokasi persemaian (x)": -6.517878, "koordinat calon lokasi persemaian (y)": 107.268427, "koordinat calon lokasi penanaman (x)": "-6,513202", "koordinat calon lokasi penanaman (y)": "107,265453", "penyuluh kehutanan pendamping": "Hani Kadarinah, Amd", "keterangan": null, "cdk": "CDK II" }, "geometry": { "type": "Point", "coordinates": [ 107.275, -6.504 ] } },
{ "type": "Feature", "properties": { "no": 84, "nama": "Juhali", "nik": 3215280703720000, "usia(tahun)": "53", "alamat": "Kp. Cikahuripan RT/RW 013/007 ", "desa": 3215011008, "kecamatan": 3215011, "kabupaten": 3215, "koordinat desa (lat)": -6.504, "koordinat desa (long)": 107.275, "koordinat calon lokasi persemaian (x)": -6.517879, "koordinat calon lokasi persemaian (y)": 107.268428, "koordinat calon lokasi penanaman (x)": "-6,515125", "koordinat calon lokasi penanaman (y)": "107.265754", "penyuluh kehutanan pendamping": "Hani Kadarinah, Amd", "keterangan": null, "cdk": "CDK II" }, "geometry": { "type": "Point", "coordinates": [ 107.275, -6.504 ] } },
{ "type": "Feature", "properties": { "no": 85, "nama": "Hadi Ruhenda", "nik": 3213230307750003, "usia(tahun)": "51", "alamat": "Kp. Batukarut RT 005/001 ", "desa": 3213011006, "kecamatan": 3213011, "kabupaten": 3213, "koordinat desa (lat)": -6.619, "koordinat desa (long)": 107.616, "koordinat calon lokasi persemaian (x)": -6.643911, "koordinat calon lokasi persemaian (y)": 107.613862, "koordinat calon lokasi penanaman (x)": "-6.64391", "koordinat calon lokasi penanaman (y)": "107.61386", "penyuluh kehutanan pendamping": "Sutisna Sanjaya, S.ST", "keterangan": null, "cdk": "CDK II" }, "geometry": { "type": "Point", "coordinates": [ 107.616, -6.619 ] } },
{ "type": "Feature", "properties": { "no": 86, "nama": "Solihin", "nik": 3213010510780005, "usia(tahun)": "47", "alamat": "Kp. Ciceuri RT/RW 005/002 ", "desa": 3213010003, "kecamatan": 3213010, "kabupaten": 3213, "koordinat desa (lat)": -6.708, "koordinat desa (long)": 107.625, "koordinat calon lokasi persemaian (x)": -6.713697, "koordinat calon lokasi persemaian (y)": 107.624092, "koordinat calon lokasi penanaman (x)": "-6.71370", "koordinat calon lokasi penanaman (y)": "107.62409", "penyuluh kehutanan pendamping": "Sutisna Sanjaya, S.ST", "keterangan": null, "cdk": "CDK II" }, "geometry": { "type": "Point", "coordinates": [ 107.625, -6.708 ] } },
{ "type": "Feature", "properties": { "no": 87, "nama": "Ate Rohyana", "nik": 3213230102730003, "usia(tahun)": "53", "alamat": "Kp. Babakan Jati RT/RW 009/002 ", "desa": 3213011005, "kecamatan": 3213011, "kabupaten": 3213, "koordinat desa (lat)": -6.623, "koordinat desa (long)": 107.596, "koordinat calon lokasi persemaian (x)": -6.631538, "koordinat calon lokasi persemaian (y)": 107.595364, "koordinat calon lokasi penanaman (x)": "-6.63154", "koordinat calon lokasi penanaman (y)": "107.59536", "penyuluh kehutanan pendamping": "Sutisna Sanjaya, S.ST", "keterangan": null, "cdk": "CDK II" }, "geometry": { "type": "Point", "coordinates": [ 107.596, -6.623 ] } },
{ "type": "Feature", "properties": { "no": 88, "nama": "Tonny S", "nik": 3213032003750005, "usia(tahun)": "51", "alamat": "Blok Sukamekar RT 71 RW 19 ", "desa": 3213070005, "kecamatan": 3213070, "kabupaten": 3213, "koordinat desa (lat)": -6.565, "koordinat desa (long)": 107.753, "koordinat calon lokasi persemaian (x)": -6.574475, "koordinat calon lokasi persemaian (y)": 107.749533, "koordinat calon lokasi penanaman (x)": "-6,572317", "koordinat calon lokasi penanaman (y)": "107,749110", "penyuluh kehutanan pendamping": "Andang Kuswara", "keterangan": null, "cdk": "CDK II" }, "geometry": { "type": "Point", "coordinates": [ 107.753, -6.565 ] } },
{ "type": "Feature", "properties": { "no": 89, "nama": "Maman Sugandi", "nik": 3213031303590004, "usia(tahun)": "67", "alamat": "Blok Sukamekar RT30 RW 19 ", "desa": 3213070005, "kecamatan": 3213070, "kabupaten": 3213, "koordinat desa (lat)": -6.565, "koordinat desa (long)": 107.753, "koordinat calon lokasi persemaian (x)": -6.574475, "koordinat calon lokasi persemaian (y)": 107.749533, "koordinat calon lokasi penanaman (x)": "-6.572317", "koordinat calon lokasi penanaman (y)": "107.749110", "penyuluh kehutanan pendamping": "Andang Kuswara", "keterangan": null, "cdk": "CDK II" }, "geometry": { "type": "Point", "coordinates": [ 107.753, -6.565 ] } },
{ "type": "Feature", "properties": { "no": 90, "nama": "Sugiono", "nik": 3213030610770001, "usia(tahun)": "47", "alamat": "Blok Padasuka RT/RW 041/011 ", "desa": 3213070005, "kecamatan": 3213070, "kabupaten": 3213, "koordinat desa (lat)": -6.565, "koordinat desa (long)": 107.753, "koordinat calon lokasi persemaian (x)": -6.574475, "koordinat calon lokasi persemaian (y)": 107.749533, "koordinat calon lokasi penanaman (x)": "-6.572317", "koordinat calon lokasi penanaman (y)": "107.749110", "penyuluh kehutanan pendamping": "Andang Kuswara", "keterangan": null, "cdk": "CDK II" }, "geometry": { "type": "Point", "coordinates": [ 107.753, -6.565 ] } },
{ "type": "Feature", "properties": { "no": 91, "nama": "U. Rahmat", "nik": 3213140304580003, "usia(tahun)": "68", "alamat": "Kp. Dago Patrol RT 016 RW 005 ", "desa": 3213040004, "kecamatan": 3213040, "kabupaten": 3213, "koordinat desa (lat)": -6.742, "koordinat desa (long)": 107.83, "koordinat calon lokasi persemaian (x)": -6.741108, "koordinat calon lokasi persemaian (y)": 107.83456, "koordinat calon lokasi penanaman (x)": "-6.732126", "koordinat calon lokasi penanaman (y)": "107.834522", "penyuluh kehutanan pendamping": "Ahmad Sapari, SP", "keterangan": null, "cdk": "CDK II" }, "geometry": { "type": "Point", "coordinates": [ 107.83, -6.742 ] } },
{ "type": "Feature", "properties": { "no": 92, "nama": "Kabun Rahmat", "nik": 3213141207700003, "usia(tahun)": "56", "alamat": "Kp. Dago Patrol RT 016 RW 005 ", "desa": 3213040004, "kecamatan": 3213040, "kabupaten": 3213, "koordinat desa (lat)": -6.742, "koordinat desa (long)": 107.83, "koordinat calon lokasi persemaian (x)": -6.741108, "koordinat calon lokasi persemaian (y)": 107.83456, "koordinat calon lokasi penanaman (x)": "-6.732126", "koordinat calon lokasi penanaman (y)": "107.834522", "penyuluh kehutanan pendamping": "Ahmad Sapari, SP", "keterangan": null, "cdk": "CDK II" }, "geometry": { "type": "Point", "coordinates": [ 107.83, -6.742 ] } },
{ "type": "Feature", "properties": { "no": 93, "nama": "Deni Hamdani Rahman", "nik": 3213140801850004, "usia(tahun)": "41", "alamat": "Kp. Cimeuhmal RT 024 RW 001 ", "desa": 3213040004, "kecamatan": 3213040, "kabupaten": 3213, "koordinat desa (lat)": -6.742, "koordinat desa (long)": 107.83, "koordinat calon lokasi persemaian (x)": -6.765159, "koordinat calon lokasi persemaian (y)": 107.820568, "koordinat calon lokasi penanaman (x)": "-6.762755", "koordinat calon lokasi penanaman (y)": "107.822185", "penyuluh kehutanan pendamping": "Ahmad Sapari, SP", "keterangan": null, "cdk": "CDK II" }, "geometry": { "type": "Point", "coordinates": [ 107.83, -6.742 ] } },
{ "type": "Feature", "properties": { "no": 94, "nama": "Nurhasim", "nik": 3213210303720001, "usia(tahun)": "53", "alamat": "Dusun Tegal Sari RT. 007 RW.002 ", "desa": 3213210004, "kecamatan": 3213210, "kabupaten": 3213, "koordinat desa (lat)": -6.216, "koordinat desa (long)": 107.803, "koordinat calon lokasi persemaian (x)": -6.21481, "koordinat calon lokasi persemaian (y)": 107.784276, "koordinat calon lokasi penanaman (x)": "6.22357", "koordinat calon lokasi penanaman (y)": "107.80910", "penyuluh kehutanan pendamping": "Yayan Rusmana, S.Hut", "keterangan": null, "cdk": "CDK II" }, "geometry": { "type": "Point", "coordinates": [ 107.803, -6.216 ] } },
{ "type": "Feature", "properties": { "no": 95, "nama": "Wahyudin", "nik": 3213211208740002, "usia(tahun)": "52", "alamat": "Dusun Krajan RT. 003 RW.001 ", "desa": 3213210004, "kecamatan": 3213210, "kabupaten": 3213, "koordinat desa (lat)": -6.216, "koordinat desa (long)": 107.803, "koordinat calon lokasi persemaian (x)": -6.214593, "koordinat calon lokasi persemaian (y)": 107.786573, "koordinat calon lokasi penanaman (x)": "-6.21253", "koordinat calon lokasi penanaman (y)": "107.78607", "penyuluh kehutanan pendamping": "Yayan Rusmana, S.Hut", "keterangan": null, "cdk": "CDK II" }, "geometry": { "type": "Point", "coordinates": [ 107.803, -6.216 ] } },
{ "type": "Feature", "properties": { "no": 96, "nama": "Daim", "nik": 1602151708530001, "usia(tahun)": "73", "alamat": "Dusun Pondok Bali RT. 003 RW.002 ", "desa": 3213210003, "kecamatan": 3213210, "kabupaten": 3213, "koordinat desa (lat)": -6.22, "koordinat desa (long)": 107.781, "koordinat calon lokasi persemaian (x)": -6.21481, "koordinat calon lokasi persemaian (y)": 107.784276, "koordinat calon lokasi penanaman (x)": "6.22251", "koordinat calon lokasi penanaman (y)": "107.78567", "penyuluh kehutanan pendamping": "Yayan Rusmana, S.Hut", "keterangan": null, "cdk": "CDK II" }, "geometry": { "type": "Point", "coordinates": [ 107.781, -6.22 ] } },
{ "type": "Feature", "properties": { "no": 97, "nama": "Wawan Naswari", "nik": 3213021012700006, "usia(tahun)": "55", "alamat": "Desa Sukakerti Kecamatan Cisalak ", "desa": 3213030005, "kecamatan": 3213030, "kabupaten": 3213, "koordinat desa (lat)": -6.731, "koordinat desa (long)": 107.746, "koordinat calon lokasi persemaian (x)": -6.726494, "koordinat calon lokasi persemaian (y)": 107.752986, "koordinat calon lokasi penanaman (x)": "-6.72938", "koordinat calon lokasi penanaman (y)": "107.75198", "penyuluh kehutanan pendamping": "Burhan,SP", "keterangan": null, "cdk": "CDK II" }, "geometry": { "type": "Point", "coordinates": [ 107.746, -6.731 ] } },
{ "type": "Feature", "properties": { "no": 98, "nama": "Tatang Kurnia", "nik": 3213022202760001, "usia(tahun)": "50", "alamat": "Kp. Panyeredan Rt.13 Rw.04 ", "desa": 3213030002, "kecamatan": 3213030, "kabupaten": 3213, "koordinat desa (lat)": -6.752, "koordinat desa (long)": 107.779, "koordinat calon lokasi persemaian (x)": -6.753514, "koordinat calon lokasi persemaian (y)": 107.774269, "koordinat calon lokasi penanaman (x)": "-6.75335", "koordinat calon lokasi penanaman (y)": "107.77427", "penyuluh kehutanan pendamping": "Burhan,SP", "keterangan": null, "cdk": "CDK II" }, "geometry": { "type": "Point", "coordinates": [ 107.779, -6.752 ] } },
{ "type": "Feature", "properties": { "no": 99, "nama": "Dede Abdul Holik", "nik": 3213021512790003, "usia(tahun)": "46", "alamat": "KP. Patrol RT/RW 012/004 ", "desa": 3213030002, "kecamatan": 3213030, "kabupaten": 3213, "koordinat desa (lat)": -6.752, "koordinat desa (long)": 107.779, "koordinat calon lokasi persemaian (x)": -6.753514, "koordinat calon lokasi persemaian (y)": 107.774269, "koordinat calon lokasi penanaman (x)": "-6.75335", "koordinat calon lokasi penanaman (y)": "107.77427", "penyuluh kehutanan pendamping": "Burhan,SP", "keterangan": null, "cdk": "CDK II" }, "geometry": { "type": "Point", "coordinates": [ 107.779, -6.752 ] } },
{ "type": "Feature", "properties": { "no": 100, "nama": "Atoi Aldodo", "nik": 3214161502640001, "usia(tahun)": "62", "alamat": "Kp.Genggereng Rt.005/002 ", "desa": 3214091003, "kecamatan": 3214091, "kabupaten": 3214, "koordinat desa (lat)": -6.633, "koordinat desa (long)": 107.506, "koordinat calon lokasi persemaian (x)": -6.631582, "koordinat calon lokasi persemaian (y)": 107.509097, "koordinat calon lokasi penanaman (x)": "-6.635400", "koordinat calon lokasi penanaman (y)": "107.512100", "penyuluh kehutanan pendamping": "Iwan Pollo Ramadhani, S.Hut,", "keterangan": null, "cdk": "CDK II" }, "geometry": { "type": "Point", "coordinates": [ 107.506, -6.633 ] } },
{ "type": "Feature", "properties": { "no": 101, "nama": "Ujang Juhana", "nik": 3214161109820002, "usia(tahun)": "44", "alamat": "Kp.Genggereng Rt.005/002 ", "desa": 3214091003, "kecamatan": 3214091, "kabupaten": 3214, "koordinat desa (lat)": -6.633, "koordinat desa (long)": 107.506, "koordinat calon lokasi persemaian (x)": -6.631582, "koordinat calon lokasi persemaian (y)": 107.509097, "koordinat calon lokasi penanaman (x)": "-6.635400", "koordinat calon lokasi penanaman (y)": "107.512100", "penyuluh kehutanan pendamping": "Iwan Pollo Ramadhani, S.Hut,", "keterangan": null, "cdk": "CDK II" }, "geometry": { "type": "Point", "coordinates": [ 107.506, -6.633 ] } },
{ "type": "Feature", "properties": { "no": 102, "nama": "Sutisna", "nik": 3214161210750002, "usia(tahun)": "51", "alamat": "Kp.Genggereng Rt.005/002 ", "desa": 3214091003, "kecamatan": 3214091, "kabupaten": 3214, "koordinat desa (lat)": -6.633, "koordinat desa (long)": 107.506, "koordinat calon lokasi persemaian (x)": -6.631582, "koordinat calon lokasi persemaian (y)": 107.509097, "koordinat calon lokasi penanaman (x)": "-6.635400", "koordinat calon lokasi penanaman (y)": "107.512100", "penyuluh kehutanan pendamping": "Iwan Pollo Ramadhani, S.Hut,", "keterangan": null, "cdk": "CDK II" }, "geometry": { "type": "Point", "coordinates": [ 107.506, -6.633 ] } },
{ "type": "Feature", "properties": { "no": 103, "nama": "Misno Munawiharto", "nik": 3214030803620003, "usia(tahun)": "63", "alamat": "Kp. leuwi Gede Desa RT 014 RW 05 ", "desa": 3214010015, "kecamatan": 3214010, "kabupaten": 3214, "koordinat desa (lat)": -6.608, "koordinat desa (long)": 107.447, "koordinat calon lokasi persemaian (x)": -6.601622, "koordinat calon lokasi persemaian (y)": 107.450227, "koordinat calon lokasi penanaman (x)": "-6.602507", "koordinat calon lokasi penanaman (y)": "107.449652", "penyuluh kehutanan pendamping": "Suningsih, S.ST", "keterangan": null, "cdk": "CDK II" }, "geometry": { "type": "Point", "coordinates": [ 107.447, -6.608 ] } },
{ "type": "Feature", "properties": { "no": 104, "nama": "Muhrodin", "nik": 3214030206710002, "usia(tahun)": "54", "alamat": "Kp. Bagja RT 018 RW 06 ", "desa": 3214010015, "kecamatan": 3214010, "kabupaten": 3214, "koordinat desa (lat)": -6.608, "koordinat desa (long)": 107.447, "koordinat calon lokasi persemaian (x)": -6.601622, "koordinat calon lokasi persemaian (y)": 107.450227, "koordinat calon lokasi penanaman (x)": "-6.602507", "koordinat calon lokasi penanaman (y)": "107.449652", "penyuluh kehutanan pendamping": "Suningsih, S.ST", "keterangan": null, "cdk": "CDK II" }, "geometry": { "type": "Point", "coordinates": [ 107.447, -6.608 ] } },
{ "type": "Feature", "properties": { "no": 105, "nama": "Duloh Mustofa", "nik": 3214031006740001, "usia(tahun)": "51", "alamat": "Kp.Neglasari RT 010 RW 02 ", "desa": 3214010008, "kecamatan": 3214010, "kabupaten": 3214, "koordinat desa (lat)": -6.53, "koordinat desa (long)": 107.411, "koordinat calon lokasi persemaian (x)": -6.5285, "koordinat calon lokasi persemaian (y)": 107.4224, "koordinat calon lokasi penanaman (x)": "-6.530087", "koordinat calon lokasi penanaman (y)": "107.420585", "penyuluh kehutanan pendamping": "Suningsih, S.ST", "keterangan": null, "cdk": "CDK II" }, "geometry": { "type": "Point", "coordinates": [ 107.411, -6.53 ] } },
{ "type": "Feature", "properties": { "no": 106, "nama": "Herman", "nik": 3214071307770002, "usia(tahun)": "48", "alamat": "Kp. Pasir Bondol RT 007 RW 003 ", "desa": 3214020007, "kecamatan": 3214020, "kabupaten": 3214, "koordinat desa (lat)": -6.683, "koordinat desa (long)": 107.263, "koordinat calon lokasi persemaian (x)": -6.690048, "koordinat calon lokasi persemaian (y)": 107.25485, "koordinat calon lokasi penanaman (x)": "-6.693112", "koordinat calon lokasi penanaman (y)": "107.257308", "penyuluh kehutanan pendamping": "Yudho Diliyanto, S.ST", "keterangan": null, "cdk": "CDK II" }, "geometry": { "type": "Point", "coordinates": [ 107.263, -6.683 ] } },
{ "type": "Feature", "properties": { "no": 107, "nama": "Didih", "nik": 3214071312620001, "usia(tahun)": "63", "alamat": "Kp. Pasir Bondol RT 006 RW 003 ", "desa": 3214020007, "kecamatan": 3214020, "kabupaten": 3214, "koordinat desa (lat)": -6.683, "koordinat desa (long)": 107.263, "koordinat calon lokasi persemaian (x)": -6.690048, "koordinat calon lokasi persemaian (y)": 107.25485, "koordinat calon lokasi penanaman (x)": "-6.692917", "koordinat calon lokasi penanaman (y)": "107.254469", "penyuluh kehutanan pendamping": "Yudho Diliyanto, S.ST", "keterangan": null, "cdk": "CDK II" }, "geometry": { "type": "Point", "coordinates": [ 107.263, -6.683 ] } },
{ "type": "Feature", "properties": { "no": 108, "nama": "Oyib Suryadi", "nik": 3214071301660001, "usia(tahun)": "60", "alamat": "Kp. Sumur Nangka RT 010 RW 005 ", "desa": 3214020004, "kecamatan": 3214020, "kabupaten": 3214, "koordinat desa (lat)": -6.68, "koordinat desa (long)": 107.317, "koordinat calon lokasi persemaian (x)": -6.684471, "koordinat calon lokasi persemaian (y)": 107.316989, "koordinat calon lokasi penanaman (x)": "-6.681480", "koordinat calon lokasi penanaman (y)": "107.316450", "penyuluh kehutanan pendamping": "Yudho Diliyanto, S.ST", "keterangan": null, "cdk": "CDK II" }, "geometry": { "type": "Point", "coordinates": [ 107.317, -6.68 ] } },
{ "type": "Feature", "properties": { "no": 109, "nama": "Dani Wahyudin", "nik": 3214050811840001, "usia(tahun)": "42", "alamat": "Kp. Cianting Desa Cianting RT 001 RW 003 ", "desa": 3214050002, "kecamatan": 3214050, "kabupaten": 3214, "koordinat desa (lat)": -6.646, "koordinat desa (long)": 107.427, "koordinat calon lokasi persemaian (x)": -6.629955, "koordinat calon lokasi persemaian (y)": 107.402949, "koordinat calon lokasi penanaman (x)": "-6,627,295", "koordinat calon lokasi penanaman (y)": "107.403918", "penyuluh kehutanan pendamping": "Imbran Yosef Sagala", "keterangan": null, "cdk": "CDK II" }, "geometry": { "type": "Point", "coordinates": [ 107.427, -6.646 ] } },
{ "type": "Feature", "properties": { "no": 110, "nama": "Irwan Mohamad Ridwan", "nik": 3214050303810003, "usia(tahun)": "43", "alamat": "Kp. Cianting Desa Cianting RT 009 RW 003 ", "desa": 3214050002, "kecamatan": 3214050, "kabupaten": 3214, "koordinat desa (lat)": -6.646, "koordinat desa (long)": 107.427, "koordinat calon lokasi persemaian (x)": -6.629955, "koordinat calon lokasi persemaian (y)": 107.402949, "koordinat calon lokasi penanaman (x)": "-6,627,295", "koordinat calon lokasi penanaman (y)": "107.403918", "penyuluh kehutanan pendamping": "Imbran Yosef Sagala", "keterangan": null, "cdk": "CDK II" }, "geometry": { "type": "Point", "coordinates": [ 107.427, -6.646 ] } },
{ "type": "Feature", "properties": { "no": 111, "nama": "Mustopa", "nik": 3214051207660008, "usia(tahun)": "80", "alamat": "Kp. Cilalawi Desa Cianting Utara RT 009 RW 003 ", "desa": 3214050002, "kecamatan": 3214050, "kabupaten": 3214, "koordinat desa (lat)": -6.646, "koordinat desa (long)": 107.427, "koordinat calon lokasi persemaian (x)": -6.629955, "koordinat calon lokasi persemaian (y)": 107.402949, "koordinat calon lokasi penanaman (x)": "-6,627,295", "koordinat calon lokasi penanaman (y)": "107.403918", "penyuluh kehutanan pendamping": "Imbran Yosef Sagala", "keterangan": null, "cdk": "CDK II" }, "geometry": { "type": "Point", "coordinates": [ 107.427, -6.646 ] } },
{ "type": "Feature", "properties": { "no": 112, "nama": "Edy Sudrajat", "nik": 3215011702770001, "usia(tahun)": "48", "alamat": "Kp. Sinaruju RT/RW 002/001", "desa": 3215011003, "kecamatan": 3215011, "kabupaten": 3215, "koordinat desa (lat)": -6.568, "koordinat desa (long)": 107.227, "koordinat calon lokasi persemaian (x)": -6.567456, "koordinat calon lokasi persemaian (y)": 107.229398, "koordinat calon lokasi penanaman (x)": "-6,570618", "koordinat calon lokasi penanaman (y)": "107,236288", "penyuluh kehutanan pendamping": "Elfriardus Banggur", "keterangan": null, "cdk": "CDK II" }, "geometry": { "type": "Point", "coordinates": [ 107.227, -6.568 ] } },
{ "type": "Feature", "properties": { "no": 113, "nama": "Anwar Sadat", "nik": 3215280503790003, "usia(tahun)": "46", "alamat": "Kp. Sinaruju RT/RW 001/001", "desa": 3215011003, "kecamatan": 3215011, "kabupaten": 3215, "koordinat desa (lat)": -6.568, "koordinat desa (long)": 107.227, "koordinat calon lokasi persemaian (x)": -6.567457, "koordinat calon lokasi persemaian (y)": 107.229399, "koordinat calon lokasi penanaman (x)": "-6.541404", "koordinat calon lokasi penanaman (y)": "107.232895", "penyuluh kehutanan pendamping": "Elfriardus Banggur", "keterangan": null, "cdk": "CDK II" }, "geometry": { "type": "Point", "coordinates": [ 107.227, -6.568 ] } },
{ "type": "Feature", "properties": { "no": 114, "nama": "Deden", "nik": 3215280507780001, "usia(tahun)": "47", "alamat": "Kp. Sinaruju RT/RW 004/001", "desa": 3215011003, "kecamatan": 3215011, "kabupaten": 3215, "koordinat desa (lat)": -6.568, "koordinat desa (long)": 107.227, "koordinat calon lokasi persemaian (x)": -6.567458, "koordinat calon lokasi persemaian (y)": 107.2294, "koordinat calon lokasi penanaman (x)": "-6.574438", "koordinat calon lokasi penanaman (y)": "107.230074", "penyuluh kehutanan pendamping": "Elfriardus Banggur", "keterangan": null, "cdk": "CDK II" }, "geometry": { "type": "Point", "coordinates": [ 107.227, -6.568 ] } },
{ "type": "Feature", "properties": { "no": 115, "nama": "Usman Surahman", "nik": 3202162805750007, "usia(tahun)": "51", "alamat": "Kp. Kuta RT 02/01 ", "desa": 3202230013, "kecamatan": 3202230, "kabupaten": 3202, "koordinat desa (lat)": -6.743, "koordinat desa (long)": 106.765, "koordinat calon lokasi persemaian (x)": -6.74921, "koordinat calon lokasi persemaian (y)": 106.76869, "koordinat calon lokasi penanaman (x)": "-6.74921", "koordinat calon lokasi penanaman (y)": "106.76869", "penyuluh kehutanan pendamping": null, "keterangan": null, "cdk": "CDK III" }, "geometry": { "type": "Point", "coordinates": [ 106.765, -6.743 ] } },
{ "type": "Feature", "properties": { "no": 116, "nama": "Hendi Gumelar", "nik": 3202170806820003, "usia(tahun)": "44", "alamat": "Cidahu ", "desa": 3202240007, "kecamatan": 3202240, "kabupaten": 3202, "koordinat desa (lat)": -6.801, "koordinat desa (long)": 106.717, "koordinat calon lokasi persemaian (x)": -6.76103, "koordinat calon lokasi persemaian (y)": 106.723683, "koordinat calon lokasi penanaman (x)": "-6.76103", "koordinat calon lokasi penanaman (y)": "106.72368", "penyuluh kehutanan pendamping": null, "keterangan": null, "cdk": "CDK III" }, "geometry": { "type": "Point", "coordinates": [ 106.717, -6.801 ] } },
{ "type": "Feature", "properties": { "no": 117, "nama": "Uci Sanusi", "nik": 3202160309820003, "usia(tahun)": "44", "alamat": "Kp. Kuta tengah rt 05 rw 01 ", "desa": 3202230013, "kecamatan": 3202230, "kabupaten": 3202, "koordinat desa (lat)": -6.743, "koordinat desa (long)": 106.765, "koordinat calon lokasi persemaian (x)": -6.746162, "koordinat calon lokasi persemaian (y)": 106.766264, "koordinat calon lokasi penanaman (x)": "-6.746162", "koordinat calon lokasi penanaman (y)": "106.76626", "penyuluh kehutanan pendamping": null, "keterangan": null, "cdk": "CDK III" }, "geometry": { "type": "Point", "coordinates": [ 106.765, -6.743 ] } },
{ "type": "Feature", "properties": { "no": 118, "nama": "Rohmat", "nik": 3202300703790003, "usia(tahun)": "47", "alamat": "Kp. Sungapan RT 18/04 ", "desa": 3202190005, "kecamatan": 3202190, "kabupaten": 3202, "koordinat desa (lat)": -6.867, "koordinat desa (long)": 106.91, "koordinat calon lokasi persemaian (x)": -6.845971, "koordinat calon lokasi persemaian (y)": 106.924453, "koordinat calon lokasi penanaman (x)": "-6.845971", "koordinat calon lokasi penanaman (y)": "106.924453", "penyuluh kehutanan pendamping": null, "keterangan": null, "cdk": "CDK III" }, "geometry": { "type": "Point", "coordinates": [ 106.91, -6.867 ] } },
{ "type": "Feature", "properties": { "no": 119, "nama": "Edi Yusuf", "nik": 3202301403740001, "usia(tahun)": "52", "alamat": "Kp. Lebak Siuh ", "desa": 3202190007, "kecamatan": 3202190, "kabupaten": 3202, "koordinat desa (lat)": -6.829, "koordinat desa (long)": 106.941, "koordinat calon lokasi persemaian (x)": -6.869336, "koordinat calon lokasi persemaian (y)": 106.915771, "koordinat calon lokasi penanaman (x)": "-6.869336", "koordinat calon lokasi penanaman (y)": "106.915771", "penyuluh kehutanan pendamping": null, "keterangan": null, "cdk": "CDK III" }, "geometry": { "type": "Point", "coordinates": [ 106.941, -6.829 ] } },
{ "type": "Feature", "properties": { "no": 120, "nama": "Rostintawati", "nik": 3202155609630004, "usia(tahun)": "62", "alamat": "Kp. Wangun RT. 002 RW. 003 ", "desa": 3202250003, "kecamatan": 3202250, "kabupaten": 3202, "koordinat desa (lat)": -6.82, "koordinat desa (long)": 106.731, "koordinat calon lokasi persemaian (x)": -6.821559, "koordinat calon lokasi persemaian (y)": 106.733319, "koordinat calon lokasi penanaman (x)": "-6.810906", "koordinat calon lokasi penanaman (y)": "106.732997", "penyuluh kehutanan pendamping": null, "keterangan": null, "cdk": "CDK III" }, "geometry": { "type": "Point", "coordinates": [ 106.731, -6.82 ] } },
{ "type": "Feature", "properties": { "no": 121, "nama": "Suratman", "nik": 3202150202780003, "usia(tahun)": "48", "alamat": "Kp. Cimundu RT. 034 RW. 005 ", "desa": 3202250002, "kecamatan": 3202250, "kabupaten": 3202, "koordinat desa (lat)": -6.815, "koordinat desa (long)": 106.697, "koordinat calon lokasi persemaian (x)": -6.812785, "koordinat calon lokasi persemaian (y)": 106.70532, "koordinat calon lokasi penanaman (x)": "-6.8112725", "koordinat calon lokasi penanaman (y)": "106.704774", "penyuluh kehutanan pendamping": null, "keterangan": null, "cdk": "CDK III" }, "geometry": { "type": "Point", "coordinates": [ 106.697, -6.815 ] } },
{ "type": "Feature", "properties": { "no": 122, "nama": "H. Abdurrohman Sidiq", "nik": 3202150505500002, "usia(tahun)": "75", "alamat": "Kp. Cikoredas RT. 002 RW. 008 ", "desa": 3202250001, "kecamatan": 3202250, "kabupaten": 3202, "koordinat desa (lat)": -6.834, "koordinat desa (long)": 106.695, "koordinat calon lokasi persemaian (x)": 6.805318, "koordinat calon lokasi persemaian (y)": 106.691048, "koordinat calon lokasi penanaman (x)": "-6.805318", "koordinat calon lokasi penanaman (y)": "106.691048", "penyuluh kehutanan pendamping": null, "keterangan": null, "cdk": "CDK III" }, "geometry": { "type": "Point", "coordinates": [ 106.695, -6.834 ] } },
{ "type": "Feature", "properties": { "no": 123, "nama": "Sunsun", "nik": 3202222006860001, "usia(tahun)": "40", "alamat": "Kp. Mekarsari RT.003 RW 005 ", "desa": 3202010007, "kecamatan": 3202010, "kabupaten": 3202, "koordinat desa (lat)": -7.225, "koordinat desa (long)": 106.423, "koordinat calon lokasi persemaian (x)": -7.18836, "koordinat calon lokasi persemaian (y)": 106.44713, "koordinat calon lokasi penanaman (x)": "-7.21127", "koordinat calon lokasi penanaman (y)": "106.42663", "penyuluh kehutanan pendamping": null, "keterangan": null, "cdk": "CDK III" }, "geometry": { "type": "Point", "coordinates": [ 106.423, -7.225 ] } },
{ "type": "Feature", "properties": { "no": 124, "nama": "Taopik", "nik": 3202221705820002, "usia(tahun)": "43", "alamat": "Kp. Cikadal ", "desa": 3202010007, "kecamatan": 3202010, "kabupaten": 3202, "koordinat desa (lat)": -7.225, "koordinat desa (long)": 106.423, "koordinat calon lokasi persemaian (x)": -7.18836, "koordinat calon lokasi persemaian (y)": 106.44713, "koordinat calon lokasi penanaman (x)": "-7.18935", "koordinat calon lokasi penanaman (y)": "106.44675", "penyuluh kehutanan pendamping": null, "keterangan": null, "cdk": "CDK III" }, "geometry": { "type": "Point", "coordinates": [ 106.423, -7.225 ] } },
{ "type": "Feature", "properties": { "no": 125, "nama": "Nanang Taryana", "nik": 3202221602800005, "usia(tahun)": "45", "alamat": "Kp. Babakanjati ", "desa": 3202010008, "kecamatan": 3202010, "kabupaten": 3202, "koordinat desa (lat)": -7.229, "koordinat desa (long)": 106.483, "koordinat calon lokasi persemaian (x)": -7.18836, "koordinat calon lokasi persemaian (y)": 106.44713, "koordinat calon lokasi penanaman (x)": "-7.23594", "koordinat calon lokasi penanaman (y)": "106.46517", "penyuluh kehutanan pendamping": null, "keterangan": null, "cdk": "CDK III" }, "geometry": { "type": "Point", "coordinates": [ 106.483, -7.229 ] } },
{ "type": "Feature", "properties": { "no": 126, "nama": "Suganda", "nik": 3202220708760004, "usia(tahun)": "49", "alamat": "Kp. Ciindra ", "desa": 3202010006, "kecamatan": 3202010, "kabupaten": 3202, "koordinat desa (lat)": -7.137, "koordinat desa (long)": 106.489, "koordinat calon lokasi persemaian (x)": -7.1549, "koordinat calon lokasi persemaian (y)": 106.5905, "koordinat calon lokasi penanaman (x)": "-7.13435", "koordinat calon lokasi penanaman (y)": "106.50672", "penyuluh kehutanan pendamping": null, "keterangan": null, "cdk": "CDK III" }, "geometry": { "type": "Point", "coordinates": [ 106.489, -7.137 ] } },
{ "type": "Feature", "properties": { "no": 127, "nama": "Supin", "nik": 3202221011630010, "usia(tahun)": "62", "alamat": "Kp. Pasir Bitung ", "desa": 3202010004, "kecamatan": 3202010, "kabupaten": 3202, "koordinat desa (lat)": -7.192, "koordinat desa (long)": 106.551, "koordinat calon lokasi persemaian (x)": -7.1549, "koordinat calon lokasi persemaian (y)": 106.5905, "koordinat calon lokasi penanaman (x)": "-7.17332", "koordinat calon lokasi penanaman (y)": "106.56144", "penyuluh kehutanan pendamping": null, "keterangan": null, "cdk": "CDK III" }, "geometry": { "type": "Point", "coordinates": [ 106.551, -7.192 ] } },
{ "type": "Feature", "properties": { "no": 128, "nama": "Somantri", "nik": 3202220508580002, "usia(tahun)": "67", "alamat": "Kp. Cibuluh ", "desa": 3202010005, "kecamatan": 3202010, "kabupaten": 3202, "koordinat desa (lat)": -7.16, "koordinat desa (long)": 106.521, "koordinat calon lokasi persemaian (x)": -7.1549, "koordinat calon lokasi persemaian (y)": 106.5905, "koordinat calon lokasi penanaman (x)": "-7,156,483", "koordinat calon lokasi penanaman (y)": "106,591,435", "penyuluh kehutanan pendamping": null, "keterangan": null, "cdk": "CDK III" }, "geometry": { "type": "Point", "coordinates": [ 106.521, -7.16 ] } },
{ "type": "Feature", "properties": { "no": 129, "nama": "Asep Yogi Luntara", "nik": 3202251004920002, "usia(tahun)": "34", "alamat": "Kp. Ciroyom ", "desa": 3202031002, "kecamatan": 3202031, "kabupaten": 3202, "koordinat desa (lat)": -7.381, "koordinat desa (long)": 106.637, "koordinat calon lokasi persemaian (x)": -7.419597, "koordinat calon lokasi persemaian (y)": 106.657, "koordinat calon lokasi penanaman (x)": "-7.419597", "koordinat calon lokasi penanaman (y)": "106.65701", "penyuluh kehutanan pendamping": null, "keterangan": null, "cdk": "CDK III" }, "geometry": { "type": "Point", "coordinates": [ 106.637, -7.381 ] } },
{ "type": "Feature", "properties": { "no": 130, "nama": "M. Supendi", "nik": 3202260204670002, "usia(tahun)": "59", "alamat": "Kp. Cihaur RT.51/12 ", "desa": 3202020003, "kecamatan": 3202020, "kabupaten": 3202, "koordinat desa (lat)": -7.352, "koordinat desa (long)": 106.501, "koordinat calon lokasi persemaian (x)": -7.35626, "koordinat calon lokasi persemaian (y)": 106.47934, "koordinat calon lokasi penanaman (x)": "-7.35626", "koordinat calon lokasi penanaman (y)": "106.47934", "penyuluh kehutanan pendamping": null, "keterangan": null, "cdk": "CDK III" }, "geometry": { "type": "Point", "coordinates": [ 106.501, -7.352 ] } },
{ "type": "Feature", "properties": { "no": 131, "nama": "Ruly Pramuly", "nik": 3202241907740004, "usia(tahun)": "51", "alamat": "Kp. Sukatani RT.2/3 ", "desa": 3202030017, "kecamatan": 3202030, "kabupaten": 3202, "koordinat desa (lat)": -7.393, "koordinat desa (long)": 106.575, "koordinat calon lokasi persemaian (x)": -7.38855, "koordinat calon lokasi persemaian (y)": 106.456707, "koordinat calon lokasi penanaman (x)": "-7.38855", "koordinat calon lokasi penanaman (y)": "106.456707", "penyuluh kehutanan pendamping": null, "keterangan": null, "cdk": "CDK III" }, "geometry": { "type": "Point", "coordinates": [ 106.575, -7.393 ] } },
{ "type": "Feature", "properties": { "no": 132, "nama": "Jimmi Ilham A", "nik": 3216060902780027, "usia(tahun)": "48", "alamat": "Kp. Sindanglaya RT 001 RW 005 ", "desa": 3202030013, "kecamatan": 3202030, "kabupaten": 3202, "koordinat desa (lat)": -7.333, "koordinat desa (long)": 106.56, "koordinat calon lokasi persemaian (x)": -7.340767, "koordinat calon lokasi persemaian (y)": 106.55856, "koordinat calon lokasi penanaman (x)": "-7.340767", "koordinat calon lokasi penanaman (y)": "106.55856", "penyuluh kehutanan pendamping": null, "keterangan": null, "cdk": "CDK III" }, "geometry": { "type": "Point", "coordinates": [ 106.56, -7.333 ] } },
{ "type": "Feature", "properties": { "no": 133, "nama": "Agus Yoga Priatna", "nik": 3202241908810002, "usia(tahun)": "45", "alamat": "kp. Cibarehong RT 02 RW 04 ", "desa": 3202030012, "kecamatan": 3202030, "kabupaten": 3202, "koordinat desa (lat)": -7.347, "koordinat desa (long)": 106.574, "koordinat calon lokasi persemaian (x)": -7.33832, "koordinat calon lokasi persemaian (y)": 106.569825, "koordinat calon lokasi penanaman (x)": "-7.33832", "koordinat calon lokasi penanaman (y)": "106.569825", "penyuluh kehutanan pendamping": null, "keterangan": null, "cdk": "CDK III" }, "geometry": { "type": "Point", "coordinates": [ 106.574, -7.347 ] } },
{ "type": "Feature", "properties": { "no": 134, "nama": "Cucu", "nik": 3202250201750002, "usia(tahun)": "50", "alamat": "Kp. Neglasari RT 016/006 ", "desa": 3202031003, "kecamatan": 3202031, "kabupaten": 3202, "koordinat desa (lat)": -7.329, "koordinat desa (long)": 106.659, "koordinat calon lokasi persemaian (x)": -7.326288, "koordinat calon lokasi persemaian (y)": 106.658039, "koordinat calon lokasi penanaman (x)": "-7.326288", "koordinat calon lokasi penanaman (y)": "106.658039", "penyuluh kehutanan pendamping": null, "keterangan": null, "cdk": "CDK III" }, "geometry": { "type": "Point", "coordinates": [ 106.659, -7.329 ] } },
{ "type": "Feature", "properties": { "no": 135, "nama": "Asep Supriadi", "nik": 3202193012800002, "usia(tahun)": "46", "alamat": "Kp. Cipeuteuy Rt 07/ Rw 04 ", "desa": 3202300004, "kecamatan": 3202300, "kabupaten": 3202, "koordinat desa (lat)": -6.759, "koordinat desa (long)": 106.58, "koordinat calon lokasi persemaian (x)": -6.775367, "koordinat calon lokasi persemaian (y)": 106.612948, "koordinat calon lokasi penanaman (x)": "-6.775367", "koordinat calon lokasi penanaman (y)": "106.612948", "penyuluh kehutanan pendamping": null, "keterangan": null, "cdk": "CDK III" }, "geometry": { "type": "Point", "coordinates": [ 106.58, -6.759 ] } },
{ "type": "Feature", "properties": { "no": 136, "nama": "Rahmat", "nik": 3202272311680001, "usia(tahun)": "58", "alamat": "Kp. Kutamaneuh Rt 013/006 ", "desa": 3202201004, "kecamatan": 3202201, "kabupaten": 3202, "koordinat desa (lat)": -6.942, "koordinat desa (long)": 106.894, "koordinat calon lokasi persemaian (x)": 6.93637, "koordinat calon lokasi persemaian (y)": 106.90312, "koordinat calon lokasi penanaman (x)": "-6.93624", "koordinat calon lokasi penanaman (y)": "106.90329", "penyuluh kehutanan pendamping": null, "keterangan": null, "cdk": "CDK III" }, "geometry": { "type": "Point", "coordinates": [ 106.894, -6.942 ] } },
{ "type": "Feature", "properties": { "no": 137, "nama": "Deden", "nik": 3202121701740002, "usia(tahun)": "52", "alamat": "Kp. Lamping RT. 018/004 ", "desa": 3202220010, "kecamatan": 3202220, "kabupaten": 3202, "koordinat desa (lat)": -6.822, "koordinat desa (long)": 106.835, "koordinat calon lokasi persemaian (x)": 6.869854, "koordinat calon lokasi persemaian (y)": 106.801928, "koordinat calon lokasi penanaman (x)": "-6.869854", "koordinat calon lokasi penanaman (y)": "106.80193", "penyuluh kehutanan pendamping": null, "keterangan": null, "cdk": "CDK III" }, "geometry": { "type": "Point", "coordinates": [ 106.835, -6.822 ] } },
{ "type": "Feature", "properties": { "no": 138, "nama": "Hidayat", "nik": 3202210102860001, "usia(tahun)": "40", "alamat": "kp.nyalindung RT 018 RW 004 ", "desa": 3202040015, "kecamatan": 3202040, "kabupaten": 3202, "koordinat desa (lat)": -7.202, "koordinat desa (long)": 106.668, "koordinat calon lokasi persemaian (x)": -7.102, "koordinat calon lokasi persemaian (y)": 106.6404, "koordinat calon lokasi penanaman (x)": "-7.102", "koordinat calon lokasi penanaman (y)": "106.6404", "penyuluh kehutanan pendamping": null, "keterangan": null, "cdk": "CDK III" }, "geometry": { "type": "Point", "coordinates": [ 106.668, -7.202 ] } },
{ "type": "Feature", "properties": { "no": 139, "nama": "Dede", "nik": 3202410004820001, "usia(tahun)": "45", "alamat": "Kp. Cijambe RT. 05/04 ", "desa": 3202080017, "kecamatan": 3202080, "kabupaten": 3202, "koordinat desa (lat)": -7.179, "koordinat desa (long)": 106.879, "koordinat calon lokasi persemaian (x)": -7.174556, "koordinat calon lokasi persemaian (y)": 106.8504, "koordinat calon lokasi penanaman (x)": "-7.174556", "koordinat calon lokasi penanaman (y)": "106.8504", "penyuluh kehutanan pendamping": null, "keterangan": null, "cdk": "CDK III" }, "geometry": { "type": "Point", "coordinates": [ 106.879, -7.179 ] } },
{ "type": "Feature", "properties": { "no": 140, "nama": "Isak iskandar", "nik": 1402041211770001, "usia(tahun)": "49", "alamat": "Kp. Pintu air RT 001/017 ", "desa": 3202110007, "kecamatan": 3202110, "kabupaten": 3202, "koordinat desa (lat)": -6.976, "koordinat desa (long)": 106.553, "koordinat calon lokasi persemaian (x)": -6.990606, "koordinat calon lokasi persemaian (y)": 106.56062, "koordinat calon lokasi penanaman (x)": "-6.97899", "koordinat calon lokasi penanaman (y)": "106.57097", "penyuluh kehutanan pendamping": null, "keterangan": null, "cdk": "CDK III" }, "geometry": { "type": "Point", "coordinates": [ 106.553, -6.976 ] } },
{ "type": "Feature", "properties": { "no": 141, "nama": "Agus Sugeng Pribadi", "nik": 3202051607690001, "usia(tahun)": "57", "alamat": "Kp.jambu bodas RT 001/001 ", "desa": 3202290015, "kecamatan": 3202290, "kabupaten": 3202, "koordinat desa (lat)": -6.886, "koordinat desa (long)": 106.434, "koordinat calon lokasi persemaian (x)": -6.874925, "koordinat calon lokasi persemaian (y)": 106.45204, "koordinat calon lokasi penanaman (x)": "-6.888555", "koordinat calon lokasi penanaman (y)": "106.44718", "penyuluh kehutanan pendamping": null, "keterangan": null, "cdk": "CDK III" }, "geometry": { "type": "Point", "coordinates": [ 106.434, -6.886 ] } },
{ "type": "Feature", "properties": { "no": 142, "nama": "Pepen Setiawan", "nik": 3202331412770002, "usia(tahun)": "49", "alamat": "Kp. Cikaret RT.4/1 ", "desa": 3202170014, "kecamatan": 3202170, "kabupaten": 3202, "koordinat desa (lat)": -6.881, "koordinat desa (long)": 106.962, "koordinat calon lokasi persemaian (x)": -6.875867, "koordinat calon lokasi persemaian (y)": 106.96496, "koordinat calon lokasi penanaman (x)": "-6.871142", "koordinat calon lokasi penanaman (y)": "106.96729", "penyuluh kehutanan pendamping": null, "keterangan": null, "cdk": "CDK III" }, "geometry": { "type": "Point", "coordinates": [ 106.962, -6.881 ] } },
{ "type": "Feature", "properties": { "no": 143, "nama": "Ece Supriadi", "nik": 3202360101750032, "usia(tahun)": "51", "alamat": "Kp. Leuwilayung RT. 8/2 ", "desa": 3202173006, "kecamatan": 3202173, "kabupaten": 3202, "koordinat desa (lat)": -6.872, "koordinat desa (long)": 106.896, "koordinat calon lokasi persemaian (x)": -6.873974, "koordinat calon lokasi persemaian (y)": 107.00003, "koordinat calon lokasi penanaman (x)": "-6.87389", "koordinat calon lokasi penanaman (y)": "107.00095", "penyuluh kehutanan pendamping": null, "keterangan": null, "cdk": "CDK III" }, "geometry": { "type": "Point", "coordinates": [ 106.896, -6.872 ] } },
{ "type": "Feature", "properties": { "no": 144, "nama": "Atep Sopian", "nik": 3202360809820003, "usia(tahun)": "44", "alamat": "Kp. Leuwilayung RT. 9/2 ", "desa": 3202173006, "kecamatan": 3202173, "kabupaten": 3202, "koordinat desa (lat)": -6.872, "koordinat desa (long)": 106.896, "koordinat calon lokasi persemaian (x)": -6.873974, "koordinat calon lokasi persemaian (y)": 107.000033, "koordinat calon lokasi penanaman (x)": "-6.863663", "koordinat calon lokasi penanaman (y)": "107.002262", "penyuluh kehutanan pendamping": null, "keterangan": null, "cdk": "CDK III" }, "geometry": { "type": "Point", "coordinates": [ 106.896, -6.872 ] } },
{ "type": "Feature", "properties": { "no": 145, "nama": "Edi", "nik": 3202230605720002, "usia(tahun)": "54", "alamat": "Kp. Citamiang satu ", "desa": 3202050004, "kecamatan": 3202050, "kabupaten": 3202, "koordinat desa (lat)": -7.264, "koordinat desa (long)": 106.735, "koordinat calon lokasi persemaian (x)": -7.242148, "koordinat calon lokasi persemaian (y)": 106.724324, "koordinat calon lokasi penanaman (x)": "-7259722", "koordinat calon lokasi penanaman (y)": "106.729722", "penyuluh kehutanan pendamping": null, "keterangan": null, "cdk": "CDK III" }, "geometry": { "type": "Point", "coordinates": [ 106.735, -7.264 ] } },
{ "type": "Feature", "properties": { "no": 146, "nama": "Sandi Firmansyah", "nik": 3202230901770001, "usia(tahun)": "49", "alamat": "Kp.Payaguan RT 001/001 ", "desa": 3202050003, "kecamatan": 3202050, "kabupaten": 3202, "koordinat desa (lat)": -7.237, "koordinat desa (long)": 106.717, "koordinat calon lokasi persemaian (x)": -7.262644, "koordinat calon lokasi persemaian (y)": 106.720634, "koordinat calon lokasi penanaman (x)": "-7,226,945", "koordinat calon lokasi penanaman (y)": "106,708,548", "penyuluh kehutanan pendamping": null, "keterangan": null, "cdk": "CDK III" }, "geometry": { "type": "Point", "coordinates": [ 106.717, -7.237 ] } },
{ "type": "Feature", "properties": { "no": 147, "nama": "Hadiman", "nik": 3202451604840001, "usia(tahun)": "41", "alamat": "Kp.Panginuman rt003/001,", "desa": 3202060003, "kecamatan": 3202060, "kabupaten": 3202, "koordinat desa (lat)": -7.407, "koordinat desa (long)": 106.753, "koordinat calon lokasi persemaian (x)": -7.4290569, "koordinat calon lokasi persemaian (y)": 106.7393371, "koordinat calon lokasi penanaman (x)": "-7.4295671", "koordinat calon lokasi penanaman (y)": "106.7335796", "penyuluh kehutanan pendamping": null, "keterangan": null, "cdk": "CDK III" }, "geometry": { "type": "Point", "coordinates": [ 106.753, -7.407 ] } },
{ "type": "Feature", "properties": { "no": 148, "nama": "M. Samsudin", "nik": 3202462010530001, "usia(tahun)": "72", "alamat": "Kp. Palayangan RT 01/ RW 01 ", "desa": 3202041006, "kecamatan": 3202041, "kabupaten": 3202, "koordinat desa (lat)": -7.248, "koordinat desa (long)": 106.701, "koordinat calon lokasi persemaian (x)": -7.2371, "koordinat calon lokasi persemaian (y)": 106.691702, "koordinat calon lokasi penanaman (x)": "-7,265,578", "koordinat calon lokasi penanaman (y)": "106,704,406", "penyuluh kehutanan pendamping": null, "keterangan": null, "cdk": "CDK III" }, "geometry": { "type": "Point", "coordinates": [ 106.701, -7.248 ] } },
{ "type": "Feature", "properties": { "no": 149, "nama": "Iyus Sutarya", "nik": 3202461702880002, "usia(tahun)": "41", "alamat": "Kp. Tegal Panjang RT. 001/001 ", "desa": 3202041004, "kecamatan": 3202041, "kabupaten": 3202, "koordinat desa (lat)": -7.211, "koordinat desa (long)": 106.676, "koordinat calon lokasi persemaian (x)": -7.2305, "koordinat calon lokasi persemaian (y)": 106.67401, "koordinat calon lokasi penanaman (x)": "-7.230807", "koordinat calon lokasi penanaman (y)": "106.673177", "penyuluh kehutanan pendamping": null, "keterangan": null, "cdk": "CDK III" }, "geometry": { "type": "Point", "coordinates": [ 106.676, -7.211 ] } },
{ "type": "Feature", "properties": { "no": 150, "nama": "Saep", "nik": 3202460706750001, "usia(tahun)": "50", "alamat": "Kp. Pasir Laja RT. 006/002 ", "desa": 3202041004, "kecamatan": 3202041, "kabupaten": 3202, "koordinat desa (lat)": -7.211, "koordinat desa (long)": 106.676, "koordinat calon lokasi persemaian (x)": -7.22897, "koordinat calon lokasi persemaian (y)": 106.67548, "koordinat calon lokasi penanaman (x)": "-7.22584", "koordinat calon lokasi penanaman (y)": "106.67703", "penyuluh kehutanan pendamping": null, "keterangan": null, "cdk": "CDK III" }, "geometry": { "type": "Point", "coordinates": [ 106.676, -7.211 ] } },
{ "type": "Feature", "properties": { "no": 151, "nama": "Pibsa", "nik": 3202281010830001, "usia(tahun)": "42", "alamat": "Kp.Cibiru Rt 004/003 ", "desa": 3202211002, "kecamatan": 3202211, "kabupaten": 3202, "koordinat desa (lat)": -6.925, "koordinat desa (long)": 106.846, "koordinat calon lokasi persemaian (x)": -6.9235, "koordinat calon lokasi persemaian (y)": 106.8489, "koordinat calon lokasi penanaman (x)": "-6.919716", "koordinat calon lokasi penanaman (y)": "106.85094", "penyuluh kehutanan pendamping": null, "keterangan": null, "cdk": "CDK III" }, "geometry": { "type": "Point", "coordinates": [ 106.846, -6.925 ] } },
{ "type": "Feature", "properties": { "no": 152, "nama": "Heri Hendrawan", "nik": 3202280605720003, "usia(tahun)": "54", "alamat": "Kp Cibiru Rt 004/003 ", "desa": 3202211002, "kecamatan": 3202211, "kabupaten": 3202, "koordinat desa (lat)": -6.925, "koordinat desa (long)": 106.846, "koordinat calon lokasi persemaian (x)": -6.9235, "koordinat calon lokasi persemaian (y)": 106.8489, "koordinat calon lokasi penanaman (x)": "-6.920164", "koordinat calon lokasi penanaman (y)": "106.84698", "penyuluh kehutanan pendamping": null, "keterangan": null, "cdk": "CDK III" }, "geometry": { "type": "Point", "coordinates": [ 106.846, -6.925 ] } },
{ "type": "Feature", "properties": { "no": 153, "nama": "Ujang Supriatna", "nik": 3202323012620003, "usia(tahun)": "64", "alamat": "Kp. Lembur Pasir Rt 002 Rw 010 ", "desa": 3202180006, "kecamatan": 3202180, "kabupaten": 3202, "koordinat desa (lat)": -6.837, "koordinat desa (long)": 106.962, "koordinat calon lokasi persemaian (x)": -6.884799, "koordinat calon lokasi persemaian (y)": 106.937613, "koordinat calon lokasi penanaman (x)": "-6.884304", "koordinat calon lokasi penanaman (y)": "106.93772", "penyuluh kehutanan pendamping": null, "keterangan": null, "cdk": "CDK III" }, "geometry": { "type": "Point", "coordinates": [ 106.962, -6.837 ] } },
{ "type": "Feature", "properties": { "no": 154, "nama": "Jama", "nik": 3202442306740001, "usia(tahun)": "45", "alamat": "Kp. Rawa Buruy RT 002 RW 001 ", "desa": 3202081001, "kecamatan": 3202081, "kabupaten": 3202, "koordinat desa (lat)": -7.325, "koordinat desa (long)": 106.901, "koordinat calon lokasi persemaian (x)": -7.3300541, "koordinat calon lokasi persemaian (y)": 106.9242398, "koordinat calon lokasi penanaman (x)": "-7.3300541", "koordinat calon lokasi penanaman (y)": "106.9242398", "penyuluh kehutanan pendamping": null, "keterangan": null, "cdk": "CDK III" }, "geometry": { "type": "Point", "coordinates": [ 106.901, -7.325 ] } },
{ "type": "Feature", "properties": { "no": 155, "nama": "Acu", "nik": 3202440407650004, "usia(tahun)": "63", "alamat": "Kp. Cilumping    RT 019 RW 005  ", "desa": 3202081004, "kecamatan": 3202081, "kabupaten": 3202, "koordinat desa (lat)": -7.249, "koordinat desa (long)": 106.952, "koordinat calon lokasi persemaian (x)": -7.2475056, "koordinat calon lokasi persemaian (y)": 106.9517606, "koordinat calon lokasi penanaman (x)": "-7.2475056", "koordinat calon lokasi penanaman (y)": "106.9517606", "penyuluh kehutanan pendamping": null, "keterangan": null, "cdk": "CDK III" }, "geometry": { "type": "Point", "coordinates": [ 106.952, -7.249 ] } },
{ "type": "Feature", "properties": { "no": 156, "nama": "Eman", "nik": 3202441210620001, "usia(tahun)": "60", "alamat": "Kp. Bantarsari Rt 023 Rw0 04 ", "desa": 3202081003, "kecamatan": 3202081, "kabupaten": 3202, "koordinat desa (lat)": -7.268, "koordinat desa (long)": 106.945, "koordinat calon lokasi persemaian (x)": -7.256132, "koordinat calon lokasi persemaian (y)": 106.938833, "koordinat calon lokasi penanaman (x)": "-7.256132", "koordinat calon lokasi penanaman (y)": "106.938833", "penyuluh kehutanan pendamping": null, "keterangan": null, "cdk": "CDK III" }, "geometry": { "type": "Point", "coordinates": [ 106.945, -7.268 ] } },
{ "type": "Feature", "properties": { "no": 157, "nama": "Bibih Suryana", "nik": 3202071504520002, "usia(tahun)": "73", "alamat": "Kp. Cieurih RT 027/ RW 008 ", "desa": 3202100001, "kecamatan": 3202100, "kabupaten": 3202, "koordinat desa (lat)": -7.083, "koordinat desa (long)": 106.637, "koordinat calon lokasi persemaian (x)": -7.0732, "koordinat calon lokasi persemaian (y)": 106.6346, "koordinat calon lokasi penanaman (x)": "-7.0771", "koordinat calon lokasi penanaman (y)": "106.6301", "penyuluh kehutanan pendamping": null, "keterangan": null, "cdk": "CDK III" }, "geometry": { "type": "Point", "coordinates": [ 106.637, -7.083 ] } },
{ "type": "Feature", "properties": { "no": 158, "nama": "Sutisna", "nik": 3202071003820003, "usia(tahun)": "43", "alamat": "Kp. Cieurih RT 027/RW 008 ", "desa": 3202100001, "kecamatan": 3202100, "kabupaten": 3202, "koordinat desa (lat)": -7.083, "koordinat desa (long)": 106.637, "koordinat calon lokasi persemaian (x)": -7.0731, "koordinat calon lokasi persemaian (y)": 106.6344, "koordinat calon lokasi penanaman (x)": "-7.0758", "koordinat calon lokasi penanaman (y)": "106.6291", "penyuluh kehutanan pendamping": null, "keterangan": null, "cdk": "CDK III" }, "geometry": { "type": "Point", "coordinates": [ 106.637, -7.083 ] } },
{ "type": "Feature", "properties": { "no": 159, "nama": "Engkos", "nik": 3202070206580001, "usia(tahun)": "67", "alamat": "Kp. Cieurih RT 027/RW 008 ", "desa": 3202100001, "kecamatan": 3202100, "kabupaten": 3202, "koordinat desa (lat)": -7.083, "koordinat desa (long)": 106.637, "koordinat calon lokasi persemaian (x)": -7.0731, "koordinat calon lokasi persemaian (y)": 106.6345, "koordinat calon lokasi penanaman (x)": "-7.0766", "koordinat calon lokasi penanaman (y)": "106.631", "penyuluh kehutanan pendamping": null, "keterangan": null, "cdk": "CDK III" }, "geometry": { "type": "Point", "coordinates": [ 106.637, -7.083 ] } },
{ "type": "Feature", "properties": { "no": 160, "nama": "Achmad Juwaeni", "nik": 3202472403770002, "usia(tahun)": "49", "alamat": "Kp. Genteng ", "desa": 3202221006, "kecamatan": 3202221, "kabupaten": 3202, "koordinat desa (lat)": -6.796, "koordinat desa (long)": 106.861, "koordinat calon lokasi persemaian (x)": null, "koordinat calon lokasi persemaian (y)": null, "koordinat calon lokasi penanaman (x)": "-6.80478", "koordinat calon lokasi penanaman (y)": "106.8178", "penyuluh kehutanan pendamping": null, "keterangan": null, "cdk": "CDK III" }, "geometry": { "type": "Point", "coordinates": [ 106.861, -6.796 ] } },
{ "type": "Feature", "properties": { "no": 161, "nama": "Jueni", "nik": 3202160606730004, "usia(tahun)": "53", "alamat": "Kp. Gintung ", "desa": 3202230010, "kecamatan": 3202230, "kabupaten": 3202, "koordinat desa (lat)": -6.78, "koordinat desa (long)": 106.822, "koordinat calon lokasi persemaian (x)": null, "koordinat calon lokasi persemaian (y)": null, "koordinat calon lokasi penanaman (x)": "-6.78038", "koordinat calon lokasi penanaman (y)": "106.8144", "penyuluh kehutanan pendamping": null, "keterangan": null, "cdk": "CDK III" }, "geometry": { "type": "Point", "coordinates": [ 106.822, -6.78 ] } },
{ "type": "Feature", "properties": { "no": 162, "nama": "Ridwan", "nik": 3201272008800001, "usia(tahun)": "46", "alamat": "Kp. Pasirkalapa RT 01/07 ", "desa": 3202230013, "kecamatan": 3202230, "kabupaten": 3202, "koordinat desa (lat)": -6.743, "koordinat desa (long)": 106.765, "koordinat calon lokasi persemaian (x)": null, "koordinat calon lokasi persemaian (y)": null, "koordinat calon lokasi penanaman (x)": "-6.76045", "koordinat calon lokasi penanaman (y)": "106.782", "penyuluh kehutanan pendamping": null, "keterangan": null, "cdk": "CDK III" }, "geometry": { "type": "Point", "coordinates": [ 106.765, -6.743 ] } },
{ "type": "Feature", "properties": { "no": 163, "nama": "Abun", "nik": 3202310105680004, "usia(tahun)": "58", "alamat": "Kp. Baru geulis ", "desa": 3202212009, "kecamatan": 3202212, "kabupaten": 3202, "koordinat desa (lat)": -6.827, "koordinat desa (long)": 106.899, "koordinat calon lokasi persemaian (x)": null, "koordinat calon lokasi persemaian (y)": null, "koordinat calon lokasi penanaman (x)": "6.8343", "koordinat calon lokasi penanaman (y)": "106.9067", "penyuluh kehutanan pendamping": null, "keterangan": null, "cdk": "CDK III" }, "geometry": { "type": "Point", "coordinates": [ 106.899, -6.827 ] } },
{ "type": "Feature", "properties": { "no": 164, "nama": "Wawar Suarman", "nik": 3202081303680005, "usia(tahun)": "58", "alamat": "Kp. Ciembe lapang Rt 05/01 ", "desa": 3202130018, "kecamatan": 3202130, "kabupaten": 3202, "koordinat desa (lat)": -7.017, "koordinat desa (long)": 106.783, "koordinat calon lokasi persemaian (x)": null, "koordinat calon lokasi persemaian (y)": null, "koordinat calon lokasi penanaman (x)": "7.0156", "koordinat calon lokasi penanaman (y)": "106.8008", "penyuluh kehutanan pendamping": null, "keterangan": null, "cdk": "CDK III" }, "geometry": { "type": "Point", "coordinates": [ 106.783, -7.017 ] } },
{ "type": "Feature", "properties": { "no": 165, "nama": "Abdurrohman", "nik": 3202081505720005, "usia(tahun)": "54", "alamat": "Kp. Cilawang ", "desa": 3202130014, "kecamatan": 3202130, "kabupaten": 3202, "koordinat desa (lat)": -7.08, "koordinat desa (long)": 106.795, "koordinat calon lokasi persemaian (x)": null, "koordinat calon lokasi persemaian (y)": null, "koordinat calon lokasi penanaman (x)": "-7.05867", "koordinat calon lokasi penanaman (y)": "106.7963", "penyuluh kehutanan pendamping": null, "keterangan": null, "cdk": "CDK III" }, "geometry": { "type": "Point", "coordinates": [ 106.795, -7.08 ] } },
{ "type": "Feature", "properties": { "no": 166, "nama": "Saepuloh ", "nik": 3202080111650005, "usia(tahun)": "61", "alamat": "Kp. Leuwi dinding ", "desa": 3202130017, "kecamatan": 3202130, "kabupaten": 3202, "koordinat desa (lat)": -7.02, "koordinat desa (long)": 106.852, "koordinat calon lokasi persemaian (x)": null, "koordinat calon lokasi persemaian (y)": null, "koordinat calon lokasi penanaman (x)": "-6.99633", "koordinat calon lokasi penanaman (y)": "106.8556", "penyuluh kehutanan pendamping": null, "keterangan": null, "cdk": "CDK III" }, "geometry": { "type": "Point", "coordinates": [ 106.852, -7.02 ] } },
{ "type": "Feature", "properties": { "no": 167, "nama": "Ade Dori Akbar", "nik": 3202392408790001, "usia(tahun)": "46", "alamat": "Kp. Nyalindung RT.2/2 ", "desa": 3202150002, "kecamatan": 3202150, "kabupaten": 3202, "koordinat desa (lat)": -7.031, "koordinat desa (long)": 106.926, "koordinat calon lokasi persemaian (x)": null, "koordinat calon lokasi persemaian (y)": null, "koordinat calon lokasi penanaman (x)": "-7.04087", "koordinat calon lokasi penanaman (y)": "106.94317", "penyuluh kehutanan pendamping": null, "keterangan": null, "cdk": "CDK III" }, "geometry": { "type": "Point", "coordinates": [ 106.926, -7.031 ] } },
{ "type": "Feature", "properties": { "no": 168, "nama": "Usman Sasmita", "nik": 3202392605810001, "usia(tahun)": "44", "alamat": "Kp. Babakan Bandung RT 01/06 ", "desa": 3202150008, "kecamatan": 3202150, "kabupaten": 3202, "koordinat desa (lat)": -6.984, "koordinat desa (long)": 106.894, "koordinat calon lokasi persemaian (x)": null, "koordinat calon lokasi persemaian (y)": null, "koordinat calon lokasi penanaman (x)": "-6.980935", "koordinat calon lokasi penanaman (y)": "106.89032", "penyuluh kehutanan pendamping": null, "keterangan": null, "cdk": "CDK III" }, "geometry": { "type": "Point", "coordinates": [ 106.894, -6.984 ] } },
{ "type": "Feature", "properties": { "no": 169, "nama": "Dede Januari", "nik": 3202392012750002, "usia(tahun)": "50", "alamat": "Kp. Kebon Kai ", "desa": 3202150002, "kecamatan": 3202150, "kabupaten": 3202, "koordinat desa (lat)": -7.031, "koordinat desa (long)": 106.926, "koordinat calon lokasi persemaian (x)": null, "koordinat calon lokasi persemaian (y)": null, "koordinat calon lokasi penanaman (x)": "-7.043288", "koordinat calon lokasi penanaman (y)": "106.93901", "penyuluh kehutanan pendamping": null, "keterangan": null, "cdk": "CDK III" }, "geometry": { "type": "Point", "coordinates": [ 106.926, -7.031 ] } },
{ "type": "Feature", "properties": { "no": 170, "nama": "D. Hidayat", "nik": 3202400705540001, "usia(tahun)": "71", "alamat": "Kp. Sumur RT 15 / 05 ", "desa": 3202160006, "kecamatan": 3202160, "kabupaten": 3202, "koordinat desa (lat)": -6.96, "koordinat desa (long)": 106.988, "koordinat calon lokasi persemaian (x)": null, "koordinat calon lokasi persemaian (y)": null, "koordinat calon lokasi penanaman (x)": "-6.96338", "koordinat calon lokasi penanaman (y)": "106.98969", "penyuluh kehutanan pendamping": null, "keterangan": null, "cdk": "CDK III" }, "geometry": { "type": "Point", "coordinates": [ 106.988, -6.96 ] } },
{ "type": "Feature", "properties": { "no": 171, "nama": "Wahyudin", "nik": 3202401707750002, "usia(tahun)": "50", "alamat": "Kp. Cikadu RT 27 / 07 ", "desa": 3202160007, "kecamatan": 3202160, "kabupaten": 3202, "koordinat desa (lat)": -6.966, "koordinat desa (long)": 107.026, "koordinat calon lokasi persemaian (x)": null, "koordinat calon lokasi persemaian (y)": null, "koordinat calon lokasi penanaman (x)": "-6.95517", "koordinat calon lokasi penanaman (y)": "107.01842", "penyuluh kehutanan pendamping": null, "keterangan": null, "cdk": "CDK III" }, "geometry": { "type": "Point", "coordinates": [ 107.026, -6.966 ] } },
{ "type": "Feature", "properties": { "no": 172, "nama": "Engkus Kusnadi ", "nik": 3202400203550001, "usia(tahun)": "61", "alamat": "Kp. Citonjong RT 05 / 03 ", "desa": 3202160001, "kecamatan": 3202160, "kabupaten": 3202, "koordinat desa (lat)": -7.013, "koordinat desa (long)": 106.999, "koordinat calon lokasi persemaian (x)": null, "koordinat calon lokasi persemaian (y)": null, "koordinat calon lokasi penanaman (x)": "-7.01121", "koordinat calon lokasi penanaman (y)": "106.01257", "penyuluh kehutanan pendamping": null, "keterangan": null, "cdk": "CDK III" }, "geometry": { "type": "Point", "coordinates": [ 106.999, -7.013 ] } },
{ "type": "Feature", "properties": { "no": 173, "nama": "Apendi", "nik": 3202371708660001, "usia(tahun)": "59", "alamat": "Kp. Babakan Amlong RT. 003 RW. 004 ", "desa": 3202090003, "kecamatan": 3202090, "kabupaten": 3202, "koordinat desa (lat)": -7.214, "koordinat desa (long)": 106.831, "koordinat calon lokasi persemaian (x)": null, "koordinat calon lokasi persemaian (y)": null, "koordinat calon lokasi penanaman (x)": "-7.20688", "koordinat calon lokasi penanaman (y)": "106.82634", "penyuluh kehutanan pendamping": null, "keterangan": null, "cdk": "CDK III" }, "geometry": { "type": "Point", "coordinates": [ 106.831, -7.214 ] } },
{ "type": "Feature", "properties": { "no": 174, "nama": "Wahyu", "nik": 3202371804660001, "usia(tahun)": "59", "alamat": "Kp. Sirnasari RT. 005 RW. 003 ", "desa": 3202090005, "kecamatan": 3202090, "kabupaten": 3202, "koordinat desa (lat)": -7.161, "koordinat desa (long)": 106.794, "koordinat calon lokasi persemaian (x)": null, "koordinat calon lokasi persemaian (y)": null, "koordinat calon lokasi penanaman (x)": "-7.163122", "koordinat calon lokasi penanaman (y)": "106.7818", "penyuluh kehutanan pendamping": null, "keterangan": null, "cdk": "CDK III" }, "geometry": { "type": "Point", "coordinates": [ 106.794, -7.161 ] } },
{ "type": "Feature", "properties": { "no": 175, "nama": "Solihin", "nik": 3202372501750001, "usia(tahun)": "50", "alamat": "Kp. Pinangjajar RT. 004 RW. 001 ", "desa": 3202090004, "kecamatan": 3202090, "kabupaten": 3202, "koordinat desa (lat)": -7.182, "koordinat desa (long)": 106.82, "koordinat calon lokasi persemaian (x)": null, "koordinat calon lokasi persemaian (y)": null, "koordinat calon lokasi penanaman (x)": "-7.180052", "koordinat calon lokasi penanaman (y)": "106.83689", "penyuluh kehutanan pendamping": null, "keterangan": null, "cdk": "CDK III" }, "geometry": { "type": "Point", "coordinates": [ 106.82, -7.182 ] } },
{ "type": "Feature", "properties": { "no": 176, "nama": "M. Sudrajat", "nik": 3202091005730004, "usia(tahun)": "52", "alamat": "Kp. Lebakmuncang rt. 03/01 ", "desa": 3202120003, "kecamatan": 3202120, "kabupaten": 3202, "koordinat desa (lat)": -7.036, "koordinat desa (long)": 106.717, "koordinat calon lokasi persemaian (x)": null, "koordinat calon lokasi persemaian (y)": null, "koordinat calon lokasi penanaman (x)": "-7.03755", "koordinat calon lokasi penanaman (y)": "106.6918", "penyuluh kehutanan pendamping": null, "keterangan": null, "cdk": "CDK III" }, "geometry": { "type": "Point", "coordinates": [ 106.717, -7.036 ] } },
{ "type": "Feature", "properties": { "no": 177, "nama": "Wahyu Hidayat", "nik": 3202092512800003, "usia(tahun)": "45", "alamat": "Kp. Panarosan RT 003/RW 002 ", "desa": 3202120014, "kecamatan": 3202120, "kabupaten": 3202, "koordinat desa (lat)": -7.023, "koordinat desa (long)": 106.681, "koordinat calon lokasi persemaian (x)": null, "koordinat calon lokasi persemaian (y)": null, "koordinat calon lokasi penanaman (x)": "-7.0238", "koordinat calon lokasi penanaman (y)": "1,066,811", "penyuluh kehutanan pendamping": null, "keterangan": null, "cdk": "CDK III" }, "geometry": { "type": "Point", "coordinates": [ 106.681, -7.023 ] } },
{ "type": "Feature", "properties": { "no": 178, "nama": "Jaya", "nik": 3202092004680005, "usia(tahun)": "58", "alamat": "Kp. Panarosan RT 001/RW 003", "desa": 3202120014, "kecamatan": 3202120, "kabupaten": 3202, "koordinat desa (lat)": -7.023, "koordinat desa (long)": 106.681, "koordinat calon lokasi persemaian (x)": null, "koordinat calon lokasi persemaian (y)": null, "koordinat calon lokasi penanaman (x)": "-7.0319", "koordinat calon lokasi penanaman (y)": "1,066,884", "penyuluh kehutanan pendamping": null, "keterangan": null, "cdk": "CDK III" }, "geometry": { "type": "Point", "coordinates": [ 106.681, -7.023 ] } },
{ "type": "Feature", "properties": { "no": 179, "nama": "Parid Parnudin", "nik": 3202191808770001, "usia(tahun)": "50", "alamat": "Kp. Ciaul Rt 006 / Rw 002 ", "desa": 3202300001, "kecamatan": 3202300, "kabupaten": 3202, "koordinat desa (lat)": -6.832, "koordinat desa (long)": 106.618, "koordinat calon lokasi persemaian (x)": null, "koordinat calon lokasi persemaian (y)": null, "koordinat calon lokasi penanaman (x)": "-6.803034", "koordinat calon lokasi penanaman (y)": "106.59432", "penyuluh kehutanan pendamping": null, "keterangan": null, "cdk": "CDK III" }, "geometry": { "type": "Point", "coordinates": [ 106.618, -6.832 ] } },
{ "type": "Feature", "properties": { "no": 180, "nama": "Usup Supriatna", "nik": 3202182802870002, "usia(tahun)": "40", "alamat": "Kp. Pasir Awi Rt 015 / Rw 004 ", "desa": 3202270002, "kecamatan": 3202270, "kabupaten": 3202, "koordinat desa (lat)": -6.814, "koordinat desa (long)": 106.662, "koordinat calon lokasi persemaian (x)": null, "koordinat calon lokasi persemaian (y)": null, "koordinat calon lokasi penanaman (x)": "-6.805898", "koordinat calon lokasi penanaman (y)": "10665841", "penyuluh kehutanan pendamping": null, "keterangan": null, "cdk": "CDK III" }, "geometry": { "type": "Point", "coordinates": [ 106.662, -6.814 ] } },
{ "type": "Feature", "properties": { "no": 181, "nama": "Hopid M", "nik": 3202271808810003, "usia(tahun)": "45", "alamat": "Kp. Padaraang Rt 001/011 ", "desa": 3202201002, "kecamatan": 3202201, "kabupaten": 3202, "koordinat desa (lat)": -6.959, "koordinat desa (long)": 106.869, "koordinat calon lokasi persemaian (x)": null, "koordinat calon lokasi persemaian (y)": null, "koordinat calon lokasi penanaman (x)": "-6.95655", "koordinat calon lokasi penanaman (y)": "106.8659", "penyuluh kehutanan pendamping": null, "keterangan": null, "cdk": "CDK III" }, "geometry": { "type": "Point", "coordinates": [ 106.869, -6.959 ] } },
{ "type": "Feature", "properties": { "no": 182, "nama": "Isep Sofyan", "nik": 3202272007800001, "usia(tahun)": "46", "alamat": "Kp. Sindangkerta Rt 001/013 ", "desa": 3202201001, "kecamatan": 3202201, "kabupaten": 3202, "koordinat desa (lat)": -6.965, "koordinat desa (long)": 106.858, "koordinat calon lokasi persemaian (x)": null, "koordinat calon lokasi persemaian (y)": null, "koordinat calon lokasi penanaman (x)": "-6.94712", "koordinat calon lokasi penanaman (y)": "106.862", "penyuluh kehutanan pendamping": null, "keterangan": null, "cdk": "CDK III" }, "geometry": { "type": "Point", "coordinates": [ 106.858, -6.965 ] } },
{ "type": "Feature", "properties": { "no": 183, "nama": "Iwan", "nik": 3202430511710001, "usia(tahun)": "55", "alamat": "Kp  Pasekon RT 01/RW01 ", "desa": 3202070005, "kecamatan": 3202070, "kabupaten": 3202, "koordinat desa (lat)": -7.269, "koordinat desa (long)": 106.832, "koordinat calon lokasi persemaian (x)": null, "koordinat calon lokasi persemaian (y)": null, "koordinat calon lokasi penanaman (x)": "-7.25426", "koordinat calon lokasi penanaman (y)": "106.8388", "penyuluh kehutanan pendamping": null, "keterangan": null, "cdk": "CDK III" }, "geometry": { "type": "Point", "coordinates": [ 106.832, -7.269 ] } },
{ "type": "Feature", "properties": { "no": 184, "nama": "Dudih", "nik": 3202430906790001, "usia(tahun)": "46", "alamat": "Kp. Sukatani RT 013 RW 005 ", "desa": 3202070005, "kecamatan": 3202070, "kabupaten": 3202, "koordinat desa (lat)": -7.269, "koordinat desa (long)": 106.832, "koordinat calon lokasi persemaian (x)": null, "koordinat calon lokasi persemaian (y)": null, "koordinat calon lokasi penanaman (x)": "-7.23574", "koordinat calon lokasi penanaman (y)": "106.8702", "penyuluh kehutanan pendamping": null, "keterangan": null, "cdk": "CDK III" }, "geometry": { "type": "Point", "coordinates": [ 106.832, -7.269 ] } },
{ "type": "Feature", "properties": { "no": 185, "nama": "Idun", "nik": 3202370510790001, "usia(tahun)": "46", "alamat": "Kp. Cikadu RT06 RW 03 ", "desa": 3202070005, "kecamatan": 3202070, "kabupaten": 3202, "koordinat desa (lat)": -7.269, "koordinat desa (long)": 106.832, "koordinat calon lokasi persemaian (x)": null, "koordinat calon lokasi persemaian (y)": null, "koordinat calon lokasi penanaman (x)": "-7.27106", "koordinat calon lokasi penanaman (y)": "106.8333", "penyuluh kehutanan pendamping": null, "keterangan": null, "cdk": "CDK III" }, "geometry": { "type": "Point", "coordinates": [ 106.832, -7.269 ] } },
{ "type": "Feature", "properties": { "no": 186, "nama": "Ono", "nik": 3202120102650008, "usia(tahun)": "59", "alamat": "Kp. Cihanjawar RT 006/002 ", "desa": 3202220010, "kecamatan": 3202220, "kabupaten": 3202, "koordinat desa (lat)": -6.822, "koordinat desa (long)": 106.835, "koordinat calon lokasi persemaian (x)": null, "koordinat calon lokasi persemaian (y)": null, "koordinat calon lokasi penanaman (x)": "-6.49583", "koordinat calon lokasi penanaman (y)": "106.4913", "penyuluh kehutanan pendamping": null, "keterangan": null, "cdk": "CDK III" }, "geometry": { "type": "Point", "coordinates": [ 106.835, -6.822 ] } },
{ "type": "Feature", "properties": { "no": 187, "nama": "Dayat Suganda", "nik": 3202122110580001, "usia(tahun)": "68", "alamat": "Kp. Cibubuay RT 04 RW 02 ", "desa": 3202220005, "kecamatan": 3202220, "kabupaten": 3202, "koordinat desa (lat)": -6.836, "koordinat desa (long)": 106.86, "koordinat calon lokasi persemaian (x)": null, "koordinat calon lokasi persemaian (y)": null, "koordinat calon lokasi penanaman (x)": "-6.84494", "koordinat calon lokasi penanaman (y)": "106.8476", "penyuluh kehutanan pendamping": null, "keterangan": null, "cdk": "CDK III" }, "geometry": { "type": "Point", "coordinates": [ 106.86, -6.836 ] } },
{ "type": "Feature", "properties": { "no": 188, "nama": "Ahmad Rifai", "nik": 3202210309610002, "usia(tahun)": "64", "alamat": "Kp. Babakan Karet Rt 4/1 ", "desa": 3202040013, "kecamatan": 3202040, "kabupaten": 3202, "koordinat desa (lat)": -7.233, "koordinat desa (long)": 106.636, "koordinat calon lokasi persemaian (x)": null, "koordinat calon lokasi persemaian (y)": null, "koordinat calon lokasi penanaman (x)": "-7.102", "koordinat calon lokasi penanaman (y)": "106.6404", "penyuluh kehutanan pendamping": null, "keterangan": null, "cdk": "CDK III" }, "geometry": { "type": "Point", "coordinates": [ 106.636, -7.233 ] } },
{ "type": "Feature", "properties": { "no": 189, "nama": "Dudu Rustiawan", "nik": 3202211012640004, "usia(tahun)": "61", "alamat": "Kp. Puncak buluh rt. 017/05 ", "desa": 3202040014, "kecamatan": 3202040, "kabupaten": 3202, "koordinat desa (lat)": -7.196, "koordinat desa (long)": 106.659, "koordinat calon lokasi persemaian (x)": null, "koordinat calon lokasi persemaian (y)": null, "koordinat calon lokasi penanaman (x)": "-7.194", "koordinat calon lokasi penanaman (y)": "106.6596", "penyuluh kehutanan pendamping": null, "keterangan": null, "cdk": "CDK III" }, "geometry": { "type": "Point", "coordinates": [ 106.659, -7.196 ] } },
{ "type": "Feature", "properties": { "no": 190, "nama": "M. Dumyati", "nik": 3202351305820001, "usia(tahun)": "44", "alamat": "Kp. Cibeureum RT 5/6 ", "desa": 3202172004, "kecamatan": 3202172, "kabupaten": 3202, "koordinat desa (lat)": -6.928, "koordinat desa (long)": 107.025, "koordinat calon lokasi persemaian (x)": null, "koordinat calon lokasi persemaian (y)": null, "koordinat calon lokasi penanaman (x)": "-6.93668", "koordinat calon lokasi penanaman (y)": "107.0176", "penyuluh kehutanan pendamping": null, "keterangan": null, "cdk": "CDK III" }, "geometry": { "type": "Point", "coordinates": [ 107.025, -6.928 ] } },
{ "type": "Feature", "properties": { "no": 191, "nama": "Misbah", "nik": 3202351707780003, "usia(tahun)": "46", "alamat": "Kp. Cikurutug RT.2/5 ", "desa": 3202172004, "kecamatan": 3202172, "kabupaten": 3202, "koordinat desa (lat)": -6.928, "koordinat desa (long)": 107.025, "koordinat calon lokasi persemaian (x)": null, "koordinat calon lokasi persemaian (y)": null, "koordinat calon lokasi penanaman (x)": "-6.93388", "koordinat calon lokasi penanaman (y)": "107.02517", "penyuluh kehutanan pendamping": null, "keterangan": null, "cdk": "CDK III" }, "geometry": { "type": "Point", "coordinates": [ 107.025, -6.928 ] } },
{ "type": "Feature", "properties": { "no": 192, "nama": "Usep Suryana", "nik": 3202352501690002, "usia(tahun)": "57", "alamat": "Kp. Tugu Rt.1/3 ", "desa": 3202172004, "kecamatan": 3202172, "kabupaten": 3202, "koordinat desa (lat)": -6.928, "koordinat desa (long)": 107.025, "koordinat calon lokasi persemaian (x)": null, "koordinat calon lokasi persemaian (y)": null, "koordinat calon lokasi penanaman (x)": "-693,151", "koordinat calon lokasi penanaman (y)": "107.15225", "penyuluh kehutanan pendamping": null, "keterangan": null, "cdk": "CDK III" }, "geometry": { "type": "Point", "coordinates": [ 107.025, -6.928 ] } },
{ "type": "Feature", "properties": { "no": 193, "nama": "Ahmid", "nik": 3202062306600001, "usia(tahun)": "57", "alamat": "Kp. Neglasari Rt 004/005 ", "desa": 3202280005, "kecamatan": 3202280, "kabupaten": 3202, "koordinat desa (lat)": -6.905, "koordinat desa (long)": 106.642, "koordinat calon lokasi persemaian (x)": null, "koordinat calon lokasi persemaian (y)": null, "koordinat calon lokasi penanaman (x)": "-6.922517", "koordinat calon lokasi penanaman (y)": "106.6495", "penyuluh kehutanan pendamping": null, "keterangan": null, "cdk": "CDK III" }, "geometry": { "type": "Point", "coordinates": [ 106.642, -6.905 ] } },
{ "type": "Feature", "properties": { "no": 194, "nama": "Daman", "nik": 3202060310700001, "usia(tahun)": "55", "alamat": "Kp. Cipetir Rt. 001 RW. 007 ", "desa": 3202280012, "kecamatan": 3202280, "kabupaten": 3202, "koordinat desa (lat)": -6.883, "koordinat desa (long)": 106.579, "koordinat calon lokasi persemaian (x)": null, "koordinat calon lokasi persemaian (y)": null, "koordinat calon lokasi penanaman (x)": "-6.89532", "koordinat calon lokasi penanaman (y)": "106.58015", "penyuluh kehutanan pendamping": null, "keterangan": null, "cdk": "CDK III" }, "geometry": { "type": "Point", "coordinates": [ 106.579, -6.883 ] } },
{ "type": "Feature", "properties": { "no": 195, "nama": "Ade Suhanda", "nik": 3202060603770004, "usia(tahun)": "49", "alamat": "Kp. Cikarang RT. 001 RW. 006 ", "desa": 3202280005, "kecamatan": 3202280, "kabupaten": 3202, "koordinat desa (lat)": -6.905, "koordinat desa (long)": 106.642, "koordinat calon lokasi persemaian (x)": null, "koordinat calon lokasi persemaian (y)": null, "koordinat calon lokasi penanaman (x)": "-6.917702", "koordinat calon lokasi penanaman (y)": "106.64191", "penyuluh kehutanan pendamping": null, "keterangan": null, "cdk": "CDK III" }, "geometry": { "type": "Point", "coordinates": [ 106.642, -6.905 ] } },
{ "type": "Feature", "properties": { "no": 196, "nama": "Dian Ardiansyah", "nik": 3202040502760002, "usia(tahun)": "50", "alamat": "Kp. Mangunjaya RT.002/004 ", "desa": 3202121004, "kecamatan": 3202121, "kabupaten": 3202, "koordinat desa (lat)": -6.961, "koordinat desa (long)": 106.691, "koordinat calon lokasi persemaian (x)": null, "koordinat calon lokasi persemaian (y)": null, "koordinat calon lokasi penanaman (x)": "-6.968389", "koordinat calon lokasi penanaman (y)": "106.69716", "penyuluh kehutanan pendamping": null, "keterangan": null, "cdk": "CDK III" }, "geometry": { "type": "Point", "coordinates": [ 106.691, -6.961 ] } },
{ "type": "Feature", "properties": { "no": 197, "nama": "Yana", "nik": 3202040904800005, "usia(tahun)": "46", "alamat": "Kp. Citugu RT 005/004 ", "desa": 3202121001, "kecamatan": 3202121, "kabupaten": 3202, "koordinat desa (lat)": -7.014, "koordinat desa (long)": 106.663, "koordinat calon lokasi persemaian (x)": null, "koordinat calon lokasi persemaian (y)": null, "koordinat calon lokasi penanaman (x)": "-7.0146", "koordinat calon lokasi penanaman (y)": "106.62931", "penyuluh kehutanan pendamping": null, "keterangan": null, "cdk": "CDK III" }, "geometry": { "type": "Point", "coordinates": [ 106.663, -7.014 ] } },
{ "type": "Feature", "properties": { "no": 198, "nama": "Pahrudin", "nik": 3202041203630006, "usia(tahun)": "63", "alamat": "Kp. Selabuana RT 003/001 ", "desa": 3202121006, "kecamatan": 3202121, "kabupaten": 3202, "koordinat desa (lat)": -6.948, "koordinat desa (long)": 106.666, "koordinat calon lokasi persemaian (x)": null, "koordinat calon lokasi persemaian (y)": null, "koordinat calon lokasi penanaman (x)": "-6.95619", "koordinat calon lokasi penanaman (y)": "106.68145", "penyuluh kehutanan pendamping": null, "keterangan": null, "cdk": "CDK III" }, "geometry": { "type": "Point", "coordinates": [ 106.666, -6.948 ] } },
{ "type": "Feature", "properties": { "no": 199, "nama": "Endang Supriatna", "nik": 3202382802700002, "usia(tahun)": "55", "alamat": "Kp. Cikontrang RT/RW 005/005 ", "desa": 3202131006, "kecamatan": 3202131, "kabupaten": 3202, "koordinat desa (lat)": -7.077, "koordinat desa (long)": 106.899, "koordinat calon lokasi persemaian (x)": null, "koordinat calon lokasi persemaian (y)": null, "koordinat calon lokasi penanaman (x)": "-7.088337", "koordinat calon lokasi penanaman (y)": "106.89331", "penyuluh kehutanan pendamping": null, "keterangan": null, "cdk": "CDK III" }, "geometry": { "type": "Point", "coordinates": [ 106.899, -7.077 ] } },
{ "type": "Feature", "properties": { "no": 200, "nama": "Cecep", "nik": 3202380706770003, "usia(tahun)": "48", "alamat": "Kp. Padaringan RT/RW 009/002 ", "desa": 3202131006, "kecamatan": 3202131, "kabupaten": 3202, "koordinat desa (lat)": -7.077, "koordinat desa (long)": 106.899, "koordinat calon lokasi persemaian (x)": null, "koordinat calon lokasi persemaian (y)": null, "koordinat calon lokasi penanaman (x)": "-7.064724", "koordinat calon lokasi penanaman (y)": "106.89243", "penyuluh kehutanan pendamping": null, "keterangan": null, "cdk": "CDK III" }, "geometry": { "type": "Point", "coordinates": [ 106.899, -7.077 ] } },
{ "type": "Feature", "properties": { "no": 201, "nama": "Enday hidayat", "nik": 3202031209690002, "usia(tahun)": "57", "alamat": "Kp. Cimaja Girang RT 005/003 ", "desa": 3202291001, "kecamatan": 3202291, "kabupaten": 3202, "koordinat desa (lat)": -6.931, "koordinat desa (long)": 106.489, "koordinat calon lokasi persemaian (x)": null, "koordinat calon lokasi persemaian (y)": null, "koordinat calon lokasi penanaman (x)": "-6.94799828", "koordinat calon lokasi penanaman (y)": "106.4858374", "penyuluh kehutanan pendamping": null, "keterangan": null, "cdk": "CDK III" }, "geometry": { "type": "Point", "coordinates": [ 106.489, -6.931 ] } },
{ "type": "Feature", "properties": { "no": 202, "nama": "Dagus Subrata", "nik": 3202012410760005, "usia(tahun)": "50", "alamat": "Kp. Kebontarum ", "desa": 3202110006, "kecamatan": 3202110, "kabupaten": 3202, "koordinat desa (lat)": -6.998, "koordinat desa (long)": 106.551, "koordinat calon lokasi persemaian (x)": null, "koordinat calon lokasi persemaian (y)": null, "koordinat calon lokasi penanaman (x)": "-6.99060633", "koordinat calon lokasi penanaman (y)": "106.5606226", "penyuluh kehutanan pendamping": null, "keterangan": null, "cdk": "CDK III" }, "geometry": { "type": "Point", "coordinates": [ 106.551, -6.998 ] } },
{ "type": "Feature", "properties": { "no": 203, "nama": "Mamat", "nik": 3202050307570002, "usia(tahun)": "59", "alamat": "Kp. Sukarame RT 002/007 ", "desa": 3202290018, "kecamatan": 3202290, "kabupaten": 3202, "koordinat desa (lat)": -6.893, "koordinat desa (long)": 106.484, "koordinat calon lokasi persemaian (x)": null, "koordinat calon lokasi persemaian (y)": null, "koordinat calon lokasi penanaman (x)": "-6.89363119", "koordinat calon lokasi penanaman (y)": "106.487189", "penyuluh kehutanan pendamping": null, "keterangan": null, "cdk": "CDK III" }, "geometry": { "type": "Point", "coordinates": [ 106.484, -6.893 ] } },
{ "type": "Feature", "properties": { "no": 204, "nama": "Ruyandi", "nik": 3202050107870028, "usia(tahun)": "40", "alamat": "Kp. Batununggal 4/4 ", "desa": 3202290013, "kecamatan": 3202290, "kabupaten": 3202, "koordinat desa (lat)": -6.848, "koordinat desa (long)": 106.466, "koordinat calon lokasi persemaian (x)": null, "koordinat calon lokasi persemaian (y)": null, "koordinat calon lokasi penanaman (x)": "-6.83989784", "koordinat calon lokasi penanaman (y)": "106.4461697", "penyuluh kehutanan pendamping": null, "keterangan": null, "cdk": "CDK III" }, "geometry": { "type": "Point", "coordinates": [ 106.466, -6.848 ] } },
{ "type": "Feature", "properties": { "no": 205, "nama": "Hamdan", "nik": 3203200111740004, "usia(tahun)": "50", "alamat": "Kp. Cibatuiuh RT 002 RW 007", "desa": 3203050009, "kecamatan": 3203050, "kabupaten": 3203, "koordinat desa (lat)": -7.343, "koordinat desa (long)": 107.176, "koordinat calon lokasi persemaian (x)": null, "koordinat calon lokasi persemaian (y)": null, "koordinat calon lokasi penanaman (x)": null, "koordinat calon lokasi penanaman (y)": null, "penyuluh kehutanan pendamping": null, "keterangan": null, "cdk": "CDK IV" }, "geometry": { "type": "Point", "coordinates": [ 107.176, -7.343 ] } },
{ "type": "Feature", "properties": { "no": 206, "nama": "Dani Hamdani", "nik": 3203202307730003, "usia(tahun)": "52", "alamat": "Kp. Cisampang RT 002 RW 005", "desa": 3203050009, "kecamatan": 3203050, "kabupaten": 3203, "koordinat desa (lat)": -7.343, "koordinat desa (long)": 107.176, "koordinat calon lokasi persemaian (x)": null, "koordinat calon lokasi persemaian (y)": null, "koordinat calon lokasi penanaman (x)": null, "koordinat calon lokasi penanaman (y)": null, "penyuluh kehutanan pendamping": null, "keterangan": null, "cdk": "CDK IV" }, "geometry": { "type": "Point", "coordinates": [ 107.176, -7.343 ] } },
{ "type": "Feature", "properties": { "no": 207, "nama": "Maksum", "nik": 3203200107640125, "usia(tahun)": "61", "alamat": "Kp. Pasirlaja RT 002 RW 003", "desa": 3203050009, "kecamatan": 3203050, "kabupaten": 3203, "koordinat desa (lat)": -7.343, "koordinat desa (long)": 107.176, "koordinat calon lokasi persemaian (x)": null, "koordinat calon lokasi persemaian (y)": null, "koordinat calon lokasi penanaman (x)": null, "koordinat calon lokasi penanaman (y)": null, "penyuluh kehutanan pendamping": null, "keterangan": null, "cdk": "CDK IV" }, "geometry": { "type": "Point", "coordinates": [ 107.176, -7.343 ] } },
{ "type": "Feature", "properties": { "no": 208, "nama": "Sugina Firmansyah", "nik": 3203170808750005, "usia(tahun)": "51", "alamat": "Kp. Wargaasih RT 001 RW 005", "desa": 3203070019, "kecamatan": 3203070, "kabupaten": 3203, "koordinat desa (lat)": -7.21, "koordinat desa (long)": 107.008, "koordinat calon lokasi persemaian (x)": null, "koordinat calon lokasi persemaian (y)": null, "koordinat calon lokasi penanaman (x)": null, "koordinat calon lokasi penanaman (y)": null, "penyuluh kehutanan pendamping": null, "keterangan": null, "cdk": "CDK IV" }, "geometry": { "type": "Point", "coordinates": [ 107.008, -7.21 ] } },
{ "type": "Feature", "properties": { "no": 209, "nama": "Eman", "nik": 3203170805700008, "usia(tahun)": "55", "alamat": "Kp. Wargaasih RT 001 RW 005", "desa": 3203070019, "kecamatan": 3203070, "kabupaten": 3203, "koordinat desa (lat)": -7.21, "koordinat desa (long)": 107.008, "koordinat calon lokasi persemaian (x)": null, "koordinat calon lokasi persemaian (y)": null, "koordinat calon lokasi penanaman (x)": null, "koordinat calon lokasi penanaman (y)": null, "penyuluh kehutanan pendamping": null, "keterangan": null, "cdk": "CDK IV" }, "geometry": { "type": "Point", "coordinates": [ 107.008, -7.21 ] } },
{ "type": "Feature", "properties": { "no": 210, "nama": "Juanda", "nik": 3203171210650006, "usia(tahun)": "60", "alamat": "Kp. Citemen RT 001 RW 006 ", "desa": 3203070019, "kecamatan": 3203070, "kabupaten": 3203, "koordinat desa (lat)": -7.21, "koordinat desa (long)": 107.008, "koordinat calon lokasi persemaian (x)": null, "koordinat calon lokasi persemaian (y)": null, "koordinat calon lokasi penanaman (x)": null, "koordinat calon lokasi penanaman (y)": null, "penyuluh kehutanan pendamping": null, "keterangan": null, "cdk": "CDK IV" }, "geometry": { "type": "Point", "coordinates": [ 107.008, -7.21 ] } },
{ "type": "Feature", "properties": { "no": 211, "nama": "Andi", "nik": 3203260303750004, "usia(tahun)": "50", "alamat": "Kp. Koleberes Blok A RT 002 RW 008", "desa": 3203051004, "kecamatan": 3203051, "kabupaten": 3203, "koordinat desa (lat)": -7.337, "koordinat desa (long)": 107.253, "koordinat calon lokasi persemaian (x)": null, "koordinat calon lokasi persemaian (y)": null, "koordinat calon lokasi penanaman (x)": null, "koordinat calon lokasi penanaman (y)": null, "penyuluh kehutanan pendamping": null, "keterangan": null, "cdk": "CDK IV" }, "geometry": { "type": "Point", "coordinates": [ 107.253, -7.337 ] } },
{ "type": "Feature", "properties": { "no": 212, "nama": "Aji", "nik": 3203260607820010, "usia(tahun)": "43", "alamat": "Kp. Camaul Blok A RT 001 RW 010", "desa": 3203051004, "kecamatan": 3203051, "kabupaten": 3203, "koordinat desa (lat)": -7.337, "koordinat desa (long)": 107.253, "koordinat calon lokasi persemaian (x)": null, "koordinat calon lokasi persemaian (y)": null, "koordinat calon lokasi penanaman (x)": null, "koordinat calon lokasi penanaman (y)": null, "penyuluh kehutanan pendamping": null, "keterangan": null, "cdk": "CDK IV" }, "geometry": { "type": "Point", "coordinates": [ 107.253, -7.337 ] } },
{ "type": "Feature", "properties": { "no": 213, "nama": "Aman", "nik": 3203260410760002, "usia(tahun)": "49", "alamat": "Kp. Culamega RT 001 RW 003", "desa": 3203051004, "kecamatan": 3203051, "kabupaten": 3203, "koordinat desa (lat)": -7.337, "koordinat desa (long)": 107.253, "koordinat calon lokasi persemaian (x)": null, "koordinat calon lokasi persemaian (y)": null, "koordinat calon lokasi penanaman (x)": null, "koordinat calon lokasi penanaman (y)": null, "penyuluh kehutanan pendamping": null, "keterangan": null, "cdk": "CDK IV" }, "geometry": { "type": "Point", "coordinates": [ 107.253, -7.337 ] } },
{ "type": "Feature", "properties": { "no": 214, "nama": "Dedi Supriadi", "nik": 3203100203670008, "usia(tahun)": "58", "alamat": "Kp Pacet Babakan RT 002 RW 007", "desa": 3203220003, "kecamatan": 3203220, "kabupaten": 3203, "koordinat desa (lat)": -6.757, "koordinat desa (long)": 107.028, "koordinat calon lokasi persemaian (x)": null, "koordinat calon lokasi persemaian (y)": null, "koordinat calon lokasi penanaman (x)": null, "koordinat calon lokasi penanaman (y)": null, "penyuluh kehutanan pendamping": null, "keterangan": null, "cdk": "CDK IV" }, "geometry": { "type": "Point", "coordinates": [ 107.028, -6.757 ] } },
{ "type": "Feature", "properties": { "no": 215, "nama": "A. Pudin", "nik": 3203132211660008, "usia(tahun)": "59", "alamat": "Kp. Simpang RT 001 RW 008", "desa": 3203230002, "kecamatan": 3203230, "kabupaten": 3203, "koordinat desa (lat)": -6.737, "koordinat desa (long)": 107.097, "koordinat calon lokasi persemaian (x)": null, "koordinat calon lokasi persemaian (y)": null, "koordinat calon lokasi penanaman (x)": null, "koordinat calon lokasi penanaman (y)": null, "penyuluh kehutanan pendamping": null, "keterangan": null, "cdk": "CDK IV" }, "geometry": { "type": "Point", "coordinates": [ 107.097, -6.737 ] } },
{ "type": "Feature", "properties": { "no": 216, "nama": "Agus", "nik": 3203131708750007, "usia(tahun)": "50", "alamat": "Kp Surupan RT 001 RW 007", "desa": 3203230003, "kecamatan": 3203230, "kabupaten": 3203, "koordinat desa (lat)": -6.732, "koordinat desa (long)": 107.128, "koordinat calon lokasi persemaian (x)": null, "koordinat calon lokasi persemaian (y)": null, "koordinat calon lokasi penanaman (x)": null, "koordinat calon lokasi penanaman (y)": null, "penyuluh kehutanan pendamping": null, "keterangan": null, "cdk": "CDK IV" }, "geometry": { "type": "Point", "coordinates": [ 107.128, -6.732 ] } },
{ "type": "Feature", "properties": { "no": 217, "nama": "Adi Wihayat", "nik": 3203312406760001, "usia(tahun)": "47", "alamat": "Kp. Salakopi RT 003 RW 012", "desa": 3203161004, "kecamatan": 3203161, "kabupaten": 3203, "koordinat desa (lat)": -6.832, "koordinat desa (long)": 107.313, "koordinat calon lokasi persemaian (x)": null, "koordinat calon lokasi persemaian (y)": null, "koordinat calon lokasi penanaman (x)": null, "koordinat calon lokasi penanaman (y)": null, "penyuluh kehutanan pendamping": null, "keterangan": null, "cdk": "CDK IV" }, "geometry": { "type": "Point", "coordinates": [ 107.313, -6.832 ] } },
{ "type": "Feature", "properties": { "no": 218, "nama": "Rijwan Gunawan", "nik": 3203311607790001, "usia(tahun)": "47", "alamat": "Kp. Salakopi RT 004 RW 012", "desa": 3203161004, "kecamatan": 3203161, "kabupaten": 3203, "koordinat desa (lat)": -6.832, "koordinat desa (long)": 107.313, "koordinat calon lokasi persemaian (x)": null, "koordinat calon lokasi persemaian (y)": null, "koordinat calon lokasi penanaman (x)": null, "koordinat calon lokasi penanaman (y)": null, "penyuluh kehutanan pendamping": null, "keterangan": null, "cdk": "CDK IV" }, "geometry": { "type": "Point", "coordinates": [ 107.313, -6.832 ] } },
{ "type": "Feature", "properties": { "no": 219, "nama": "Riswanto", "nik": 3203312607850001, "usia(tahun)": "41", "alamat": "Kp. Salakopi RT 001 RW 012", "desa": 3203161004, "kecamatan": 3203161, "kabupaten": 3203, "koordinat desa (lat)": -6.832, "koordinat desa (long)": 107.313, "koordinat calon lokasi persemaian (x)": null, "koordinat calon lokasi persemaian (y)": null, "koordinat calon lokasi penanaman (x)": null, "koordinat calon lokasi penanaman (y)": null, "penyuluh kehutanan pendamping": null, "keterangan": null, "cdk": "CDK IV" }, "geometry": { "type": "Point", "coordinates": [ 107.313, -6.832 ] } },
{ "type": "Feature", "properties": { "no": 220, "nama": "Abdulloh", "nik": 3203240408760007, "usia(tahun)": "49", "alamat": "Kp. Garunggang RT 002 RW 011", "desa": 3203040007, "kecamatan": 3203040, "kabupaten": 3203, "koordinat desa (lat)": -7.34, "koordinat desa (long)": 107.331, "koordinat calon lokasi persemaian (x)": null, "koordinat calon lokasi persemaian (y)": null, "koordinat calon lokasi penanaman (x)": null, "koordinat calon lokasi penanaman (y)": null, "penyuluh kehutanan pendamping": null, "keterangan": null, "cdk": "CDK IV" }, "geometry": { "type": "Point", "coordinates": [ 107.331, -7.34 ] } },
{ "type": "Feature", "properties": { "no": 221, "nama": "Rustandi", "nik": 3203240610780003, "usia(tahun)": "47", "alamat": "Kp. Limus Piit RT 014 RW 007", "desa": 3203040001, "kecamatan": 3203040, "kabupaten": 3203, "koordinat desa (lat)": -7.411, "koordinat desa (long)": 107.274, "koordinat calon lokasi persemaian (x)": null, "koordinat calon lokasi persemaian (y)": null, "koordinat calon lokasi penanaman (x)": null, "koordinat calon lokasi penanaman (y)": null, "penyuluh kehutanan pendamping": null, "keterangan": null, "cdk": "CDK IV" }, "geometry": { "type": "Point", "coordinates": [ 107.274, -7.411 ] } },
{ "type": "Feature", "properties": { "no": 222, "nama": "Jahrun Suhendi", "nik": 3203240204700008, "usia(tahun)": "55", "alamat": "Kp. Cipeuteuy RT 015 RW 001", "desa": 3203040001, "kecamatan": 3203040, "kabupaten": 3203, "koordinat desa (lat)": -7.411, "koordinat desa (long)": 107.274, "koordinat calon lokasi persemaian (x)": null, "koordinat calon lokasi persemaian (y)": null, "koordinat calon lokasi penanaman (x)": null, "koordinat calon lokasi penanaman (y)": null, "penyuluh kehutanan pendamping": null, "keterangan": null, "cdk": "CDK IV" }, "geometry": { "type": "Point", "coordinates": [ 107.274, -7.411 ] } },
{ "type": "Feature", "properties": { "no": 223, "nama": "Suhendar", "nik": 3203230409770003, "usia(tahun)": "48", "alamat": "Kp. Cipanglay RT 006 RW 002", "desa": 3203030006, "kecamatan": 3203030, "kabupaten": 3203, "koordinat desa (lat)": -7.486, "koordinat desa (long)": 107.372, "koordinat calon lokasi persemaian (x)": null, "koordinat calon lokasi persemaian (y)": null, "koordinat calon lokasi penanaman (x)": null, "koordinat calon lokasi penanaman (y)": null, "penyuluh kehutanan pendamping": null, "keterangan": null, "cdk": "CDK IV" }, "geometry": { "type": "Point", "coordinates": [ 107.372, -7.486 ] } },
{ "type": "Feature", "properties": { "no": 224, "nama": "M. Sunandar", "nik": 3203230707770014, "usia(tahun)": "48", "alamat": "Kp. Sukamulya RT 003 RW 004", "desa": 3203030005, "kecamatan": 3203030, "kabupaten": 3203, "koordinat desa (lat)": -7.467, "koordinat desa (long)": 107.327, "koordinat calon lokasi persemaian (x)": null, "koordinat calon lokasi persemaian (y)": null, "koordinat calon lokasi penanaman (x)": null, "koordinat calon lokasi penanaman (y)": null, "penyuluh kehutanan pendamping": null, "keterangan": null, "cdk": "CDK IV" }, "geometry": { "type": "Point", "coordinates": [ 107.327, -7.467 ] } },
{ "type": "Feature", "properties": { "no": 225, "nama": "Tadin Suhendar", "nik": 3203230103640006, "usia(tahun)": "61", "alamat": "Kp. Cimindi RT 001 RW 007", "desa": 3203030007, "kecamatan": 3203030, "kabupaten": 3203, "koordinat desa (lat)": -7.474, "koordinat desa (long)": 107.404, "koordinat calon lokasi persemaian (x)": null, "koordinat calon lokasi persemaian (y)": null, "koordinat calon lokasi penanaman (x)": null, "koordinat calon lokasi penanaman (y)": null, "penyuluh kehutanan pendamping": null, "keterangan": null, "cdk": "CDK IV" }, "geometry": { "type": "Point", "coordinates": [ 107.404, -7.474 ] } },
{ "type": "Feature", "properties": { "no": 226, "nama": "Adeng Koswara", "nik": 3203151809700003, "usia(tahun)": "55", "alamat": "Kp. Gelaranyar RT 001 RW 004", "desa": 3203110002, "kecamatan": 3203110, "kabupaten": 3203, "koordinat desa (lat)": -7.002, "koordinat desa (long)": 107.108, "koordinat calon lokasi persemaian (x)": null, "koordinat calon lokasi persemaian (y)": null, "koordinat calon lokasi penanaman (x)": null, "koordinat calon lokasi penanaman (y)": null, "penyuluh kehutanan pendamping": null, "keterangan": null, "cdk": "CDK IV" }, "geometry": { "type": "Point", "coordinates": [ 107.108, -7.002 ] } },
{ "type": "Feature", "properties": { "no": 227, "nama": "Maman S", "nik": 3203150206600003, "usia(tahun)": "65", "alamat": "Kp. Ciherang RT 003 RW 002 ", "desa": 3203110002, "kecamatan": 3203110, "kabupaten": 3203, "koordinat desa (lat)": -7.002, "koordinat desa (long)": 107.108, "koordinat calon lokasi persemaian (x)": null, "koordinat calon lokasi persemaian (y)": null, "koordinat calon lokasi penanaman (x)": null, "koordinat calon lokasi penanaman (y)": null, "penyuluh kehutanan pendamping": null, "keterangan": null, "cdk": "CDK IV" }, "geometry": { "type": "Point", "coordinates": [ 107.108, -7.002 ] } },
{ "type": "Feature", "properties": { "no": 228, "nama": "Yudi", "nik": 3203150811810002, "usia(tahun)": "44", "alamat": "Kp. Parabon RT 002 RW 004", "desa": 3203110002, "kecamatan": 3203110, "kabupaten": 3203, "koordinat desa (lat)": -7.002, "koordinat desa (long)": 107.108, "koordinat calon lokasi persemaian (x)": null, "koordinat calon lokasi persemaian (y)": null, "koordinat calon lokasi penanaman (x)": null, "koordinat calon lokasi penanaman (y)": null, "penyuluh kehutanan pendamping": null, "keterangan": null, "cdk": "CDK IV" }, "geometry": { "type": "Point", "coordinates": [ 107.108, -7.002 ] } },
{ "type": "Feature", "properties": { "no": 229, "nama": "Handriana", "nik": 3217032606860006, "usia(tahun)": "40", "alamat": "Kp. Pasarkuning RT 014 RW 011", "desa": 3217130006, "kecamatan": 3217130, "kabupaten": 3217, "koordinat desa (lat)": -6.795, "koordinat desa (long)": 107.537, "koordinat calon lokasi persemaian (x)": null, "koordinat calon lokasi persemaian (y)": null, "koordinat calon lokasi penanaman (x)": null, "koordinat calon lokasi penanaman (y)": null, "penyuluh kehutanan pendamping": null, "keterangan": null, "cdk": "CDK IV" }, "geometry": { "type": "Point", "coordinates": [ 107.537, -6.795 ] } },
{ "type": "Feature", "properties": { "no": 230, "nama": "Roni", "nik": 3217032005780006, "usia(tahun)": "48", "alamat": "Kp. Pasarkuning RT 014 RW 011", "desa": 3217130006, "kecamatan": 3217130, "kabupaten": 3217, "koordinat desa (lat)": -6.795, "koordinat desa (long)": 107.537, "koordinat calon lokasi persemaian (x)": null, "koordinat calon lokasi persemaian (y)": null, "koordinat calon lokasi penanaman (x)": null, "koordinat calon lokasi penanaman (y)": null, "penyuluh kehutanan pendamping": null, "keterangan": null, "cdk": "CDK IV" }, "geometry": { "type": "Point", "coordinates": [ 107.537, -6.795 ] } },
{ "type": "Feature", "properties": { "no": 231, "nama": "Lili", "nik": 3217032702780006, "usia(tahun)": "48", "alamat": "Kp. Pasarkuning RT 014 RW 011", "desa": 3217130006, "kecamatan": 3217130, "kabupaten": 3217, "koordinat desa (lat)": -6.795, "koordinat desa (long)": 107.537, "koordinat calon lokasi persemaian (x)": null, "koordinat calon lokasi persemaian (y)": null, "koordinat calon lokasi penanaman (x)": null, "koordinat calon lokasi penanaman (y)": null, "penyuluh kehutanan pendamping": null, "keterangan": null, "cdk": "CDK IV" }, "geometry": { "type": "Point", "coordinates": [ 107.537, -6.795 ] } },
{ "type": "Feature", "properties": { "no": 232, "nama": "Encep Nurdin", "nik": 3217032006710004, "usia(tahun)": "55", "alamat": "Kp. Pasirkuda RT 001 RW 011", "desa": 3217130006, "kecamatan": 3217130, "kabupaten": 3217, "koordinat desa (lat)": -6.795, "koordinat desa (long)": 107.537, "koordinat calon lokasi persemaian (x)": null, "koordinat calon lokasi persemaian (y)": null, "koordinat calon lokasi penanaman (x)": null, "koordinat calon lokasi penanaman (y)": null, "penyuluh kehutanan pendamping": null, "keterangan": null, "cdk": "CDK IV" }, "geometry": { "type": "Point", "coordinates": [ 107.537, -6.795 ] } },
{ "type": "Feature", "properties": { "no": 233, "nama": "Trisna Antoni", "nik": 3217080202770036, "usia(tahun)": "49", "alamat": "Kp. Pasirkuda RT 001 RW 011", "desa": 3217130006, "kecamatan": 3217130, "kabupaten": 3217, "koordinat desa (lat)": -6.795, "koordinat desa (long)": 107.537, "koordinat calon lokasi persemaian (x)": null, "koordinat calon lokasi persemaian (y)": null, "koordinat calon lokasi penanaman (x)": null, "koordinat calon lokasi penanaman (y)": null, "penyuluh kehutanan pendamping": null, "keterangan": null, "cdk": "CDK IV" }, "geometry": { "type": "Point", "coordinates": [ 107.537, -6.795 ] } },
{ "type": "Feature", "properties": { "no": 234, "nama": "Jajang", "nik": 3217031203650016, "usia(tahun)": "61", "alamat": "Kp. Pasirkuda RT 001 RW 011", "desa": 3217130006, "kecamatan": 3217130, "kabupaten": 3217, "koordinat desa (lat)": -6.795, "koordinat desa (long)": 107.537, "koordinat calon lokasi persemaian (x)": null, "koordinat calon lokasi persemaian (y)": null, "koordinat calon lokasi penanaman (x)": null, "koordinat calon lokasi penanaman (y)": null, "penyuluh kehutanan pendamping": null, "keterangan": null, "cdk": "CDK IV" }, "geometry": { "type": "Point", "coordinates": [ 107.537, -6.795 ] } },
{ "type": "Feature", "properties": { "no": 235, "nama": "Rusmana", "nik": 3217032510790001, "usia(tahun)": "47", "alamat": "Kp. Babakan RT 004 RW 011", "desa": 3217130006, "kecamatan": 3217130, "kabupaten": 3217, "koordinat desa (lat)": -6.795, "koordinat desa (long)": 107.537, "koordinat calon lokasi persemaian (x)": null, "koordinat calon lokasi persemaian (y)": null, "koordinat calon lokasi penanaman (x)": null, "koordinat calon lokasi penanaman (y)": null, "penyuluh kehutanan pendamping": null, "keterangan": null, "cdk": "CDK IV" }, "geometry": { "type": "Point", "coordinates": [ 107.537, -6.795 ] } },
{ "type": "Feature", "properties": { "no": 236, "nama": "Uso", "nik": 3217030212680003, "usia(tahun)": "58", "alamat": "Kp. Babakan RT 005 RW 011", "desa": 3217130006, "kecamatan": 3217130, "kabupaten": 3217, "koordinat desa (lat)": -6.795, "koordinat desa (long)": 107.537, "koordinat calon lokasi persemaian (x)": null, "koordinat calon lokasi persemaian (y)": null, "koordinat calon lokasi penanaman (x)": null, "koordinat calon lokasi penanaman (y)": null, "penyuluh kehutanan pendamping": null, "keterangan": null, "cdk": "CDK IV" }, "geometry": { "type": "Point", "coordinates": [ 107.537, -6.795 ] } },
{ "type": "Feature", "properties": { "no": 237, "nama": "Dayat", "nik": 3217030911770006, "usia(tahun)": "58", "alamat": "Kp. Babakan RT 005 RW 011", "desa": 3217130006, "kecamatan": 3217130, "kabupaten": 3217, "koordinat desa (lat)": -6.795, "koordinat desa (long)": 107.537, "koordinat calon lokasi persemaian (x)": null, "koordinat calon lokasi persemaian (y)": null, "koordinat calon lokasi penanaman (x)": null, "koordinat calon lokasi penanaman (y)": null, "penyuluh kehutanan pendamping": null, "keterangan": null, "cdk": "CDK IV" }, "geometry": { "type": "Point", "coordinates": [ 107.537, -6.795 ] } },
{ "type": "Feature", "properties": { "no": 238, "nama": "Acep Saepuloh", "nik": 3217032709820010, "usia(tahun)": "44", "alamat": "Kp. Babakan RT 005 RW 011", "desa": 3217130006, "kecamatan": 3217130, "kabupaten": 3217, "koordinat desa (lat)": -6.795, "koordinat desa (long)": 107.537, "koordinat calon lokasi persemaian (x)": null, "koordinat calon lokasi persemaian (y)": null, "koordinat calon lokasi penanaman (x)": null, "koordinat calon lokasi penanaman (y)": null, "penyuluh kehutanan pendamping": null, "keterangan": null, "cdk": "CDK IV" }, "geometry": { "type": "Point", "coordinates": [ 107.537, -6.795 ] } },
{ "type": "Feature", "properties": { "no": 239, "nama": "Carman", "nik": 3217030711620003, "usia(tahun)": "64", "alamat": "Kp. Pasirkuning, RT 002 RW 012", "desa": 3217130006, "kecamatan": 3217130, "kabupaten": 3217, "koordinat desa (lat)": -6.795, "koordinat desa (long)": 107.537, "koordinat calon lokasi persemaian (x)": null, "koordinat calon lokasi persemaian (y)": null, "koordinat calon lokasi penanaman (x)": null, "koordinat calon lokasi penanaman (y)": null, "penyuluh kehutanan pendamping": null, "keterangan": null, "cdk": "CDK IV" }, "geometry": { "type": "Point", "coordinates": [ 107.537, -6.795 ] } },
{ "type": "Feature", "properties": { "no": 240, "nama": "Ade", "nik": 3217031512630003, "usia(tahun)": "64", "alamat": "Kp. Pasirkuning, RT 005 RW 011", "desa": 3217130006, "kecamatan": 3217130, "kabupaten": 3217, "koordinat desa (lat)": -6.795, "koordinat desa (long)": 107.537, "koordinat calon lokasi persemaian (x)": null, "koordinat calon lokasi persemaian (y)": null, "koordinat calon lokasi penanaman (x)": null, "koordinat calon lokasi penanaman (y)": null, "penyuluh kehutanan pendamping": null, "keterangan": null, "cdk": "CDK IV" }, "geometry": { "type": "Point", "coordinates": [ 107.537, -6.795 ] } },
{ "type": "Feature", "properties": { "no": 241, "nama": "Nandang Kosim", "nik": 3217010310740007, "usia(tahun)": "54", "alamat": "Kp. Binong RT 001 RW 011", "desa": 3217120016, "kecamatan": 3217120, "kabupaten": 3217, "koordinat desa (lat)": -6.815, "koordinat desa (long)": 107.706, "koordinat calon lokasi persemaian (x)": null, "koordinat calon lokasi persemaian (y)": null, "koordinat calon lokasi penanaman (x)": null, "koordinat calon lokasi penanaman (y)": null, "penyuluh kehutanan pendamping": null, "keterangan": null, "cdk": "CDK IV" }, "geometry": { "type": "Point", "coordinates": [ 107.706, -6.815 ] } },
{ "type": "Feature", "properties": { "no": 242, "nama": "Agus Sungkawa", "nik": 3217010108730023, "usia(tahun)": "52", "alamat": "Kp.Binong RT 003 RW 011", "desa": 3217120016, "kecamatan": 3217120, "kabupaten": 3217, "koordinat desa (lat)": -6.815, "koordinat desa (long)": 107.706, "koordinat calon lokasi persemaian (x)": null, "koordinat calon lokasi persemaian (y)": null, "koordinat calon lokasi penanaman (x)": null, "koordinat calon lokasi penanaman (y)": null, "penyuluh kehutanan pendamping": null, "keterangan": null, "cdk": "CDK IV" }, "geometry": { "type": "Point", "coordinates": [ 107.706, -6.815 ] } },
{ "type": "Feature", "properties": { "no": 243, "nama": "Cecep Dodi", "nik": 3217101707750009, "usia(tahun)": "51", "alamat": "Kp Pasir Angling RT 001 RW 007", "desa": 3217120016, "kecamatan": 3217120, "kabupaten": 3217, "koordinat desa (lat)": -6.815, "koordinat desa (long)": 107.706, "koordinat calon lokasi persemaian (x)": null, "koordinat calon lokasi persemaian (y)": null, "koordinat calon lokasi penanaman (x)": null, "koordinat calon lokasi penanaman (y)": null, "penyuluh kehutanan pendamping": null, "keterangan": null, "cdk": "CDK IV" }, "geometry": { "type": "Point", "coordinates": [ 107.706, -6.815 ] } },
{ "type": "Feature", "properties": { "no": 244, "nama": "Andi", "nik": 3217011805720005, "usia(tahun)": "53", "alamat": "Kp. Cikareumbi RT 005 RW 004", "desa": 3217120013, "kecamatan": 3217120, "kabupaten": 3217, "koordinat desa (lat)": -6.792, "koordinat desa (long)": 107.662, "koordinat calon lokasi persemaian (x)": null, "koordinat calon lokasi persemaian (y)": null, "koordinat calon lokasi penanaman (x)": null, "koordinat calon lokasi penanaman (y)": null, "penyuluh kehutanan pendamping": null, "keterangan": null, "cdk": "CDK IV" }, "geometry": { "type": "Point", "coordinates": [ 107.662, -6.792 ] } },
{ "type": "Feature", "properties": { "no": 245, "nama": "Oneng Sopandi", "nik": 3217010607830019, "usia(tahun)": "43", "alamat": "Kp. Cikareumbi RT 001 RW 007", "desa": 3217120013, "kecamatan": 3217120, "kabupaten": 3217, "koordinat desa (lat)": -6.792, "koordinat desa (long)": 107.662, "koordinat calon lokasi persemaian (x)": null, "koordinat calon lokasi persemaian (y)": null, "koordinat calon lokasi penanaman (x)": null, "koordinat calon lokasi penanaman (y)": null, "penyuluh kehutanan pendamping": null, "keterangan": null, "cdk": "CDK IV" }, "geometry": { "type": "Point", "coordinates": [ 107.662, -6.792 ] } },
{ "type": "Feature", "properties": { "no": 246, "nama": "Pepen Ependi", "nik": 3217011902840006, "usia(tahun)": "42", "alamat": "Kp. Cikareumbi RT 006 RW 007", "desa": 3217120013, "kecamatan": 3217120, "kabupaten": 3217, "koordinat desa (lat)": -6.792, "koordinat desa (long)": 107.662, "koordinat calon lokasi persemaian (x)": null, "koordinat calon lokasi persemaian (y)": null, "koordinat calon lokasi penanaman (x)": null, "koordinat calon lokasi penanaman (y)": null, "penyuluh kehutanan pendamping": null, "keterangan": null, "cdk": "CDK IV" }, "geometry": { "type": "Point", "coordinates": [ 107.662, -6.792 ] } },
{ "type": "Feature", "properties": { "no": 247, "nama": "Sigit Kamseno", "nik": 3217011504810023, "usia(tahun)": "45", "alamat": "Kp.Cibodas RT 005 RW 001", "desa": 3217120008, "kecamatan": 3217120, "kabupaten": 3217, "koordinat desa (lat)": -6.792, "koordinat desa (long)": 107.609, "koordinat calon lokasi persemaian (x)": null, "koordinat calon lokasi persemaian (y)": null, "koordinat calon lokasi penanaman (x)": null, "koordinat calon lokasi penanaman (y)": null, "penyuluh kehutanan pendamping": null, "keterangan": null, "cdk": "CDK IV" }, "geometry": { "type": "Point", "coordinates": [ 107.609, -6.792 ] } },
{ "type": "Feature", "properties": { "no": 248, "nama": "Dadang Rohimat", "nik": 3217010802730006, "usia(tahun)": "53", "alamat": "Kp.Manoko RT 002 RW 003 ", "desa": 3217120008, "kecamatan": 3217120, "kabupaten": 3217, "koordinat desa (lat)": -6.792, "koordinat desa (long)": 107.609, "koordinat calon lokasi persemaian (x)": null, "koordinat calon lokasi persemaian (y)": null, "koordinat calon lokasi penanaman (x)": null, "koordinat calon lokasi penanaman (y)": null, "penyuluh kehutanan pendamping": null, "keterangan": null, "cdk": "CDK IV" }, "geometry": { "type": "Point", "coordinates": [ 107.609, -6.792 ] } },
{ "type": "Feature", "properties": { "no": 249, "nama": "Gun Gun Zulkarnaen", "nik": 3217012701720009, "usia(tahun)": "55", "alamat": "Jl.Kolonel Masturi kp.Karamat 58 RT 003 RW 006", "desa": 3217120008, "kecamatan": 3217120, "kabupaten": 3217, "koordinat desa (lat)": -6.792, "koordinat desa (long)": 107.609, "koordinat calon lokasi persemaian (x)": null, "koordinat calon lokasi persemaian (y)": null, "koordinat calon lokasi penanaman (x)": null, "koordinat calon lokasi penanaman (y)": null, "penyuluh kehutanan pendamping": null, "keterangan": null, "cdk": "CDK IV" }, "geometry": { "type": "Point", "coordinates": [ 107.609, -6.792 ] } },
{ "type": "Feature", "properties": { "no": 250, "nama": "Idon", "nik": 3217010505730047, "usia(tahun)": "53", "alamat": "Kp. Cibeureum RT 003  RW 002", "desa": 3217120014, "kecamatan": 3217120, "kabupaten": 3217, "koordinat desa (lat)": -6.809, "koordinat desa (long)": 107.672, "koordinat calon lokasi persemaian (x)": null, "koordinat calon lokasi persemaian (y)": null, "koordinat calon lokasi penanaman (x)": null, "koordinat calon lokasi penanaman (y)": null, "penyuluh kehutanan pendamping": null, "keterangan": null, "cdk": "CDK IV" }, "geometry": { "type": "Point", "coordinates": [ 107.672, -6.809 ] } },
{ "type": "Feature", "properties": { "no": 251, "nama": "Asid Rasidi", "nik": 3217012008680004, "usia(tahun)": "56", "alamat": "Kp. Cibeureum RT 004 RW 001", "desa": 3217120014, "kecamatan": 3217120, "kabupaten": 3217, "koordinat desa (lat)": -6.809, "koordinat desa (long)": 107.672, "koordinat calon lokasi persemaian (x)": null, "koordinat calon lokasi persemaian (y)": null, "koordinat calon lokasi penanaman (x)": null, "koordinat calon lokasi penanaman (y)": null, "penyuluh kehutanan pendamping": null, "keterangan": null, "cdk": "CDK IV" }, "geometry": { "type": "Point", "coordinates": [ 107.672, -6.809 ] } },
{ "type": "Feature", "properties": { "no": 252, "nama": "Ade Gandi", "nik": 3217010101700281, "usia(tahun)": "56", "alamat": "Kp. Cibeureum RT 001 RW 002", "desa": 3217120014, "kecamatan": 3217120, "kabupaten": 3217, "koordinat desa (lat)": -6.809, "koordinat desa (long)": 107.672, "koordinat calon lokasi persemaian (x)": null, "koordinat calon lokasi persemaian (y)": null, "koordinat calon lokasi penanaman (x)": null, "koordinat calon lokasi penanaman (y)": null, "penyuluh kehutanan pendamping": null, "keterangan": null, "cdk": "CDK IV" }, "geometry": { "type": "Point", "coordinates": [ 107.672, -6.809 ] } },
{ "type": "Feature", "properties": { "no": 253, "nama": "Rohman", "nik": 3217010101691004, "usia(tahun)": "57", "alamat": "Kp. Ciburial RT 002 RW 001", "desa": 3217120011, "kecamatan": 3217120, "kabupaten": 3217, "koordinat desa (lat)": -6.808, "koordinat desa (long)": 107.638, "koordinat calon lokasi persemaian (x)": null, "koordinat calon lokasi persemaian (y)": null, "koordinat calon lokasi penanaman (x)": null, "koordinat calon lokasi penanaman (y)": null, "penyuluh kehutanan pendamping": null, "keterangan": null, "cdk": "CDK IV" }, "geometry": { "type": "Point", "coordinates": [ 107.638, -6.808 ] } },
{ "type": "Feature", "properties": { "no": 254, "nama": "Tasah", "nik": 3217010101770043, "usia(tahun)": "40", "alamat": "Kp. Cilumber RT 003 RW 009", "desa": 3217120011, "kecamatan": 3217120, "kabupaten": 3217, "koordinat desa (lat)": -6.808, "koordinat desa (long)": 107.638, "koordinat calon lokasi persemaian (x)": null, "koordinat calon lokasi persemaian (y)": null, "koordinat calon lokasi penanaman (x)": null, "koordinat calon lokasi penanaman (y)": null, "penyuluh kehutanan pendamping": null, "keterangan": null, "cdk": "CDK IV" }, "geometry": { "type": "Point", "coordinates": [ 107.638, -6.808 ] } },
{ "type": "Feature", "properties": { "no": 255, "nama": "Sholeh Sholihin", "nik": 3217011504761001, "usia(tahun)": "49", "alamat": "Kp. Cilumber RT 002 RW 009", "desa": 3217120011, "kecamatan": 3217120, "kabupaten": 3217, "koordinat desa (lat)": -6.808, "koordinat desa (long)": 107.638, "koordinat calon lokasi persemaian (x)": null, "koordinat calon lokasi persemaian (y)": null, "koordinat calon lokasi penanaman (x)": null, "koordinat calon lokasi penanaman (y)": null, "penyuluh kehutanan pendamping": null, "keterangan": null, "cdk": "CDK IV" }, "geometry": { "type": "Point", "coordinates": [ 107.638, -6.808 ] } },
{ "type": "Feature", "properties": { "no": 256, "nama": "Ayi Nandang", "nik": 3217030506740012, "usia(tahun)": "52", "alamat": "Kp. Nyalindung RT 004 RW 010", "desa": 3217130005, "kecamatan": 3217130, "kabupaten": 3217, "koordinat desa (lat)": -6.798, "koordinat desa (long)": 107.552, "koordinat calon lokasi persemaian (x)": null, "koordinat calon lokasi persemaian (y)": null, "koordinat calon lokasi penanaman (x)": null, "koordinat calon lokasi penanaman (y)": null, "penyuluh kehutanan pendamping": null, "keterangan": null, "cdk": "CDK IV" }, "geometry": { "type": "Point", "coordinates": [ 107.552, -6.798 ] } },
{ "type": "Feature", "properties": { "no": 257, "nama": "Ade Rahmat", "nik": 3217031808730012, "usia(tahun)": "53", "alamat": "Kp. Tugu V RT 002  RW 011", "desa": 3217130005, "kecamatan": 3217130, "kabupaten": 3217, "koordinat desa (lat)": -6.798, "koordinat desa (long)": 107.552, "koordinat calon lokasi persemaian (x)": null, "koordinat calon lokasi persemaian (y)": null, "koordinat calon lokasi penanaman (x)": null, "koordinat calon lokasi penanaman (y)": null, "penyuluh kehutanan pendamping": null, "keterangan": null, "cdk": "CDK IV" }, "geometry": { "type": "Point", "coordinates": [ 107.552, -6.798 ] } },
{ "type": "Feature", "properties": { "no": 258, "nama": "Ajat Sutarman", "nik": 3217031202720006, "usia(tahun)": "54", "alamat": "Kp. Tugu V RT 002  RW 011", "desa": 3217130005, "kecamatan": 3217130, "kabupaten": 3217, "koordinat desa (lat)": -6.798, "koordinat desa (long)": 107.552, "koordinat calon lokasi persemaian (x)": null, "koordinat calon lokasi persemaian (y)": null, "koordinat calon lokasi penanaman (x)": null, "koordinat calon lokasi penanaman (y)": null, "penyuluh kehutanan pendamping": null, "keterangan": null, "cdk": "CDK IV" }, "geometry": { "type": "Point", "coordinates": [ 107.552, -6.798 ] } },
{ "type": "Feature", "properties": { "no": 259, "nama": "Iden Andi Gustara", "nik": 3217030408710004, "usia(tahun)": "54", "alamat": "Kp.Baruahad RT 004 RW 013", "desa": 3217130004, "kecamatan": 3217130, "kabupaten": 3217, "koordinat desa (lat)": -6.793, "koordinat desa (long)": 107.571, "koordinat calon lokasi persemaian (x)": null, "koordinat calon lokasi persemaian (y)": null, "koordinat calon lokasi penanaman (x)": null, "koordinat calon lokasi penanaman (y)": null, "penyuluh kehutanan pendamping": null, "keterangan": null, "cdk": "CDK IV" }, "geometry": { "type": "Point", "coordinates": [ 107.571, -6.793 ] } },
{ "type": "Feature", "properties": { "no": 260, "nama": "Ujang Kurniawan", "nik": 3217030112910003, "usia(tahun)": "35", "alamat": "Jl Mekartani kp Cibolang RT 004 RW 009 ", "desa": 3217130004, "kecamatan": 3217130, "kabupaten": 3217, "koordinat desa (lat)": -6.793, "koordinat desa (long)": 107.571, "koordinat calon lokasi persemaian (x)": null, "koordinat calon lokasi persemaian (y)": null, "koordinat calon lokasi penanaman (x)": null, "koordinat calon lokasi penanaman (y)": null, "penyuluh kehutanan pendamping": null, "keterangan": null, "cdk": "CDK IV" }, "geometry": { "type": "Point", "coordinates": [ 107.571, -6.793 ] } },
{ "type": "Feature", "properties": { "no": 261, "nama": "Abdul Rohman", "nik": 3217031008750004, "usia(tahun)": "50", "alamat": "Kp. Cipeusing RT 004 RW 003", "desa": 3217130004, "kecamatan": 3217130, "kabupaten": 3217, "koordinat desa (lat)": -6.793, "koordinat desa (long)": 107.571, "koordinat calon lokasi persemaian (x)": null, "koordinat calon lokasi persemaian (y)": null, "koordinat calon lokasi penanaman (x)": null, "koordinat calon lokasi penanaman (y)": null, "penyuluh kehutanan pendamping": null, "keterangan": null, "cdk": "CDK IV" }, "geometry": { "type": "Point", "coordinates": [ 107.571, -6.793 ] } },
{ "type": "Feature", "properties": { "no": 262, "nama": "Omay Komara", "nik": 3217010107810096, "usia(tahun)": "43", "alamat": "Kp. Pojok Sukamulya RT 03 RW 11", "desa": 3217120004, "kecamatan": 3217120, "kabupaten": 3217, "koordinat desa (lat)": -6.844, "koordinat desa (long)": 107.64, "koordinat calon lokasi persemaian (x)": null, "koordinat calon lokasi persemaian (y)": null, "koordinat calon lokasi penanaman (x)": null, "koordinat calon lokasi penanaman (y)": null, "penyuluh kehutanan pendamping": null, "keterangan": null, "cdk": "CDK IV" }, "geometry": { "type": "Point", "coordinates": [ 107.64, -6.844 ] } },
{ "type": "Feature", "properties": { "no": 263, "nama": "Oja Sanjaya", "nik": 3217012011780011, "usia(tahun)": "47", "alamat": "Kp. Pojok Sukamulya RT 03 RW 11", "desa": 3217120004, "kecamatan": 3217120, "kabupaten": 3217, "koordinat desa (lat)": -6.844, "koordinat desa (long)": 107.64, "koordinat calon lokasi persemaian (x)": null, "koordinat calon lokasi persemaian (y)": null, "koordinat calon lokasi penanaman (x)": null, "koordinat calon lokasi penanaman (y)": null, "penyuluh kehutanan pendamping": null, "keterangan": null, "cdk": "CDK IV" }, "geometry": { "type": "Point", "coordinates": [ 107.64, -6.844 ] } },
{ "type": "Feature", "properties": { "no": 264, "nama": "Nandang", "nik": 3217011202700001, "usia(tahun)": "56", "alamat": "Kp. Pojok Sukamulya RT 03 RW 11", "desa": 3217120004, "kecamatan": 3217120, "kabupaten": 3217, "koordinat desa (lat)": -6.844, "koordinat desa (long)": 107.64, "koordinat calon lokasi persemaian (x)": null, "koordinat calon lokasi persemaian (y)": null, "koordinat calon lokasi penanaman (x)": null, "koordinat calon lokasi penanaman (y)": null, "penyuluh kehutanan pendamping": null, "keterangan": null, "cdk": "CDK IV" }, "geometry": { "type": "Point", "coordinates": [ 107.64, -6.844 ] } },
{ "type": "Feature", "properties": { "no": 265, "nama": "Enung Nurbiyanti", "nik": 3204067008660004, "usia(tahun)": "59", "alamat": "Kp. Sentak Dulang, RT.001/ RW.012", "desa": 3204310006, "kecamatan": 3204310, "kabupaten": 3204, "koordinat desa (lat)": -6.853, "koordinat desa (long)": 107.694, "koordinat calon lokasi persemaian (x)": null, "koordinat calon lokasi persemaian (y)": null, "koordinat calon lokasi penanaman (x)": null, "koordinat calon lokasi penanaman (y)": null, "penyuluh kehutanan pendamping": null, "keterangan": null, "cdk": "CDK V" }, "geometry": { "type": "Point", "coordinates": [ 107.694, -6.853 ] } },
{ "type": "Feature", "properties": { "no": 266, "nama": "Asep Hujana", "nik": 3204060708720002, "usia(tahun)": "53", "alamat": "Kp. Sentak Dulang, RT.003/ RW.012 ", "desa": 3204310006, "kecamatan": 3204310, "kabupaten": 3204, "koordinat desa (lat)": -6.853, "koordinat desa (long)": 107.694, "koordinat calon lokasi persemaian (x)": null, "koordinat calon lokasi persemaian (y)": null, "koordinat calon lokasi penanaman (x)": null, "koordinat calon lokasi penanaman (y)": null, "penyuluh kehutanan pendamping": null, "keterangan": null, "cdk": "CDK V" }, "geometry": { "type": "Point", "coordinates": [ 107.694, -6.853 ] } },
{ "type": "Feature", "properties": { "no": 267, "nama": "Entang", "nik": 3204062007800007, "usia(tahun)": "45", "alamat": "Kp. CIkored, RT.002/RW.005, ", "desa": 3204310006, "kecamatan": 3204310, "kabupaten": 3204, "koordinat desa (lat)": -6.853, "koordinat desa (long)": 107.694, "koordinat calon lokasi persemaian (x)": null, "koordinat calon lokasi persemaian (y)": null, "koordinat calon lokasi penanaman (x)": null, "koordinat calon lokasi penanaman (y)": null, "penyuluh kehutanan pendamping": null, "keterangan": null, "cdk": "CDK V" }, "geometry": { "type": "Point", "coordinates": [ 107.694, -6.853 ] } },
{ "type": "Feature", "properties": { "no": 268, "nama": "Yadi Supriadi", "nik": 3204301701820005, "usia(tahun)": "43", "alamat": "Kp. Arcamanik, RT.003/RW.004, ", "desa": 3204310006, "kecamatan": 3204310, "kabupaten": 3204, "koordinat desa (lat)": -6.853, "koordinat desa (long)": 107.694, "koordinat calon lokasi persemaian (x)": null, "koordinat calon lokasi persemaian (y)": null, "koordinat calon lokasi penanaman (x)": null, "koordinat calon lokasi penanaman (y)": null, "penyuluh kehutanan pendamping": null, "keterangan": null, "cdk": "CDK V" }, "geometry": { "type": "Point", "coordinates": [ 107.694, -6.853 ] } },
{ "type": "Feature", "properties": { "no": 269, "nama": "Ayi Sulaeman", "nik": 3204061004830014, "usia(tahun)": "42", "alamat": "Kp. Pondok Antapani, RT.002/RW.007", "desa": 3204310006, "kecamatan": 3204310, "kabupaten": 3204, "koordinat desa (lat)": -6.853, "koordinat desa (long)": 107.694, "koordinat calon lokasi persemaian (x)": null, "koordinat calon lokasi persemaian (y)": null, "koordinat calon lokasi penanaman (x)": null, "koordinat calon lokasi penanaman (y)": null, "penyuluh kehutanan pendamping": null, "keterangan": null, "cdk": "CDK V" }, "geometry": { "type": "Point", "coordinates": [ 107.694, -6.853 ] } },
{ "type": "Feature", "properties": { "no": 270, "nama": "Uye Waryo", "nik": 3204061205670001, "usia(tahun)": "58", "alamat": "Kp. Arcamanik, RT.003/RW.004, ", "desa": 3204310006, "kecamatan": 3204310, "kabupaten": 3204, "koordinat desa (lat)": -6.853, "koordinat desa (long)": 107.694, "koordinat calon lokasi persemaian (x)": null, "koordinat calon lokasi persemaian (y)": null, "koordinat calon lokasi penanaman (x)": null, "koordinat calon lokasi penanaman (y)": null, "penyuluh kehutanan pendamping": null, "keterangan": null, "cdk": "CDK V" }, "geometry": { "type": "Point", "coordinates": [ 107.694, -6.853 ] } },
{ "type": "Feature", "properties": { "no": 271, "nama": "Endi Sutisna", "nik": 3204061108700003, "usia(tahun)": "55", "alamat": "Kp. Merakdampit, RT.001/ RW.015", "desa": 3204310007, "kecamatan": 3204310, "kabupaten": 3204, "koordinat desa (lat)": -6.858, "koordinat desa (long)": 107.67, "koordinat calon lokasi persemaian (x)": null, "koordinat calon lokasi persemaian (y)": null, "koordinat calon lokasi penanaman (x)": null, "koordinat calon lokasi penanaman (y)": null, "penyuluh kehutanan pendamping": null, "keterangan": null, "cdk": "CDK V" }, "geometry": { "type": "Point", "coordinates": [ 107.67, -6.858 ] } },
{ "type": "Feature", "properties": { "no": 272, "nama": "Iyep", "nik": 3204061205730013, "usia(tahun)": "52", "alamat": "Kp. Merakdampit, RT.001/ RW.015", "desa": 3204310007, "kecamatan": 3204310, "kabupaten": 3204, "koordinat desa (lat)": -6.858, "koordinat desa (long)": 107.67, "koordinat calon lokasi persemaian (x)": null, "koordinat calon lokasi persemaian (y)": null, "koordinat calon lokasi penanaman (x)": null, "koordinat calon lokasi penanaman (y)": null, "penyuluh kehutanan pendamping": null, "keterangan": null, "cdk": "CDK V" }, "geometry": { "type": "Point", "coordinates": [ 107.67, -6.858 ] } },
{ "type": "Feature", "properties": { "no": 273, "nama": "Agus Dudi", "nik": 3204060408830002, "usia(tahun)": "42", "alamat": "Kp. Cicayur, RT.002/RW.012 ", "desa": 3204310007, "kecamatan": 3204310, "kabupaten": 3204, "koordinat desa (lat)": -6.858, "koordinat desa (long)": 107.67, "koordinat calon lokasi persemaian (x)": null, "koordinat calon lokasi persemaian (y)": null, "koordinat calon lokasi penanaman (x)": null, "koordinat calon lokasi penanaman (y)": null, "penyuluh kehutanan pendamping": null, "keterangan": null, "cdk": "CDK V" }, "geometry": { "type": "Point", "coordinates": [ 107.67, -6.858 ] } },
{ "type": "Feature", "properties": { "no": 274, "nama": "Dedi Supardi", "nik": 3204061007790002, "usia(tahun)": "46", "alamat": "Kp. Patenggang, RT.002/RW.016", "desa": 3204310007, "kecamatan": 3204310, "kabupaten": 3204, "koordinat desa (lat)": -6.858, "koordinat desa (long)": 107.67, "koordinat calon lokasi persemaian (x)": null, "koordinat calon lokasi persemaian (y)": null, "koordinat calon lokasi penanaman (x)": null, "koordinat calon lokasi penanaman (y)": null, "penyuluh kehutanan pendamping": null, "keterangan": null, "cdk": "CDK V" }, "geometry": { "type": "Point", "coordinates": [ 107.67, -6.858 ] } },
{ "type": "Feature", "properties": { "no": 275, "nama": "Asep Suryana Saepulloh", "nik": 3204060106840003, "usia(tahun)": "41", "alamat": "Kp. Cicayur, RT.001/RW.012", "desa": 3204310007, "kecamatan": 3204310, "kabupaten": 3204, "koordinat desa (lat)": -6.858, "koordinat desa (long)": 107.67, "koordinat calon lokasi persemaian (x)": null, "koordinat calon lokasi persemaian (y)": null, "koordinat calon lokasi penanaman (x)": null, "koordinat calon lokasi penanaman (y)": null, "penyuluh kehutanan pendamping": null, "keterangan": null, "cdk": "CDK V" }, "geometry": { "type": "Point", "coordinates": [ 107.67, -6.858 ] } },
{ "type": "Feature", "properties": { "no": 276, "nama": "Karmad", "nik": 3204060510650009, "usia(tahun)": "60", "alamat": "Kp. Cicayur, RT.002/RW.012 ", "desa": 3204310007, "kecamatan": 3204310, "kabupaten": 3204, "koordinat desa (lat)": -6.858, "koordinat desa (long)": 107.67, "koordinat calon lokasi persemaian (x)": null, "koordinat calon lokasi persemaian (y)": null, "koordinat calon lokasi penanaman (x)": null, "koordinat calon lokasi penanaman (y)": null, "penyuluh kehutanan pendamping": null, "keterangan": null, "cdk": "CDK V" }, "geometry": { "type": "Point", "coordinates": [ 107.67, -6.858 ] } },
{ "type": "Feature", "properties": { "no": 277, "nama": "Enjang Juju", "nik": 3204071811700001, "usia(tahun)": "55", "alamat": "Kp. Pasir Jirak, RT.004/RW.005 ", "desa": 3204300005, "kecamatan": 3204300, "kabupaten": 3204, "koordinat desa (lat)": -6.879, "koordinat desa (long)": 107.728, "koordinat calon lokasi persemaian (x)": null, "koordinat calon lokasi persemaian (y)": null, "koordinat calon lokasi penanaman (x)": null, "koordinat calon lokasi penanaman (y)": null, "penyuluh kehutanan pendamping": null, "keterangan": null, "cdk": "CDK V" }, "geometry": { "type": "Point", "coordinates": [ 107.728, -6.879 ] } },
{ "type": "Feature", "properties": { "no": 278, "nama": "Kurnia", "nik": 3204070504640001, "usia(tahun)": "61", "alamat": "Kp. Garung, RT.002/RW.009 ", "desa": 3204300006, "kecamatan": 3204300, "kabupaten": 3204, "koordinat desa (lat)": -6.891, "koordinat desa (long)": 107.734, "koordinat calon lokasi persemaian (x)": null, "koordinat calon lokasi persemaian (y)": null, "koordinat calon lokasi penanaman (x)": null, "koordinat calon lokasi penanaman (y)": null, "penyuluh kehutanan pendamping": null, "keterangan": null, "cdk": "CDK V" }, "geometry": { "type": "Point", "coordinates": [ 107.734, -6.891 ] } },
{ "type": "Feature", "properties": { "no": 279, "nama": "Deni Susyanto", "nik": 3204072503830001, "usia(tahun)": "42", "alamat": "Kp. Paratag, RT.003/RW.003 ", "desa": 3204300003, "kecamatan": 3204300, "kabupaten": 3204, "koordinat desa (lat)": -6.882, "koordinat desa (long)": 107.707, "koordinat calon lokasi persemaian (x)": null, "koordinat calon lokasi persemaian (y)": null, "koordinat calon lokasi penanaman (x)": null, "koordinat calon lokasi penanaman (y)": null, "penyuluh kehutanan pendamping": null, "keterangan": null, "cdk": "CDK V" }, "geometry": { "type": "Point", "coordinates": [ 107.707, -6.882 ] } },
{ "type": "Feature", "properties": { "no": 280, "nama": "Hidayat", "nik": 3204060903760001, "usia(tahun)": "49", "alamat": "Kp. Ciharalang, RT.004/RW.003", "desa": 3204310008, "kecamatan": 3204310, "kabupaten": 3204, "koordinat desa (lat)": -6.861, "koordinat desa (long)": 107.651, "koordinat calon lokasi persemaian (x)": null, "koordinat calon lokasi persemaian (y)": null, "koordinat calon lokasi penanaman (x)": null, "koordinat calon lokasi penanaman (y)": null, "penyuluh kehutanan pendamping": null, "keterangan": null, "cdk": "CDK V" }, "geometry": { "type": "Point", "coordinates": [ 107.651, -6.861 ] } },
{ "type": "Feature", "properties": { "no": 281, "nama": "Saryoto", "nik": 3204061902710001, "usia(tahun)": "54", "alamat": "Ciharalang, RT.002/RW.003", "desa": 3204310008, "kecamatan": 3204310, "kabupaten": 3204, "koordinat desa (lat)": -6.861, "koordinat desa (long)": 107.651, "koordinat calon lokasi persemaian (x)": null, "koordinat calon lokasi persemaian (y)": null, "koordinat calon lokasi penanaman (x)": null, "koordinat calon lokasi penanaman (y)": null, "penyuluh kehutanan pendamping": null, "keterangan": null, "cdk": "CDK V" }, "geometry": { "type": "Point", "coordinates": [ 107.651, -6.861 ] } },
{ "type": "Feature", "properties": { "no": 282, "nama": "A. Sutiawan", "nik": 3204060703730005, "usia(tahun)": "52", "alamat": "Cibanteng, RT.002/RW.011 ", "desa": 3204310003, "kecamatan": 3204310, "kabupaten": 3204, "koordinat desa (lat)": -6.873, "koordinat desa (long)": 107.674, "koordinat calon lokasi persemaian (x)": null, "koordinat calon lokasi persemaian (y)": null, "koordinat calon lokasi penanaman (x)": null, "koordinat calon lokasi penanaman (y)": null, "penyuluh kehutanan pendamping": null, "keterangan": null, "cdk": "CDK V" }, "geometry": { "type": "Point", "coordinates": [ 107.674, -6.873 ] } },
{ "type": "Feature", "properties": { "no": 283, "nama": "Encep Juju", "nik": 3204060606520002, "usia(tahun)": "73", "alamat": "Jl. Pakar Barat No. 63, RT.002/RW.007", "desa": 3204310009, "kecamatan": 3204310, "kabupaten": 3204, "koordinat desa (lat)": -6.849, "koordinat desa (long)": 107.65, "koordinat calon lokasi persemaian (x)": null, "koordinat calon lokasi persemaian (y)": null, "koordinat calon lokasi penanaman (x)": null, "koordinat calon lokasi penanaman (y)": null, "penyuluh kehutanan pendamping": null, "keterangan": null, "cdk": "CDK V" }, "geometry": { "type": "Point", "coordinates": [ 107.65, -6.849 ] } },
{ "type": "Feature", "properties": { "no": 284, "nama": "Tata", "nik": 3204062908600001, "usia(tahun)": "65", "alamat": "Kp. Pakar, RT.003/RW.008", "desa": 3204310009, "kecamatan": 3204310, "kabupaten": 3204, "koordinat desa (lat)": -6.849, "koordinat desa (long)": 107.65, "koordinat calon lokasi persemaian (x)": null, "koordinat calon lokasi persemaian (y)": null, "koordinat calon lokasi penanaman (x)": null, "koordinat calon lokasi penanaman (y)": null, "penyuluh kehutanan pendamping": null, "keterangan": null, "cdk": "CDK V" }, "geometry": { "type": "Point", "coordinates": [ 107.65, -6.849 ] } },
{ "type": "Feature", "properties": { "no": 285, "nama": "Asep Rohmana", "nik": 3204061301790002, "usia(tahun)": "46", "alamat": "Kp. Ciharegem, RT.002/RW.010", "desa": 3204310009, "kecamatan": 3204310, "kabupaten": 3204, "koordinat desa (lat)": -6.849, "koordinat desa (long)": 107.65, "koordinat calon lokasi persemaian (x)": null, "koordinat calon lokasi persemaian (y)": null, "koordinat calon lokasi penanaman (x)": null, "koordinat calon lokasi penanaman (y)": null, "penyuluh kehutanan pendamping": null, "keterangan": null, "cdk": "CDK V" }, "geometry": { "type": "Point", "coordinates": [ 107.65, -6.849 ] } },
{ "type": "Feature", "properties": { "no": 286, "nama": "Mustopa", "nik": 3204461205770003, "usia(tahun)": "48", "alamat": "Kp. Taman Sari, RT.001/RW.008 ", "desa": 3204150003, "kecamatan": 3204150, "kabupaten": 3204, "koordinat desa (lat)": -7.08, "koordinat desa (long)": 107.63, "koordinat calon lokasi persemaian (x)": null, "koordinat calon lokasi persemaian (y)": null, "koordinat calon lokasi penanaman (x)": null, "koordinat calon lokasi penanaman (y)": null, "penyuluh kehutanan pendamping": null, "keterangan": null, "cdk": "CDK V" }, "geometry": { "type": "Point", "coordinates": [ 107.63, -7.08 ] } },
{ "type": "Feature", "properties": { "no": 287, "nama": "Sutajaya S.S", "nik": 3204290708770011, "usia(tahun)": "48", "alamat": "Kp. Taman Sari, RT.002/RW.008", "desa": 3204150003, "kecamatan": 3204150, "kabupaten": 3204, "koordinat desa (lat)": -7.08, "koordinat desa (long)": 107.63, "koordinat calon lokasi persemaian (x)": null, "koordinat calon lokasi persemaian (y)": null, "koordinat calon lokasi penanaman (x)": null, "koordinat calon lokasi penanaman (y)": null, "penyuluh kehutanan pendamping": null, "keterangan": null, "cdk": "CDK V" }, "geometry": { "type": "Point", "coordinates": [ 107.63, -7.08 ] } },
{ "type": "Feature", "properties": { "no": 288, "nama": "Jaja Sugira", "nik": 3204160306700003, "usia(tahun)": "55", "alamat": "Kp. Ciburuy RT.001/RW.011", "desa": 3204150003, "kecamatan": 3204150, "kabupaten": 3204, "koordinat desa (lat)": -7.08, "koordinat desa (long)": 107.63, "koordinat calon lokasi persemaian (x)": null, "koordinat calon lokasi persemaian (y)": null, "koordinat calon lokasi penanaman (x)": null, "koordinat calon lokasi penanaman (y)": null, "penyuluh kehutanan pendamping": null, "keterangan": null, "cdk": "CDK V" }, "geometry": { "type": "Point", "coordinates": [ 107.63, -7.08 ] } },
{ "type": "Feature", "properties": { "no": 289, "nama": "Solihin", "nik": 3204310401780002, "usia(tahun)": "52", "alamat": "Kp. Pinggirsari RT.003/RW.010 ", "desa": 3204050006, "kecamatan": 3204050, "kabupaten": 3204, "koordinat desa (lat)": -7.193, "koordinat desa (long)": 107.711, "koordinat calon lokasi persemaian (x)": null, "koordinat calon lokasi persemaian (y)": null, "koordinat calon lokasi penanaman (x)": null, "koordinat calon lokasi penanaman (y)": null, "penyuluh kehutanan pendamping": null, "keterangan": null, "cdk": "CDK V" }, "geometry": { "type": "Point", "coordinates": [ 107.711, -7.193 ] } },
{ "type": "Feature", "properties": { "no": 290, "nama": "Suganda Riyadi", "nik": 3204310407790005, "usia(tahun)": "46", "alamat": "Kp. Puncakmulya RT.001 /RW.007", "desa": 3204050006, "kecamatan": 3204050, "kabupaten": 3204, "koordinat desa (lat)": -7.193, "koordinat desa (long)": 107.711, "koordinat calon lokasi persemaian (x)": null, "koordinat calon lokasi persemaian (y)": null, "koordinat calon lokasi penanaman (x)": null, "koordinat calon lokasi penanaman (y)": null, "penyuluh kehutanan pendamping": null, "keterangan": null, "cdk": "CDK V" }, "geometry": { "type": "Point", "coordinates": [ 107.711, -7.193 ] } },
{ "type": "Feature", "properties": { "no": 291, "nama": "Aep Saepudin", "nik": 3204311010690005, "usia(tahun)": "54", "alamat": "Kp. Pinggirsari RT.002/RW.009 ", "desa": 3204050006, "kecamatan": 3204050, "kabupaten": 3204, "koordinat desa (lat)": -7.193, "koordinat desa (long)": 107.711, "koordinat calon lokasi persemaian (x)": null, "koordinat calon lokasi persemaian (y)": null, "koordinat calon lokasi penanaman (x)": null, "koordinat calon lokasi penanaman (y)": null, "penyuluh kehutanan pendamping": null, "keterangan": null, "cdk": "CDK V" }, "geometry": { "type": "Point", "coordinates": [ 107.711, -7.193 ] } },
{ "type": "Feature", "properties": { "no": 292, "nama": "Marpudin", "nik": 3204301012590001, "usia(tahun)": "66", "alamat": "Kp. Pereng RT.002/RW.014 ", "desa": 3204060004, "kecamatan": 3204060, "kabupaten": 3204, "koordinat desa (lat)": -7.123, "koordinat desa (long)": 107.738, "koordinat calon lokasi persemaian (x)": null, "koordinat calon lokasi persemaian (y)": null, "koordinat calon lokasi penanaman (x)": null, "koordinat calon lokasi penanaman (y)": null, "penyuluh kehutanan pendamping": null, "keterangan": null, "cdk": "CDK V" }, "geometry": { "type": "Point", "coordinates": [ 107.738, -7.123 ] } },
{ "type": "Feature", "properties": { "no": 293, "nama": "Adin Abduloh", "nik": 3204300107750038, "usia(tahun)": "53", "alamat": "Kp. Pereng Pojok RT.002/ RW.011 ", "desa": 3204060004, "kecamatan": 3204060, "kabupaten": 3204, "koordinat desa (lat)": -7.123, "koordinat desa (long)": 107.738, "koordinat calon lokasi persemaian (x)": null, "koordinat calon lokasi persemaian (y)": null, "koordinat calon lokasi penanaman (x)": null, "koordinat calon lokasi penanaman (y)": null, "penyuluh kehutanan pendamping": null, "keterangan": null, "cdk": "CDK V" }, "geometry": { "type": "Point", "coordinates": [ 107.738, -7.123 ] } },
{ "type": "Feature", "properties": { "no": 294, "nama": "Ohim", "nik": 3204302402660001, "usia(tahun)": "59", "alamat": "Kp. Pereng RT.004/RW.010", "desa": 3204060004, "kecamatan": 3204060, "kabupaten": 3204, "koordinat desa (lat)": -7.123, "koordinat desa (long)": 107.738, "koordinat calon lokasi persemaian (x)": null, "koordinat calon lokasi persemaian (y)": null, "koordinat calon lokasi penanaman (x)": null, "koordinat calon lokasi penanaman (y)": null, "penyuluh kehutanan pendamping": null, "keterangan": null, "cdk": "CDK V" }, "geometry": { "type": "Point", "coordinates": [ 107.738, -7.123 ] } },
{ "type": "Feature", "properties": { "no": 295, "nama": "Ujang Rohimat", "nik": 3204312803790001, "usia(tahun)": "46", "alamat": "Kp. Babakan Citarum, RT.002/ RW.003", "desa": 3204050003, "kecamatan": 3204050, "kabupaten": 3204, "koordinat desa (lat)": -7.231, "koordinat desa (long)": 107.666, "koordinat calon lokasi persemaian (x)": null, "koordinat calon lokasi persemaian (y)": null, "koordinat calon lokasi penanaman (x)": null, "koordinat calon lokasi penanaman (y)": null, "penyuluh kehutanan pendamping": null, "keterangan": null, "cdk": "CDK V" }, "geometry": { "type": "Point", "coordinates": [ 107.666, -7.231 ] } },
{ "type": "Feature", "properties": { "no": 296, "nama": "Nika", "nik": 3204311206590002, "usia(tahun)": "66", "alamat": "Kp. Pajaten, RT.005/RW.002 ", "desa": 3204050003, "kecamatan": 3204050, "kabupaten": 3204, "koordinat desa (lat)": -7.231, "koordinat desa (long)": 107.666, "koordinat calon lokasi persemaian (x)": null, "koordinat calon lokasi persemaian (y)": null, "koordinat calon lokasi penanaman (x)": null, "koordinat calon lokasi penanaman (y)": null, "penyuluh kehutanan pendamping": null, "keterangan": null, "cdk": "CDK V" }, "geometry": { "type": "Point", "coordinates": [ 107.666, -7.231 ] } },
{ "type": "Feature", "properties": { "no": 297, "nama": "Rohman", "nik": 3204311507860004, "usia(tahun)": "40", "alamat": "Kp. Rawasari, RT.001/RW.019 ", "desa": 3204050003, "kecamatan": 3204050, "kabupaten": 3204, "koordinat desa (lat)": -7.231, "koordinat desa (long)": 107.666, "koordinat calon lokasi persemaian (x)": null, "koordinat calon lokasi persemaian (y)": null, "koordinat calon lokasi penanaman (x)": null, "koordinat calon lokasi penanaman (y)": null, "penyuluh kehutanan pendamping": null, "keterangan": null, "cdk": "CDK V" }, "geometry": { "type": "Point", "coordinates": [ 107.666, -7.231 ] } },
{ "type": "Feature", "properties": { "no": 298, "nama": "Amang Mahpudin", "nik": 3204310303820004, "usia(tahun)": "43", "alamat": "Kp. Babakan Citarum, RT.001/ RW.003", "desa": 3204050003, "kecamatan": 3204050, "kabupaten": 3204, "koordinat desa (lat)": -7.231, "koordinat desa (long)": 107.666, "koordinat calon lokasi persemaian (x)": null, "koordinat calon lokasi persemaian (y)": null, "koordinat calon lokasi penanaman (x)": null, "koordinat calon lokasi penanaman (y)": null, "penyuluh kehutanan pendamping": null, "keterangan": null, "cdk": "CDK V" }, "geometry": { "type": "Point", "coordinates": [ 107.666, -7.231 ] } },
{ "type": "Feature", "properties": { "no": 299, "nama": "Ade Suryana", "nik": 3204310705580003, "usia(tahun)": "67", "alamat": "Kp. Goha Kidul, RT.004/RW.004 ", "desa": 3204050003, "kecamatan": 3204050, "kabupaten": 3204, "koordinat desa (lat)": -7.231, "koordinat desa (long)": 107.666, "koordinat calon lokasi persemaian (x)": null, "koordinat calon lokasi persemaian (y)": null, "koordinat calon lokasi penanaman (x)": null, "koordinat calon lokasi penanaman (y)": null, "penyuluh kehutanan pendamping": null, "keterangan": null, "cdk": "CDK V" }, "geometry": { "type": "Point", "coordinates": [ 107.666, -7.231 ] } },
{ "type": "Feature", "properties": { "no": 300, "nama": "Enjang Edo", "nik": 3204310108810006, "usia(tahun)": "44", "alamat": "Kp. Goha Kidul, RT.004/RW.004 ", "desa": 3204050003, "kecamatan": 3204050, "kabupaten": 3204, "koordinat desa (lat)": -7.231, "koordinat desa (long)": 107.666, "koordinat calon lokasi persemaian (x)": null, "koordinat calon lokasi persemaian (y)": null, "koordinat calon lokasi penanaman (x)": null, "koordinat calon lokasi penanaman (y)": null, "penyuluh kehutanan pendamping": null, "keterangan": null, "cdk": "CDK V" }, "geometry": { "type": "Point", "coordinates": [ 107.666, -7.231 ] } },
{ "type": "Feature", "properties": { "no": 301, "nama": "Ayo Nuryadin", "nik": 3204311806720002, "usia(tahun)": "53", "alamat": "Kp. Bukatanah RT.002/RW.009", "desa": 3204050004, "kecamatan": 3204050, "kabupaten": 3204, "koordinat desa (lat)": -7.21, "koordinat desa (long)": 107.692, "koordinat calon lokasi persemaian (x)": null, "koordinat calon lokasi persemaian (y)": null, "koordinat calon lokasi penanaman (x)": null, "koordinat calon lokasi penanaman (y)": null, "penyuluh kehutanan pendamping": null, "keterangan": null, "cdk": "CDK V" }, "geometry": { "type": "Point", "coordinates": [ 107.692, -7.21 ] } },
{ "type": "Feature", "properties": { "no": 302, "nama": "Wawan Husni", "nik": 3204310101630018, "usia(tahun)": "72", "alamat": "Kp. Bukatanah RT.001/RW.009 ", "desa": 3204050004, "kecamatan": 3204050, "kabupaten": 3204, "koordinat desa (lat)": -7.21, "koordinat desa (long)": 107.692, "koordinat calon lokasi persemaian (x)": null, "koordinat calon lokasi persemaian (y)": null, "koordinat calon lokasi penanaman (x)": null, "koordinat calon lokasi penanaman (y)": null, "penyuluh kehutanan pendamping": null, "keterangan": null, "cdk": "CDK V" }, "geometry": { "type": "Point", "coordinates": [ 107.692, -7.21 ] } },
{ "type": "Feature", "properties": { "no": 303, "nama": "Asep Bambang", "nik": 3204311902700002, "usia(tahun)": "52", "alamat": "Kp. Bukatanah RT.003/RW.009 ", "desa": 3204050004, "kecamatan": 3204050, "kabupaten": 3204, "koordinat desa (lat)": -7.21, "koordinat desa (long)": 107.692, "koordinat calon lokasi persemaian (x)": null, "koordinat calon lokasi persemaian (y)": null, "koordinat calon lokasi penanaman (x)": null, "koordinat calon lokasi penanaman (y)": null, "penyuluh kehutanan pendamping": null, "keterangan": null, "cdk": "CDK V" }, "geometry": { "type": "Point", "coordinates": [ 107.692, -7.21 ] } },
{ "type": "Feature", "properties": { "no": 304, "nama": "Cincin Gumilar", "nik": 3204311103790005, "usia(tahun)": "52", "alamat": "Kp. Mekarsari, RT 002/RW.006 ", "desa": 3204050007, "kecamatan": 3204050, "kabupaten": 3204, "koordinat desa (lat)": -7.166, "koordinat desa (long)": 107.692, "koordinat calon lokasi persemaian (x)": null, "koordinat calon lokasi persemaian (y)": null, "koordinat calon lokasi penanaman (x)": null, "koordinat calon lokasi penanaman (y)": null, "penyuluh kehutanan pendamping": null, "keterangan": null, "cdk": "CDK V" }, "geometry": { "type": "Point", "coordinates": [ 107.692, -7.166 ] } },
{ "type": "Feature", "properties": { "no": 305, "nama": "Juju Juana", "nik": 3204311204770005, "usia(tahun)": "48", "alamat": "Kp. Pacet, RT.001/RW.002 ", "desa": 3204050007, "kecamatan": 3204050, "kabupaten": 3204, "koordinat desa (lat)": -7.166, "koordinat desa (long)": 107.692, "koordinat calon lokasi persemaian (x)": null, "koordinat calon lokasi persemaian (y)": null, "koordinat calon lokasi penanaman (x)": null, "koordinat calon lokasi penanaman (y)": null, "penyuluh kehutanan pendamping": null, "keterangan": null, "cdk": "CDK V" }, "geometry": { "type": "Point", "coordinates": [ 107.692, -7.166 ] } },
{ "type": "Feature", "properties": { "no": 306, "nama": "Ade Kustiana", "nik": 3204310410760002, "usia(tahun)": "49", "alamat": "Kp. Mekarsari, RT 002/RW.006 ", "desa": 3204050007, "kecamatan": 3204050, "kabupaten": 3204, "koordinat desa (lat)": -7.166, "koordinat desa (long)": 107.692, "koordinat calon lokasi persemaian (x)": null, "koordinat calon lokasi persemaian (y)": null, "koordinat calon lokasi penanaman (x)": null, "koordinat calon lokasi penanaman (y)": null, "penyuluh kehutanan pendamping": null, "keterangan": null, "cdk": "CDK V" }, "geometry": { "type": "Point", "coordinates": [ 107.692, -7.166 ] } },
{ "type": "Feature", "properties": { "no": 307, "nama": "Atang Ruskanda", "nik": 3204310903570001, "usia(tahun)": "68", "alamat": "Kp. Neglasari, RT.003/RW.023, ", "desa": 3204050005, "kecamatan": 3204050, "kabupaten": 3204, "koordinat desa (lat)": -7.188, "koordinat desa (long)": 107.668, "koordinat calon lokasi persemaian (x)": null, "koordinat calon lokasi persemaian (y)": null, "koordinat calon lokasi penanaman (x)": null, "koordinat calon lokasi penanaman (y)": null, "penyuluh kehutanan pendamping": null, "keterangan": null, "cdk": "CDK V" }, "geometry": { "type": "Point", "coordinates": [ 107.668, -7.188 ] } },
{ "type": "Feature", "properties": { "no": 308, "nama": "Rudi Irawan", "nik": 3204311103790003, "usia(tahun)": "46", "alamat": "Kp. Neglasari, RT.003/RW.023", "desa": 3204050005, "kecamatan": 3204050, "kabupaten": 3204, "koordinat desa (lat)": -7.188, "koordinat desa (long)": 107.668, "koordinat calon lokasi persemaian (x)": null, "koordinat calon lokasi persemaian (y)": null, "koordinat calon lokasi penanaman (x)": null, "koordinat calon lokasi penanaman (y)": null, "penyuluh kehutanan pendamping": null, "keterangan": null, "cdk": "CDK V" }, "geometry": { "type": "Point", "coordinates": [ 107.668, -7.188 ] } },
{ "type": "Feature", "properties": { "no": 309, "nama": "Sandi Rosadi", "nik": 3204312508810001, "usia(tahun)": "44", "alamat": "Kp. Cibeureum, RT.003/RW.011", "desa": 3204050005, "kecamatan": 3204050, "kabupaten": 3204, "koordinat desa (lat)": -7.188, "koordinat desa (long)": 107.668, "koordinat calon lokasi persemaian (x)": null, "koordinat calon lokasi persemaian (y)": null, "koordinat calon lokasi penanaman (x)": null, "koordinat calon lokasi penanaman (y)": null, "penyuluh kehutanan pendamping": null, "keterangan": null, "cdk": "CDK V" }, "geometry": { "type": "Point", "coordinates": [ 107.668, -7.188 ] } },
{ "type": "Feature", "properties": { "no": 310, "nama": "Cucu Mulyana", "nik": 3204312006720003, "usia(tahun)": "53", "alamat": "Kp. Neglasari I, RT.001/RW.007", "desa": 3204050005, "kecamatan": 3204050, "kabupaten": 3204, "koordinat desa (lat)": -7.188, "koordinat desa (long)": 107.668, "koordinat calon lokasi persemaian (x)": null, "koordinat calon lokasi persemaian (y)": null, "koordinat calon lokasi penanaman (x)": null, "koordinat calon lokasi penanaman (y)": null, "penyuluh kehutanan pendamping": null, "keterangan": null, "cdk": "CDK V" }, "geometry": { "type": "Point", "coordinates": [ 107.668, -7.188 ] } },
{ "type": "Feature", "properties": { "no": 311, "nama": "Emin Suparmin", "nik": 3204311109690002, "usia(tahun)": "56", "alamat": "Kp. Neglasari, RT.005/RW.023", "desa": 3204050005, "kecamatan": 3204050, "kabupaten": 3204, "koordinat desa (lat)": -7.188, "koordinat desa (long)": 107.668, "koordinat calon lokasi persemaian (x)": null, "koordinat calon lokasi persemaian (y)": null, "koordinat calon lokasi penanaman (x)": null, "koordinat calon lokasi penanaman (y)": null, "penyuluh kehutanan pendamping": null, "keterangan": null, "cdk": "CDK V" }, "geometry": { "type": "Point", "coordinates": [ 107.668, -7.188 ] } },
{ "type": "Feature", "properties": { "no": 312, "nama": "Erik Roeslan F.", "nik": 3204300106820001, "usia(tahun)": "43", "alamat": "Kp. Cibodas RT.001/RW.009", "desa": 3204060012, "kecamatan": 3204060, "kabupaten": 3204, "koordinat desa (lat)": -7.092, "koordinat desa (long)": 107.711, "koordinat calon lokasi persemaian (x)": null, "koordinat calon lokasi persemaian (y)": null, "koordinat calon lokasi penanaman (x)": null, "koordinat calon lokasi penanaman (y)": null, "penyuluh kehutanan pendamping": null, "keterangan": null, "cdk": "CDK V" }, "geometry": { "type": "Point", "coordinates": [ 107.711, -7.092 ] } },
{ "type": "Feature", "properties": { "no": 313, "nama": "Osa", "nik": 3204310203700006, "usia(tahun)": "49", "alamat": "Kp. Neglasari, RT.001/RW.020", "desa": 3204050005, "kecamatan": 3204050, "kabupaten": 3204, "koordinat desa (lat)": -7.188, "koordinat desa (long)": 107.668, "koordinat calon lokasi persemaian (x)": null, "koordinat calon lokasi persemaian (y)": null, "koordinat calon lokasi penanaman (x)": null, "koordinat calon lokasi penanaman (y)": null, "penyuluh kehutanan pendamping": null, "keterangan": null, "cdk": "CDK V" }, "geometry": { "type": "Point", "coordinates": [ 107.668, -7.188 ] } },
{ "type": "Feature", "properties": { "no": 314, "nama": "Iwan Setiawan", "nik": 3204300304830000, "usia(tahun)": "42", "alamat": "Kp. Pasir Buah RT.001/RW.003", "desa": 3204060009, "kecamatan": 3204060, "kabupaten": 3204, "koordinat desa (lat)": -7.135, "koordinat desa (long)": 107.661, "koordinat calon lokasi persemaian (x)": null, "koordinat calon lokasi persemaian (y)": null, "koordinat calon lokasi penanaman (x)": null, "koordinat calon lokasi penanaman (y)": null, "penyuluh kehutanan pendamping": null, "keterangan": null, "cdk": "CDK V" }, "geometry": { "type": "Point", "coordinates": [ 107.661, -7.135 ] } },
{ "type": "Feature", "properties": { "no": 315, "nama": "Indra Wiguna", "nik": 3204312605810001, "usia(tahun)": "44", "alamat": "Kp. Neglasari, RT.002/RW.023", "desa": 3204050005, "kecamatan": 3204050, "kabupaten": 3204, "koordinat desa (lat)": -7.188, "koordinat desa (long)": 107.668, "koordinat calon lokasi persemaian (x)": null, "koordinat calon lokasi persemaian (y)": null, "koordinat calon lokasi penanaman (x)": null, "koordinat calon lokasi penanaman (y)": null, "penyuluh kehutanan pendamping": null, "keterangan": null, "cdk": "CDK V" }, "geometry": { "type": "Point", "coordinates": [ 107.668, -7.188 ] } },
{ "type": "Feature", "properties": { "no": 316, "nama": "Yadi Suryadi Alfaruq", "nik": 3204312407840001, "usia(tahun)": "41", "alamat": "Kp. Sukasari, RT.003/RW.025 ", "desa": 3204050005, "kecamatan": 3204050, "kabupaten": 3204, "koordinat desa (lat)": -7.188, "koordinat desa (long)": 107.668, "koordinat calon lokasi persemaian (x)": null, "koordinat calon lokasi persemaian (y)": null, "koordinat calon lokasi penanaman (x)": null, "koordinat calon lokasi penanaman (y)": null, "penyuluh kehutanan pendamping": null, "keterangan": null, "cdk": "CDK V" }, "geometry": { "type": "Point", "coordinates": [ 107.668, -7.188 ] } },
{ "type": "Feature", "properties": { "no": 317, "nama": "Ayi Dahlan", "nik": 3204310107650051, "usia(tahun)": "60", "alamat": "Kp. Neglasari, RT.004/RW.023", "desa": 3204050005, "kecamatan": 3204050, "kabupaten": 3204, "koordinat desa (lat)": -7.188, "koordinat desa (long)": 107.668, "koordinat calon lokasi persemaian (x)": null, "koordinat calon lokasi persemaian (y)": null, "koordinat calon lokasi penanaman (x)": null, "koordinat calon lokasi penanaman (y)": null, "penyuluh kehutanan pendamping": null, "keterangan": null, "cdk": "CDK V" }, "geometry": { "type": "Point", "coordinates": [ 107.668, -7.188 ] } },
{ "type": "Feature", "properties": { "no": 318, "nama": "Akus Kusmarananda", "nik": 3204312308760001, "usia(tahun)": "49", "alamat": "Kp. Lebaksari, RT.001/RW.015", "desa": 3204050005, "kecamatan": 3204050, "kabupaten": 3204, "koordinat desa (lat)": -7.188, "koordinat desa (long)": 107.668, "koordinat calon lokasi persemaian (x)": null, "koordinat calon lokasi persemaian (y)": null, "koordinat calon lokasi penanaman (x)": null, "koordinat calon lokasi penanaman (y)": null, "penyuluh kehutanan pendamping": null, "keterangan": null, "cdk": "CDK V" }, "geometry": { "type": "Point", "coordinates": [ 107.668, -7.188 ] } },
{ "type": "Feature", "properties": { "no": 319, "nama": "Wawan Hernawan", "nik": 3204312701680001, "usia(tahun)": "58", "alamat": "Kp. Neglasari, RT.001/RW.023", "desa": 3204050005, "kecamatan": 3204050, "kabupaten": 3204, "koordinat desa (lat)": -7.188, "koordinat desa (long)": 107.668, "koordinat calon lokasi persemaian (x)": null, "koordinat calon lokasi persemaian (y)": null, "koordinat calon lokasi penanaman (x)": null, "koordinat calon lokasi penanaman (y)": null, "penyuluh kehutanan pendamping": null, "keterangan": null, "cdk": "CDK V" }, "geometry": { "type": "Point", "coordinates": [ 107.668, -7.188 ] } },
{ "type": "Feature", "properties": { "no": 320, "nama": "Iwan Setiawan", "nik": 3204311207690006, "usia(tahun)": "56", "alamat": "Kp. Sukasari, RT.003/RW.013", "desa": 3204050005, "kecamatan": 3204050, "kabupaten": 3204, "koordinat desa (lat)": -7.188, "koordinat desa (long)": 107.668, "koordinat calon lokasi persemaian (x)": null, "koordinat calon lokasi persemaian (y)": null, "koordinat calon lokasi penanaman (x)": null, "koordinat calon lokasi penanaman (y)": null, "penyuluh kehutanan pendamping": null, "keterangan": null, "cdk": "CDK V" }, "geometry": { "type": "Point", "coordinates": [ 107.668, -7.188 ] } },
{ "type": "Feature", "properties": { "no": 321, "nama": "Iwan Hermawan", "nik": 3204312603720002, "usia(tahun)": "53", "alamat": "Kp. Neglasari, RT.005/RW.023", "desa": 3204050005, "kecamatan": 3204050, "kabupaten": 3204, "koordinat desa (lat)": -7.188, "koordinat desa (long)": 107.668, "koordinat calon lokasi persemaian (x)": null, "koordinat calon lokasi persemaian (y)": null, "koordinat calon lokasi penanaman (x)": null, "koordinat calon lokasi penanaman (y)": null, "penyuluh kehutanan pendamping": null, "keterangan": null, "cdk": "CDK V" }, "geometry": { "type": "Point", "coordinates": [ 107.668, -7.188 ] } },
{ "type": "Feature", "properties": { "no": 322, "nama": "Ade Suryana", "nik": 3204310501670002, "usia(tahun)": "58", "alamat": "Kp. Neglasari, RT.002/RW.007", "desa": 3204050005, "kecamatan": 3204050, "kabupaten": 3204, "koordinat desa (lat)": -7.188, "koordinat desa (long)": 107.668, "koordinat calon lokasi persemaian (x)": null, "koordinat calon lokasi persemaian (y)": null, "koordinat calon lokasi penanaman (x)": null, "koordinat calon lokasi penanaman (y)": null, "penyuluh kehutanan pendamping": null, "keterangan": null, "cdk": "CDK V" }, "geometry": { "type": "Point", "coordinates": [ 107.668, -7.188 ] } },
{ "type": "Feature", "properties": { "no": 323, "nama": "Agus Syarief Hidayat", "nik": 3204312208820003, "usia(tahun)": "43", "alamat": "Kp. Sukasari RT.001/RW.025", "desa": 3204050005, "kecamatan": 3204050, "kabupaten": 3204, "koordinat desa (lat)": -7.188, "koordinat desa (long)": 107.668, "koordinat calon lokasi persemaian (x)": null, "koordinat calon lokasi persemaian (y)": null, "koordinat calon lokasi penanaman (x)": null, "koordinat calon lokasi penanaman (y)": null, "penyuluh kehutanan pendamping": null, "keterangan": null, "cdk": "CDK V" }, "geometry": { "type": "Point", "coordinates": [ 107.668, -7.188 ] } },
{ "type": "Feature", "properties": { "no": 324, "nama": "Engkus Kusnadi", "nik": 3204311102680001, "usia(tahun)": "58", "alamat": "Kp. Neglasari, RT.002/RW.007", "desa": 3204050005, "kecamatan": 3204050, "kabupaten": 3204, "koordinat desa (lat)": -7.188, "koordinat desa (long)": 107.668, "koordinat calon lokasi persemaian (x)": null, "koordinat calon lokasi persemaian (y)": null, "koordinat calon lokasi penanaman (x)": null, "koordinat calon lokasi penanaman (y)": null, "penyuluh kehutanan pendamping": null, "keterangan": null, "cdk": "CDK V" }, "geometry": { "type": "Point", "coordinates": [ 107.668, -7.188 ] } },
{ "type": "Feature", "properties": { "no": 325, "nama": "Ujang Sarip", "nik": 3204261903740001, "usia(tahun)": "49", "alamat": "Kp. Cibisoro, RT.001/RW.007 ", "desa": 3204101002, "kecamatan": 3204101, "kabupaten": 3204, "koordinat desa (lat)": -7.039, "koordinat desa (long)": 107.875, "koordinat calon lokasi persemaian (x)": null, "koordinat calon lokasi persemaian (y)": null, "koordinat calon lokasi penanaman (x)": null, "koordinat calon lokasi penanaman (y)": null, "penyuluh kehutanan pendamping": null, "keterangan": null, "cdk": "CDK V" }, "geometry": { "type": "Point", "coordinates": [ 107.875, -7.039 ] } },
{ "type": "Feature", "properties": { "no": 326, "nama": "Entang Rustandi", "nik": 3204261408790003, "usia(tahun)": "45", "alamat": "Kp. Cibisoro, RT.001/RW.007 ", "desa": 3204101002, "kecamatan": 3204101, "kabupaten": 3204, "koordinat desa (lat)": -7.039, "koordinat desa (long)": 107.875, "koordinat calon lokasi persemaian (x)": null, "koordinat calon lokasi persemaian (y)": null, "koordinat calon lokasi penanaman (x)": null, "koordinat calon lokasi penanaman (y)": null, "penyuluh kehutanan pendamping": null, "keterangan": null, "cdk": "CDK V" }, "geometry": { "type": "Point", "coordinates": [ 107.875, -7.039 ] } },
{ "type": "Feature", "properties": { "no": 327, "nama": "Asep Cahyadi", "nik": 3204260708840001, "usia(tahun)": "40", "alamat": "Kp. Cibisoro, RT.001/RW.007 ", "desa": 3204101002, "kecamatan": 3204101, "kabupaten": 3204, "koordinat desa (lat)": -7.039, "koordinat desa (long)": 107.875, "koordinat calon lokasi persemaian (x)": null, "koordinat calon lokasi persemaian (y)": null, "koordinat calon lokasi penanaman (x)": null, "koordinat calon lokasi penanaman (y)": null, "penyuluh kehutanan pendamping": null, "keterangan": null, "cdk": "CDK V" }, "geometry": { "type": "Point", "coordinates": [ 107.875, -7.039 ] } },
{ "type": "Feature", "properties": { "no": 328, "nama": "Aripin", "nik": 3204260107660024, "usia(tahun)": "62", "alamat": "Kp. Cinarusa RT.002/RW.001", "desa": 3204101001, "kecamatan": 3204101, "kabupaten": 3204, "koordinat desa (lat)": -7.037, "koordinat desa (long)": 107.859, "koordinat calon lokasi persemaian (x)": null, "koordinat calon lokasi persemaian (y)": null, "koordinat calon lokasi penanaman (x)": null, "koordinat calon lokasi penanaman (y)": null, "penyuluh kehutanan pendamping": null, "keterangan": null, "cdk": "CDK V" }, "geometry": { "type": "Point", "coordinates": [ 107.859, -7.037 ] } },
{ "type": "Feature", "properties": { "no": 329, "nama": "Amin", "nik": 3204260101750038, "usia(tahun)": "48", "alamat": "Kp. Cinarusa RT.002/RW.001", "desa": 3204101001, "kecamatan": 3204101, "kabupaten": 3204, "koordinat desa (lat)": -7.037, "koordinat desa (long)": 107.859, "koordinat calon lokasi persemaian (x)": null, "koordinat calon lokasi persemaian (y)": null, "koordinat calon lokasi penanaman (x)": null, "koordinat calon lokasi penanaman (y)": null, "penyuluh kehutanan pendamping": null, "keterangan": null, "cdk": "CDK V" }, "geometry": { "type": "Point", "coordinates": [ 107.859, -7.037 ] } },
{ "type": "Feature", "properties": { "no": 330, "nama": "Jajang Supriatna", "nik": 320426405760002, "usia(tahun)": "50", "alamat": "Kp. Cilame RT.001/RW.008", "desa": 3204101001, "kecamatan": 3204101, "kabupaten": 3204, "koordinat desa (lat)": -7.037, "koordinat desa (long)": 107.859, "koordinat calon lokasi persemaian (x)": null, "koordinat calon lokasi persemaian (y)": null, "koordinat calon lokasi penanaman (x)": null, "koordinat calon lokasi penanaman (y)": null, "penyuluh kehutanan pendamping": null, "keterangan": null, "cdk": "CDK V" }, "geometry": { "type": "Point", "coordinates": [ 107.859, -7.037 ] } },
{ "type": "Feature", "properties": { "no": 331, "nama": "Tatang Sutardi", "nik": 3204251807640001, "usia(tahun)": "61", "alamat": "Kp.Ciseupang RT. 001 RW. ", "desa": 3204100001, "kecamatan": 3204100, "kabupaten": 3204, "koordinat desa (lat)": -6.993, "koordinat desa (long)": 107.873, "koordinat calon lokasi persemaian (x)": null, "koordinat calon lokasi persemaian (y)": null, "koordinat calon lokasi penanaman (x)": null, "koordinat calon lokasi penanaman (y)": null, "penyuluh kehutanan pendamping": null, "keterangan": null, "cdk": "CDK V" }, "geometry": { "type": "Point", "coordinates": [ 107.873, -6.993 ] } },
{ "type": "Feature", "properties": { "no": 332, "nama": "Mahmudin", "nik": 3204251010680002, "usia(tahun)": "57", "alamat": "Kp.Ciseupang RT. 003 RW. 006 ", "desa": 3204100001, "kecamatan": 3204100, "kabupaten": 3204, "koordinat desa (lat)": -6.993, "koordinat desa (long)": 107.873, "koordinat calon lokasi persemaian (x)": null, "koordinat calon lokasi persemaian (y)": null, "koordinat calon lokasi penanaman (x)": null, "koordinat calon lokasi penanaman (y)": null, "penyuluh kehutanan pendamping": null, "keterangan": null, "cdk": "CDK V" }, "geometry": { "type": "Point", "coordinates": [ 107.873, -6.993 ] } },
{ "type": "Feature", "properties": { "no": 333, "nama": "Yana Taryana", "nik": 3204252301740004, "usia(tahun)": "51", "alamat": "Kp.Cikahuripan RT. 004 RW. 009 ", "desa": 3204100001, "kecamatan": 3204100, "kabupaten": 3204, "koordinat desa (lat)": -6.993, "koordinat desa (long)": 107.873, "koordinat calon lokasi persemaian (x)": null, "koordinat calon lokasi persemaian (y)": null, "koordinat calon lokasi penanaman (x)": null, "koordinat calon lokasi penanaman (y)": null, "penyuluh kehutanan pendamping": null, "keterangan": null, "cdk": "CDK V" }, "geometry": { "type": "Point", "coordinates": [ 107.873, -6.993 ] } },
{ "type": "Feature", "properties": { "no": 334, "nama": "Engkan Karsono", "nik": 3204150107570130, "usia(tahun)": "68", "alamat": "Kampung Baru RT 003 / RW 006 ", "desa": 3204040013, "kecamatan": 3204040, "kabupaten": 3204, "koordinat desa (lat)": -7.135, "koordinat desa (long)": 107.54, "koordinat calon lokasi persemaian (x)": null, "koordinat calon lokasi persemaian (y)": null, "koordinat calon lokasi penanaman (x)": null, "koordinat calon lokasi penanaman (y)": null, "penyuluh kehutanan pendamping": null, "keterangan": null, "cdk": "CDK V" }, "geometry": { "type": "Point", "coordinates": [ 107.54, -7.135 ] } },
{ "type": "Feature", "properties": { "no": 335, "nama": "Nur Sodikin", "nik": 3204130712850009, "usia(tahun)": "40", "alamat": "Kampung Baru RT 003 / RW 006 ", "desa": 3204040013, "kecamatan": 3204040, "kabupaten": 3204, "koordinat desa (lat)": -7.135, "koordinat desa (long)": 107.54, "koordinat calon lokasi persemaian (x)": null, "koordinat calon lokasi persemaian (y)": null, "koordinat calon lokasi penanaman (x)": null, "koordinat calon lokasi penanaman (y)": null, "penyuluh kehutanan pendamping": null, "keterangan": null, "cdk": "CDK V" }, "geometry": { "type": "Point", "coordinates": [ 107.54, -7.135 ] } },
{ "type": "Feature", "properties": { "no": 336, "nama": "Ayi Komara", "nik": 3204150701710002, "usia(tahun)": "55", "alamat": "Kp cisaninten Desa Lamajang ", "desa": 3204040013, "kecamatan": 3204040, "kabupaten": 3204, "koordinat desa (lat)": -7.135, "koordinat desa (long)": 107.54, "koordinat calon lokasi persemaian (x)": null, "koordinat calon lokasi persemaian (y)": null, "koordinat calon lokasi penanaman (x)": null, "koordinat calon lokasi penanaman (y)": null, "penyuluh kehutanan pendamping": null, "keterangan": null, "cdk": "CDK V" }, "geometry": { "type": "Point", "coordinates": [ 107.54, -7.135 ] } },
{ "type": "Feature", "properties": { "no": 337, "nama": "Yoyo", "nik": 3204130407750007, "usia(tahun)": "51", "alamat": "Kp. Wangun RT 2 RW 12 ", "desa": 3204160011, "kecamatan": 3204160, "kabupaten": 3204, "koordinat desa (lat)": -7.102, "koordinat desa (long)": 107.599, "koordinat calon lokasi persemaian (x)": null, "koordinat calon lokasi persemaian (y)": null, "koordinat calon lokasi penanaman (x)": null, "koordinat calon lokasi penanaman (y)": null, "penyuluh kehutanan pendamping": null, "keterangan": null, "cdk": "CDK V" }, "geometry": { "type": "Point", "coordinates": [ 107.599, -7.102 ] } },
{ "type": "Feature", "properties": { "no": 338, "nama": "Wahyu Kuirnia", "nik": 3204130405840002, "usia(tahun)": "42", "alamat": "Kp. Wangun RT 2 RW 12 ", "desa": 3204160011, "kecamatan": 3204160, "kabupaten": 3204, "koordinat desa (lat)": -7.102, "koordinat desa (long)": 107.599, "koordinat calon lokasi persemaian (x)": null, "koordinat calon lokasi persemaian (y)": null, "koordinat calon lokasi penanaman (x)": null, "koordinat calon lokasi penanaman (y)": null, "penyuluh kehutanan pendamping": null, "keterangan": null, "cdk": "CDK V" }, "geometry": { "type": "Point", "coordinates": [ 107.599, -7.102 ] } },
{ "type": "Feature", "properties": { "no": 339, "nama": "Deden Ipan", "nik": 3204172301840002, "usia(tahun)": "42", "alamat": "Kp. Campaka, RT.1 RW 7", "desa": 3204030005, "kecamatan": 3204030, "kabupaten": 3204, "koordinat desa (lat)": -7.119, "koordinat desa (long)": 107.606, "koordinat calon lokasi persemaian (x)": null, "koordinat calon lokasi persemaian (y)": null, "koordinat calon lokasi penanaman (x)": null, "koordinat calon lokasi penanaman (y)": null, "penyuluh kehutanan pendamping": null, "keterangan": null, "cdk": "CDK V" }, "geometry": { "type": "Point", "coordinates": [ 107.606, -7.119 ] } },
{ "type": "Feature", "properties": { "no": 340, "nama": "Ajat Sudrajat", "nik": 3206033112700002, "usia(tahun)": "56", "alamat": "Kp. Bantarpari RT 002 RW 001", "desa": 3206030011, "kecamatan": 3206030, "kabupaten": 3206, "koordinat desa (lat)": -7.789, "koordinat desa (long)": 108.245, "koordinat calon lokasi persemaian (x)": null, "koordinat calon lokasi persemaian (y)": null, "koordinat calon lokasi penanaman (x)": null, "koordinat calon lokasi penanaman (y)": null, "penyuluh kehutanan pendamping": null, "keterangan": null, "cdk": "CDK VI" }, "geometry": { "type": "Point", "coordinates": [ 108.245, -7.789 ] } },
{ "type": "Feature", "properties": { "no": 341, "nama": "Edi Dimiyati", "nik": 3206030107710102, "usia(tahun)": "56", "alamat": "Kp. Cijulangadeg RT 003 RW 007", "desa": 3206030001, "kecamatan": 3206030, "kabupaten": 3206, "koordinat desa (lat)": -7.779, "koordinat desa (long)": 108.184, "koordinat calon lokasi persemaian (x)": null, "koordinat calon lokasi persemaian (y)": null, "koordinat calon lokasi penanaman (x)": null, "koordinat calon lokasi penanaman (y)": null, "penyuluh kehutanan pendamping": null, "keterangan": null, "cdk": "CDK VI" }, "geometry": { "type": "Point", "coordinates": [ 108.184, -7.779 ] } },
{ "type": "Feature", "properties": { "no": 342, "nama": "Anas Nasrudin", "nik": 3206031010770005, "usia(tahun)": "56", "alamat": "Kp. Setiamulya RT 002 RW 11", "desa": 3206030012, "kecamatan": 3206030, "kabupaten": 3206, "koordinat desa (lat)": -7.792, "koordinat desa (long)": 108.281, "koordinat calon lokasi persemaian (x)": null, "koordinat calon lokasi persemaian (y)": null, "koordinat calon lokasi penanaman (x)": null, "koordinat calon lokasi penanaman (y)": null, "penyuluh kehutanan pendamping": null, "keterangan": null, "cdk": "CDK VI" }, "geometry": { "type": "Point", "coordinates": [ 108.281, -7.792 ] } },
{ "type": "Feature", "properties": { "no": 343, "nama": "Kankan", "nik": 3206051703640001, "usia(tahun)": "62", "alamat": "Kp. Parunggolong RT 024 RW 005", "desa": 3206050006, "kecamatan": 3206050, "kabupaten": 3206, "koordinat desa (lat)": -7.586, "koordinat desa (long)": 108.269, "koordinat calon lokasi persemaian (x)": null, "koordinat calon lokasi persemaian (y)": null, "koordinat calon lokasi penanaman (x)": null, "koordinat calon lokasi penanaman (y)": null, "penyuluh kehutanan pendamping": null, "keterangan": null, "cdk": "CDK VI" }, "geometry": { "type": "Point", "coordinates": [ 108.269, -7.586 ] } },
{ "type": "Feature", "properties": { "no": 344, "nama": "Wawan Kusmawan", "nik": 6301093005740001, "usia(tahun)": "52", "alamat": "Kp. Pakemitan Ii RT 009 RW 005", "desa": 3206050004, "kecamatan": 3206050, "kabupaten": 3206, "koordinat desa (lat)": -7.616, "koordinat desa (long)": 108.252, "koordinat calon lokasi persemaian (x)": null, "koordinat calon lokasi persemaian (y)": null, "koordinat calon lokasi penanaman (x)": null, "koordinat calon lokasi penanaman (y)": null, "penyuluh kehutanan pendamping": null, "keterangan": null, "cdk": "CDK VI" }, "geometry": { "type": "Point", "coordinates": [ 108.252, -7.616 ] } },
{ "type": "Feature", "properties": { "no": 345, "nama": "Dani Supriadi", "nik": 3206050507780001, "usia(tahun)": "47", "alamat": "Kp. Citereup RT 002 RW 013", "desa": 3206050004, "kecamatan": 3206050, "kabupaten": 3206, "koordinat desa (lat)": -7.616, "koordinat desa (long)": 108.252, "koordinat calon lokasi persemaian (x)": null, "koordinat calon lokasi persemaian (y)": null, "koordinat calon lokasi penanaman (x)": null, "koordinat calon lokasi penanaman (y)": null, "penyuluh kehutanan pendamping": null, "keterangan": null, "cdk": "CDK VI" }, "geometry": { "type": "Point", "coordinates": [ 108.252, -7.616 ] } },
{ "type": "Feature", "properties": { "no": 346, "nama": "Ahmad", "nik": 3206010904680005, "usia(tahun)": "60", "alamat": "Kp. Cibatear RT 003 RW 013", "desa": 3206072001, "kecamatan": 3206072, "kabupaten": 3206, "koordinat desa (lat)": -7.63, "koordinat desa (long)": 108.025, "koordinat calon lokasi persemaian (x)": null, "koordinat calon lokasi persemaian (y)": null, "koordinat calon lokasi penanaman (x)": null, "koordinat calon lokasi penanaman (y)": null, "penyuluh kehutanan pendamping": null, "keterangan": null, "cdk": "CDK VI" }, "geometry": { "type": "Point", "coordinates": [ 108.025, -7.63 ] } },
{ "type": "Feature", "properties": { "no": 347, "nama": "Mamat Ruhimat", "nik": 3206101506710004, "usia(tahun)": "55", "alamat": "Kp. Cibarengkok RT 010 RW 012", "desa": 3206072003, "kecamatan": 3206072, "kabupaten": 3206, "koordinat desa (lat)": -7.589, "koordinat desa (long)": 108.012, "koordinat calon lokasi persemaian (x)": null, "koordinat calon lokasi persemaian (y)": null, "koordinat calon lokasi penanaman (x)": null, "koordinat calon lokasi penanaman (y)": null, "penyuluh kehutanan pendamping": null, "keterangan": null, "cdk": "CDK VI" }, "geometry": { "type": "Point", "coordinates": [ 108.012, -7.589 ] } },
{ "type": "Feature", "properties": { "no": 348, "nama": "Mansur Suryana", "nik": 3206101210750004, "usia(tahun)": "51", "alamat": "Kp. Culamega RT 001 RW 001", "desa": 3206072001, "kecamatan": 3206072, "kabupaten": 3206, "koordinat desa (lat)": -7.63, "koordinat desa (long)": 108.025, "koordinat calon lokasi persemaian (x)": null, "koordinat calon lokasi persemaian (y)": null, "koordinat calon lokasi penanaman (x)": null, "koordinat calon lokasi penanaman (y)": null, "penyuluh kehutanan pendamping": null, "keterangan": null, "cdk": "CDK VI" }, "geometry": { "type": "Point", "coordinates": [ 108.025, -7.63 ] } },
{ "type": "Feature", "properties": { "no": 349, "nama": "Jalil Sutisna", "nik": 3206270107620372, "usia(tahun)": "64", "alamat": "Kp. Kampung Kadupugur RT 22 RW 07", "desa": 3206200011, "kecamatan": 3206200, "kabupaten": 3206, "koordinat desa (lat)": -7.316, "koordinat desa (long)": 108.035, "koordinat calon lokasi persemaian (x)": null, "koordinat calon lokasi persemaian (y)": null, "koordinat calon lokasi penanaman (x)": null, "koordinat calon lokasi penanaman (y)": null, "penyuluh kehutanan pendamping": null, "keterangan": null, "cdk": "CDK VI" }, "geometry": { "type": "Point", "coordinates": [ 108.035, -7.316 ] } },
{ "type": "Feature", "properties": { "no": 350, "nama": "Elim", "nik": 3206271803660002, "usia(tahun)": "60", "alamat": "Kp. Cigalontang RT 002 RW 005", "desa": 3206200013, "kecamatan": 3206200, "kabupaten": 3206, "koordinat desa (lat)": -7.302, "koordinat desa (long)": 107.997, "koordinat calon lokasi persemaian (x)": null, "koordinat calon lokasi persemaian (y)": null, "koordinat calon lokasi penanaman (x)": null, "koordinat calon lokasi penanaman (y)": null, "penyuluh kehutanan pendamping": null, "keterangan": null, "cdk": "CDK VI" }, "geometry": { "type": "Point", "coordinates": [ 107.997, -7.302 ] } },
{ "type": "Feature", "properties": { "no": 351, "nama": "Ejen", "nik": 3206271509610005, "usia(tahun)": "65", "alamat": "Kp. Cigalontang RT 018 RW 006", "desa": 3206200013, "kecamatan": 3206200, "kabupaten": 3206, "koordinat desa (lat)": -7.302, "koordinat desa (long)": 107.997, "koordinat calon lokasi persemaian (x)": null, "koordinat calon lokasi persemaian (y)": null, "koordinat calon lokasi penanaman (x)": null, "koordinat calon lokasi penanaman (y)": null, "penyuluh kehutanan pendamping": null, "keterangan": null, "cdk": "CDK VI" }, "geometry": { "type": "Point", "coordinates": [ 107.997, -7.302 ] } },
{ "type": "Feature", "properties": { "no": 352, "nama": "Nunu", "nik": 3206121203730001, "usia(tahun)": "52", "alamat": "Kp. Curugdampit RT 021 RW 009", "desa": 3206090001, "kecamatan": 3206090, "kabupaten": 3206, "koordinat desa (lat)": -7.502, "koordinat desa (long)": 108.006, "koordinat calon lokasi persemaian (x)": null, "koordinat calon lokasi persemaian (y)": null, "koordinat calon lokasi penanaman (x)": null, "koordinat calon lokasi penanaman (y)": null, "penyuluh kehutanan pendamping": null, "keterangan": null, "cdk": "CDK VI" }, "geometry": { "type": "Point", "coordinates": [ 108.006, -7.502 ] } },
{ "type": "Feature", "properties": { "no": 353, "nama": "Kostaman", "nik": 3206122312650001, "usia(tahun)": "60", "alamat": "Kp. Cikaso RT 001 RW 001", "desa": 3206090001, "kecamatan": 3206090, "kabupaten": 3206, "koordinat desa (lat)": -7.502, "koordinat desa (long)": 108.006, "koordinat calon lokasi persemaian (x)": null, "koordinat calon lokasi persemaian (y)": null, "koordinat calon lokasi penanaman (x)": null, "koordinat calon lokasi penanaman (y)": null, "penyuluh kehutanan pendamping": null, "keterangan": null, "cdk": "CDK VI" }, "geometry": { "type": "Point", "coordinates": [ 108.006, -7.502 ] } },
{ "type": "Feature", "properties": { "no": 354, "nama": "Patudin", "nik": 3206120107500416, "usia(tahun)": "63", "alamat": "Kp. Cikubang RT 023 RW 010", "desa": 3206090001, "kecamatan": 3206090, "kabupaten": 3206, "koordinat desa (lat)": -7.502, "koordinat desa (long)": 108.006, "koordinat calon lokasi persemaian (x)": null, "koordinat calon lokasi persemaian (y)": null, "koordinat calon lokasi penanaman (x)": null, "koordinat calon lokasi penanaman (y)": null, "penyuluh kehutanan pendamping": null, "keterangan": null, "cdk": "CDK VI" }, "geometry": { "type": "Point", "coordinates": [ 108.006, -7.502 ] } },
{ "type": "Feature", "properties": { "no": 355, "nama": "Andi Sopandi", "nik": 3206292412840005, "usia(tahun)": "41", "alamat": "Kp. Sukajaya RT 007 RW 003", "desa": 3206161003, "kecamatan": 3206161, "kabupaten": 3206, "koordinat desa (lat)": -7.43, "koordinat desa (long)": 108.303, "koordinat calon lokasi persemaian (x)": null, "koordinat calon lokasi persemaian (y)": null, "koordinat calon lokasi penanaman (x)": null, "koordinat calon lokasi penanaman (y)": null, "penyuluh kehutanan pendamping": null, "keterangan": null, "cdk": "CDK VI" }, "geometry": { "type": "Point", "coordinates": [ 108.303, -7.43 ] } },
{ "type": "Feature", "properties": { "no": 356, "nama": "Rosid", "nik": 3206230102720004, "usia(tahun)": "53", "alamat": "Kp. Sukajaya RT 008 RW 003", "desa": 3206161003, "kecamatan": 3206161, "kabupaten": 3206, "koordinat desa (lat)": -7.43, "koordinat desa (long)": 108.303, "koordinat calon lokasi persemaian (x)": null, "koordinat calon lokasi persemaian (y)": null, "koordinat calon lokasi penanaman (x)": null, "koordinat calon lokasi penanaman (y)": null, "penyuluh kehutanan pendamping": null, "keterangan": null, "cdk": "CDK VI" }, "geometry": { "type": "Point", "coordinates": [ 108.303, -7.43 ] } },
{ "type": "Feature", "properties": { "no": 357, "nama": "Yana Mulyadin", "nik": 3206232007830005, "usia(tahun)": "42", "alamat": "Kp. Pasirmuncang RT 014 RW 005", "desa": 3206161004, "kecamatan": 3206161, "kabupaten": 3206, "koordinat desa (lat)": -7.413, "koordinat desa (long)": 108.311, "koordinat calon lokasi persemaian (x)": null, "koordinat calon lokasi persemaian (y)": null, "koordinat calon lokasi penanaman (x)": null, "koordinat calon lokasi penanaman (y)": null, "penyuluh kehutanan pendamping": null, "keterangan": null, "cdk": "CDK VI" }, "geometry": { "type": "Point", "coordinates": [ 108.311, -7.413 ] } },
{ "type": "Feature", "properties": { "no": 358, "nama": "Ading Susanto", "nik": 3206371004710001, "usia(tahun)": "54", "alamat": "Kp. Trowek RT 006 RW 004", "desa": 3206261004, "kecamatan": 3206261, "kabupaten": 3206, "koordinat desa (lat)": -7.136, "koordinat desa (long)": 108.105, "koordinat calon lokasi persemaian (x)": null, "koordinat calon lokasi persemaian (y)": null, "koordinat calon lokasi penanaman (x)": null, "koordinat calon lokasi penanaman (y)": null, "penyuluh kehutanan pendamping": null, "keterangan": null, "cdk": "CDK VI" }, "geometry": { "type": "Point", "coordinates": [ 108.105, -7.136 ] } },
{ "type": "Feature", "properties": { "no": 359, "nama": "Dudung Sunarwan", "nik": 3206370611680001, "usia(tahun)": "55", "alamat": "Kp. Ciselang RT 003 RW 003", "desa": 3206261006, "kecamatan": 3206261, "kabupaten": 3206, "koordinat desa (lat)": -7.121, "koordinat desa (long)": 108.092, "koordinat calon lokasi persemaian (x)": null, "koordinat calon lokasi persemaian (y)": null, "koordinat calon lokasi penanaman (x)": null, "koordinat calon lokasi penanaman (y)": null, "penyuluh kehutanan pendamping": null, "keterangan": null, "cdk": "CDK VI" }, "geometry": { "type": "Point", "coordinates": [ 108.092, -7.121 ] } },
{ "type": "Feature", "properties": { "no": 360, "nama": "Robani Robi", "nik": 3206372202780003, "usia(tahun)": "48", "alamat": "Kp. Cipurut RT 001 RW 008", "desa": 3206261003, "kecamatan": 3206261, "kabupaten": 3206, "koordinat desa (lat)": -7.138, "koordinat desa (long)": 108.127, "koordinat calon lokasi persemaian (x)": null, "koordinat calon lokasi persemaian (y)": null, "koordinat calon lokasi penanaman (x)": null, "koordinat calon lokasi penanaman (y)": null, "penyuluh kehutanan pendamping": null, "keterangan": null, "cdk": "CDK VI" }, "geometry": { "type": "Point", "coordinates": [ 108.127, -7.138 ] } },
{ "type": "Feature", "properties": { "no": 361, "nama": "Soni Solehudin", "nik": 3278050605860006, "usia(tahun)": "40", "alamat": "Kp. Anaka RT 001 RW 008", "desa": 3278010002, "kecamatan": 3278010, "kabupaten": 3278, "koordinat desa (lat)": -7.43, "koordinat desa (long)": 108.207, "koordinat calon lokasi persemaian (x)": null, "koordinat calon lokasi persemaian (y)": null, "koordinat calon lokasi penanaman (x)": null, "koordinat calon lokasi penanaman (y)": null, "penyuluh kehutanan pendamping": null, "keterangan": null, "cdk": "CDK VI" }, "geometry": { "type": "Point", "coordinates": [ 108.207, -7.43 ] } },
{ "type": "Feature", "properties": { "no": 362, "nama": "Budiyana", "nik": 3278051011770003, "usia(tahun)": "48", "alamat": "Kp. Sukajaya RT 001 RW 009", "desa": 3278010002, "kecamatan": 3278010, "kabupaten": 3278, "koordinat desa (lat)": -7.43, "koordinat desa (long)": 108.207, "koordinat calon lokasi persemaian (x)": null, "koordinat calon lokasi persemaian (y)": null, "koordinat calon lokasi penanaman (x)": null, "koordinat calon lokasi penanaman (y)": null, "penyuluh kehutanan pendamping": null, "keterangan": null, "cdk": "CDK VI" }, "geometry": { "type": "Point", "coordinates": [ 108.207, -7.43 ] } },
{ "type": "Feature", "properties": { "no": 363, "nama": "Heri Irawan", "nik": 3278051810800004, "usia(tahun)": "45", "alamat": "Kp. Urug Lapang, RT 001 RW 001", "desa": 3278010002, "kecamatan": 3278010, "kabupaten": 3278, "koordinat desa (lat)": -7.43, "koordinat desa (long)": 108.207, "koordinat calon lokasi persemaian (x)": null, "koordinat calon lokasi persemaian (y)": null, "koordinat calon lokasi penanaman (x)": null, "koordinat calon lokasi penanaman (y)": null, "penyuluh kehutanan pendamping": null, "keterangan": null, "cdk": "CDK VI" }, "geometry": { "type": "Point", "coordinates": [ 108.207, -7.43 ] } },
{ "type": "Feature", "properties": { "no": 364, "nama": "Nasrudin", "nik": 3206380107640118, "usia(tahun)": "62", "alamat": "Kp. Cikadu RT 003 RW 010", "desa": 3206270016, "kecamatan": 3206270, "kabupaten": 3206, "koordinat desa (lat)": -7.089, "koordinat desa (long)": 108.193, "koordinat calon lokasi persemaian (x)": null, "koordinat calon lokasi persemaian (y)": null, "koordinat calon lokasi penanaman (x)": null, "koordinat calon lokasi penanaman (y)": null, "penyuluh kehutanan pendamping": null, "keterangan": null, "cdk": "CDK VI" }, "geometry": { "type": "Point", "coordinates": [ 108.193, -7.089 ] } },
{ "type": "Feature", "properties": { "no": 365, "nama": "Asep Hidayat", "nik": 3206362408610001, "usia(tahun)": "65", "alamat": "Kp. Cikadu RT 001 RW 010", "desa": 3206270016, "kecamatan": 3206270, "kabupaten": 3206, "koordinat desa (lat)": -7.089, "koordinat desa (long)": 108.193, "koordinat calon lokasi persemaian (x)": null, "koordinat calon lokasi persemaian (y)": null, "koordinat calon lokasi penanaman (x)": null, "koordinat calon lokasi penanaman (y)": null, "penyuluh kehutanan pendamping": null, "keterangan": null, "cdk": "CDK VI" }, "geometry": { "type": "Point", "coordinates": [ 108.193, -7.089 ] } },
{ "type": "Feature", "properties": { "no": 366, "nama": "Amin", "nik": 3206380107660140, "usia(tahun)": "59", "alamat": "Kp. Bojot RT 001 RW 008", "desa": 3206270018, "kecamatan": 3206270, "kabupaten": 3206, "koordinat desa (lat)": -7.093, "koordinat desa (long)": 108.148, "koordinat calon lokasi persemaian (x)": null, "koordinat calon lokasi persemaian (y)": null, "koordinat calon lokasi penanaman (x)": null, "koordinat calon lokasi penanaman (y)": null, "penyuluh kehutanan pendamping": null, "keterangan": null, "cdk": "CDK VI" }, "geometry": { "type": "Point", "coordinates": [ 108.148, -7.093 ] } },
{ "type": "Feature", "properties": { "no": 367, "nama": "Dedi Suryadi", "nik": 3206141605610001, "usia(tahun)": "63", "alamat": "Kp. Cikiray RT 030 RW 006", "desa": 3206110018, "kecamatan": 3206110, "kabupaten": 3206, "koordinat desa (lat)": -7.381, "koordinat desa (long)": 108.021, "koordinat calon lokasi persemaian (x)": null, "koordinat calon lokasi persemaian (y)": null, "koordinat calon lokasi penanaman (x)": null, "koordinat calon lokasi penanaman (y)": null, "penyuluh kehutanan pendamping": null, "keterangan": null, "cdk": "CDK VI" }, "geometry": { "type": "Point", "coordinates": [ 108.021, -7.381 ] } },
{ "type": "Feature", "properties": { "no": 368, "nama": "E. Saepuloh", "nik": 3206140709730003, "usia(tahun)": "52", "alamat": "Kp. Cikiray RT 022 RW 006", "desa": 3206110018, "kecamatan": 3206110, "kabupaten": 3206, "koordinat desa (lat)": -7.381, "koordinat desa (long)": 108.021, "koordinat calon lokasi persemaian (x)": null, "koordinat calon lokasi persemaian (y)": null, "koordinat calon lokasi penanaman (x)": null, "koordinat calon lokasi penanaman (y)": null, "penyuluh kehutanan pendamping": null, "keterangan": null, "cdk": "CDK VI" }, "geometry": { "type": "Point", "coordinates": [ 108.021, -7.381 ] } },
{ "type": "Feature", "properties": { "no": 369, "nama": "Nandang Sutisna", "nik": 3206141704720001, "usia(tahun)": "49", "alamat": "Kp. Cikiray RT 030 RW 006", "desa": 3206110018, "kecamatan": 3206110, "kabupaten": 3206, "koordinat desa (lat)": -7.381, "koordinat desa (long)": 108.021, "koordinat calon lokasi persemaian (x)": null, "koordinat calon lokasi persemaian (y)": null, "koordinat calon lokasi penanaman (x)": null, "koordinat calon lokasi penanaman (y)": null, "penyuluh kehutanan pendamping": null, "keterangan": null, "cdk": "CDK VI" }, "geometry": { "type": "Point", "coordinates": [ 108.021, -7.381 ] } },
{ "type": "Feature", "properties": { "no": 370, "nama": "Matin", "nik": 3206080407760002, "usia(tahun)": "49", "alamat": "Kp. Panyalahan RT 001 RW 003", "desa": 3206070009, "kecamatan": 3206070, "kabupaten": 3206, "koordinat desa (lat)": -7.569, "koordinat desa (long)": 108.078, "koordinat calon lokasi persemaian (x)": null, "koordinat calon lokasi persemaian (y)": null, "koordinat calon lokasi penanaman (x)": null, "koordinat calon lokasi penanaman (y)": null, "penyuluh kehutanan pendamping": null, "keterangan": null, "cdk": "CDK VI" }, "geometry": { "type": "Point", "coordinates": [ 108.078, -7.569 ] } },
{ "type": "Feature", "properties": { "no": 371, "nama": "E. Badrusalam", "nik": 3206081505660003, "usia(tahun)": "59", "alamat": "Kp. Panyalahan RT 004 RW 003", "desa": 3206070009, "kecamatan": 3206070, "kabupaten": 3206, "koordinat desa (lat)": -7.569, "koordinat desa (long)": 108.078, "koordinat calon lokasi persemaian (x)": null, "koordinat calon lokasi persemaian (y)": null, "koordinat calon lokasi penanaman (x)": null, "koordinat calon lokasi penanaman (y)": null, "penyuluh kehutanan pendamping": null, "keterangan": null, "cdk": "CDK VI" }, "geometry": { "type": "Point", "coordinates": [ 108.078, -7.569 ] } },
{ "type": "Feature", "properties": { "no": 372, "nama": "Rondi", "nik": 3206081010820004, "usia(tahun)": "42", "alamat": "Kp. Pamijahan RT 011 RW 002", "desa": 3206070009, "kecamatan": 3206070, "kabupaten": 3206, "koordinat desa (lat)": -7.569, "koordinat desa (long)": 108.078, "koordinat calon lokasi persemaian (x)": null, "koordinat calon lokasi persemaian (y)": null, "koordinat calon lokasi penanaman (x)": null, "koordinat calon lokasi penanaman (y)": null, "penyuluh kehutanan pendamping": null, "keterangan": null, "cdk": "CDK VI" }, "geometry": { "type": "Point", "coordinates": [ 108.078, -7.569 ] } },
{ "type": "Feature", "properties": { "no": 373, "nama": "Shafar", "nik": 3206090106770001, "usia(tahun)": "48", "alamat": "Kp. Nagrak RT 001 RW 003", "desa": 3206071001, "kecamatan": 3206071, "kabupaten": 3206, "koordinat desa (lat)": -7.574, "koordinat desa (long)": 108.12, "koordinat calon lokasi persemaian (x)": null, "koordinat calon lokasi persemaian (y)": null, "koordinat calon lokasi penanaman (x)": null, "koordinat calon lokasi penanaman (y)": null, "penyuluh kehutanan pendamping": null, "keterangan": null, "cdk": "CDK VI" }, "geometry": { "type": "Point", "coordinates": [ 108.12, -7.574 ] } },
{ "type": "Feature", "properties": { "no": 374, "nama": "Mamat", "nik": 3206090112600001, "usia(tahun)": "56", "alamat": "Kp. Cipaku RT 001 RW 005", "desa": 3206071003, "kecamatan": 3206071, "kabupaten": 3206, "koordinat desa (lat)": -7.547, "koordinat desa (long)": 108.153, "koordinat calon lokasi persemaian (x)": null, "koordinat calon lokasi persemaian (y)": null, "koordinat calon lokasi penanaman (x)": null, "koordinat calon lokasi penanaman (y)": null, "penyuluh kehutanan pendamping": null, "keterangan": null, "cdk": "CDK VI" }, "geometry": { "type": "Point", "coordinates": [ 108.153, -7.547 ] } },
{ "type": "Feature", "properties": { "no": 375, "nama": "Naya", "nik": 3206091605640001, "usia(tahun)": "60", "alamat": "Kp. Cipaku RT 001 RW 005", "desa": 3206071003, "kecamatan": 3206071, "kabupaten": 3206, "koordinat desa (lat)": -7.547, "koordinat desa (long)": 108.153, "koordinat calon lokasi persemaian (x)": null, "koordinat calon lokasi persemaian (y)": null, "koordinat calon lokasi penanaman (x)": null, "koordinat calon lokasi penanaman (y)": null, "penyuluh kehutanan pendamping": null, "keterangan": null, "cdk": "CDK VI" }, "geometry": { "type": "Point", "coordinates": [ 108.153, -7.547 ] } },
{ "type": "Feature", "properties": { "no": 376, "nama": "Jejen", "nik": 3206111506740001, "usia(tahun)": "52", "alamat": "Kp. Cibeureum RT 003 RW 002", "desa": 3206080003, "kecamatan": 3206080, "kabupaten": 3206, "koordinat desa (lat)": -7.567, "koordinat desa (long)": 107.954, "koordinat calon lokasi persemaian (x)": null, "koordinat calon lokasi persemaian (y)": null, "koordinat calon lokasi penanaman (x)": null, "koordinat calon lokasi penanaman (y)": null, "penyuluh kehutanan pendamping": null, "keterangan": null, "cdk": "CDK VI" }, "geometry": { "type": "Point", "coordinates": [ 107.954, -7.567 ] } },
{ "type": "Feature", "properties": { "no": 377, "nama": "Oman", "nik": 3206110811760001, "usia(tahun)": "50", "alamat": "Kp. Pasirnagara RT 004 RW 004", "desa": 3206080003, "kecamatan": 3206080, "kabupaten": 3206, "koordinat desa (lat)": -7.567, "koordinat desa (long)": 107.954, "koordinat calon lokasi persemaian (x)": null, "koordinat calon lokasi persemaian (y)": null, "koordinat calon lokasi penanaman (x)": null, "koordinat calon lokasi penanaman (y)": null, "penyuluh kehutanan pendamping": null, "keterangan": null, "cdk": "CDK VI" }, "geometry": { "type": "Point", "coordinates": [ 107.954, -7.567 ] } },
{ "type": "Feature", "properties": { "no": 378, "nama": "Solehudin", "nik": 3206111601830001, "usia(tahun)": "43", "alamat": "Kp. Cibeureum RT 004 RW 003", "desa": 3206080003, "kecamatan": 3206080, "kabupaten": 3206, "koordinat desa (lat)": -7.567, "koordinat desa (long)": 107.954, "koordinat calon lokasi persemaian (x)": null, "koordinat calon lokasi persemaian (y)": null, "koordinat calon lokasi penanaman (x)": null, "koordinat calon lokasi penanaman (y)": null, "penyuluh kehutanan pendamping": null, "keterangan": null, "cdk": "CDK VI" }, "geometry": { "type": "Point", "coordinates": [ 107.954, -7.567 ] } },
{ "type": "Feature", "properties": { "no": 379, "nama": "Saehu", "nik": 3206021004710001, "usia(tahun)": "54", "alamat": "Kp. Cidadap RT 003 RW 001", "desa": 3206020001, "kecamatan": 3206020, "kabupaten": 3206, "koordinat desa (lat)": -7.768, "koordinat desa (long)": 108.138, "koordinat calon lokasi persemaian (x)": null, "koordinat calon lokasi persemaian (y)": null, "koordinat calon lokasi penanaman (x)": null, "koordinat calon lokasi penanaman (y)": null, "penyuluh kehutanan pendamping": null, "keterangan": null, "cdk": "CDK VI" }, "geometry": { "type": "Point", "coordinates": [ 108.138, -7.768 ] } },
{ "type": "Feature", "properties": { "no": 380, "nama": "Iwa Purwana", "nik": 3206010511740002, "usia(tahun)": "51", "alamat": "Kp. Panglayungan RT 005 RW 001", "desa": 3206010003, "kecamatan": 3206010, "kabupaten": 3206, "koordinat desa (lat)": -7.716, "koordinat desa (long)": 107.999, "koordinat calon lokasi persemaian (x)": null, "koordinat calon lokasi persemaian (y)": null, "koordinat calon lokasi penanaman (x)": null, "koordinat calon lokasi penanaman (y)": null, "penyuluh kehutanan pendamping": null, "keterangan": null, "cdk": "CDK VI" }, "geometry": { "type": "Point", "coordinates": [ 107.999, -7.716 ] } },
{ "type": "Feature", "properties": { "no": 381, "nama": "Dulia", "nik": 3206011406570002, "usia(tahun)": "69", "alamat": "Kp. Cisaat 2 RT 010 RW 002", "desa": 3206010005, "kecamatan": 3206010, "kabupaten": 3206, "koordinat desa (lat)": -7.745, "koordinat desa (long)": 108.057, "koordinat calon lokasi persemaian (x)": null, "koordinat calon lokasi persemaian (y)": null, "koordinat calon lokasi penanaman (x)": null, "koordinat calon lokasi penanaman (y)": null, "penyuluh kehutanan pendamping": null, "keterangan": null, "cdk": "CDK VI" }, "geometry": { "type": "Point", "coordinates": [ 108.057, -7.745 ] } },
{ "type": "Feature", "properties": { "no": 382, "nama": "Mahesa Zam Zam Zaitun", "nik": 3204052508790002, "usia(tahun)": "47", "alamat": "Kp. Selareuma RT 020 RW 008", "desa": 3206210008, "kecamatan": 3206210, "kabupaten": 3206, "koordinat desa (lat)": -7.319, "koordinat desa (long)": 108.102, "koordinat calon lokasi persemaian (x)": null, "koordinat calon lokasi persemaian (y)": null, "koordinat calon lokasi penanaman (x)": null, "koordinat calon lokasi penanaman (y)": null, "penyuluh kehutanan pendamping": null, "keterangan": null, "cdk": "CDK VI" }, "geometry": { "type": "Point", "coordinates": [ 108.102, -7.319 ] } },
{ "type": "Feature", "properties": { "no": 383, "nama": "Dadang Koswana", "nik": 3206301005740002, "usia(tahun)": "52", "alamat": "Kp. Malaganti RT 001 RW 003", "desa": 3206211008, "kecamatan": 3206211, "kabupaten": 3206, "koordinat desa (lat)": -7.273, "koordinat desa (long)": 108.046, "koordinat calon lokasi persemaian (x)": null, "koordinat calon lokasi persemaian (y)": null, "koordinat calon lokasi penanaman (x)": null, "koordinat calon lokasi penanaman (y)": null, "penyuluh kehutanan pendamping": null, "keterangan": null, "cdk": "CDK VI" }, "geometry": { "type": "Point", "coordinates": [ 108.046, -7.273 ] } },
{ "type": "Feature", "properties": { "no": 384, "nama": "Arip Saripudin", "nik": 3206301002740001, "usia(tahun)": "52", "alamat": "Kp. Tegalmunding RT 012 RW 005", "desa": 3206211007, "kecamatan": 3206211, "kabupaten": 3206, "koordinat desa (lat)": -7.291, "koordinat desa (long)": 108.065, "koordinat calon lokasi persemaian (x)": null, "koordinat calon lokasi persemaian (y)": null, "koordinat calon lokasi penanaman (x)": null, "koordinat calon lokasi penanaman (y)": null, "penyuluh kehutanan pendamping": null, "keterangan": null, "cdk": "CDK VI" }, "geometry": { "type": "Point", "coordinates": [ 108.065, -7.291 ] } },
{ "type": "Feature", "properties": { "no": 385, "nama": "Utang Hidayat", "nik": 3206291108720003, "usia(tahun)": "53", "alamat": "Kp. Pasiripis RT 007 RW 004", "desa": 3206212004, "kecamatan": 3206212, "kabupaten": 3206, "koordinat desa (lat)": -7.291, "koordinat desa (long)": 108.106, "koordinat calon lokasi persemaian (x)": null, "koordinat calon lokasi persemaian (y)": null, "koordinat calon lokasi penanaman (x)": null, "koordinat calon lokasi penanaman (y)": null, "penyuluh kehutanan pendamping": null, "keterangan": null, "cdk": "CDK VI" }, "geometry": { "type": "Point", "coordinates": [ 108.106, -7.291 ] } },
{ "type": "Feature", "properties": { "no": 386, "nama": "Amud", "nik": 3206291504750004, "usia(tahun)": "50", "alamat": "Kp. Pasiripis RT 001 RW 004", "desa": 3206212004, "kecamatan": 3206212, "kabupaten": 3206, "koordinat desa (lat)": -7.291, "koordinat desa (long)": 108.106, "koordinat calon lokasi persemaian (x)": null, "koordinat calon lokasi persemaian (y)": null, "koordinat calon lokasi penanaman (x)": null, "koordinat calon lokasi penanaman (y)": null, "penyuluh kehutanan pendamping": null, "keterangan": null, "cdk": "CDK VI" }, "geometry": { "type": "Point", "coordinates": [ 108.106, -7.291 ] } },
{ "type": "Feature", "properties": { "no": 387, "nama": "Iwan Ridwan", "nik": 3206281505770013, "usia(tahun)": "49", "alamat": "Kp. Peundeuy RT 011 RW 003", "desa": 3206210018, "kecamatan": 3206210, "kabupaten": 3206, "koordinat desa (lat)": -7.288, "koordinat desa (long)": 108.094, "koordinat calon lokasi persemaian (x)": null, "koordinat calon lokasi persemaian (y)": null, "koordinat calon lokasi penanaman (x)": null, "koordinat calon lokasi penanaman (y)": null, "penyuluh kehutanan pendamping": null, "keterangan": null, "cdk": "CDK VI" }, "geometry": { "type": "Point", "coordinates": [ 108.094, -7.288 ] } },
{ "type": "Feature", "properties": { "no": 388, "nama": "Sumpena", "nik": 3206150702520003, "usia(tahun)": "74", "alamat": "Kp. Garawangi RT 016 RW 005", "desa": 3206111004, "kecamatan": 3206111, "kabupaten": 3206, "koordinat desa (lat)": -7.42, "koordinat desa (long)": 108.046, "koordinat calon lokasi persemaian (x)": null, "koordinat calon lokasi persemaian (y)": null, "koordinat calon lokasi penanaman (x)": null, "koordinat calon lokasi penanaman (y)": null, "penyuluh kehutanan pendamping": null, "keterangan": null, "cdk": "CDK VI" }, "geometry": { "type": "Point", "coordinates": [ 108.046, -7.42 ] } },
{ "type": "Feature", "properties": { "no": 389, "nama": "Upar Setiawan", "nik": 3206150501750001, "usia(tahun)": "51", "alamat": "Kp. Karet RT 030 RW 005", "desa": 3206111001, "kecamatan": 3206111, "kabupaten": 3206, "koordinat desa (lat)": -7.408, "koordinat desa (long)": 107.975, "koordinat calon lokasi persemaian (x)": null, "koordinat calon lokasi persemaian (y)": null, "koordinat calon lokasi penanaman (x)": null, "koordinat calon lokasi penanaman (y)": null, "penyuluh kehutanan pendamping": null, "keterangan": null, "cdk": "CDK VI" }, "geometry": { "type": "Point", "coordinates": [ 107.975, -7.408 ] } },
{ "type": "Feature", "properties": { "no": 390, "nama": "Idan", "nik": 3206151604750001, "usia(tahun)": "51", "alamat": "Kp. Sukamekar RT 020 RW 004", "desa": 3206111001, "kecamatan": 3206111, "kabupaten": 3206, "koordinat desa (lat)": -7.408, "koordinat desa (long)": 107.975, "koordinat calon lokasi persemaian (x)": null, "koordinat calon lokasi persemaian (y)": null, "koordinat calon lokasi penanaman (x)": null, "koordinat calon lokasi penanaman (y)": null, "penyuluh kehutanan pendamping": null, "keterangan": null, "cdk": "CDK VI" }, "geometry": { "type": "Point", "coordinates": [ 107.975, -7.408 ] } },
{ "type": "Feature", "properties": { "no": 391, "nama": "Wawan", "nik": 3206332809670001, "usia(tahun)": "58", "alamat": "Kp. Sarimukti RT 003 RW 008", "desa": 3206231005, "kecamatan": 3206231, "kabupaten": 3206, "koordinat desa (lat)": -7.214, "koordinat desa (long)": 108.091, "koordinat calon lokasi persemaian (x)": null, "koordinat calon lokasi persemaian (y)": null, "koordinat calon lokasi penanaman (x)": null, "koordinat calon lokasi penanaman (y)": null, "penyuluh kehutanan pendamping": null, "keterangan": null, "cdk": "CDK VI" }, "geometry": { "type": "Point", "coordinates": [ 108.091, -7.214 ] } },
{ "type": "Feature", "properties": { "no": 392, "nama": "Agus Yayan", "nik": 3206332801810002, "usia(tahun)": "45", "alamat": "Kp. Buniruum RT 002 RW 006", "desa": 3206231005, "kecamatan": 3206231, "kabupaten": 3206, "koordinat desa (lat)": -7.214, "koordinat desa (long)": 108.091, "koordinat calon lokasi persemaian (x)": null, "koordinat calon lokasi persemaian (y)": null, "koordinat calon lokasi penanaman (x)": null, "koordinat calon lokasi penanaman (y)": null, "penyuluh kehutanan pendamping": null, "keterangan": null, "cdk": "CDK VI" }, "geometry": { "type": "Point", "coordinates": [ 108.091, -7.214 ] } },
{ "type": "Feature", "properties": { "no": 393, "nama": "Eka Riwayat", "nik": 3206330104820003, "usia(tahun)": "44", "alamat": "Kp. Sukamulya RT 004 RW 004", "desa": 3206231005, "kecamatan": 3206231, "kabupaten": 3206, "koordinat desa (lat)": -7.214, "koordinat desa (long)": 108.091, "koordinat calon lokasi persemaian (x)": null, "koordinat calon lokasi persemaian (y)": null, "koordinat calon lokasi penanaman (x)": null, "koordinat calon lokasi penanaman (y)": null, "penyuluh kehutanan pendamping": null, "keterangan": null, "cdk": "CDK VI" }, "geometry": { "type": "Point", "coordinates": [ 108.091, -7.214 ] } },
{ "type": "Feature", "properties": { "no": 394, "nama": "Kokom Komarudin", "nik": 3206310104740000, "usia(tahun)": "51", "alamat": "Kp. Ciakar RT 006 RW 005", "desa": 3206221006, "kecamatan": 3206221, "kabupaten": 3206, "koordinat desa (lat)": -7.269, "koordinat desa (long)": 108.13, "koordinat calon lokasi persemaian (x)": null, "koordinat calon lokasi persemaian (y)": null, "koordinat calon lokasi penanaman (x)": null, "koordinat calon lokasi penanaman (y)": null, "penyuluh kehutanan pendamping": null, "keterangan": null, "cdk": "CDK VI" }, "geometry": { "type": "Point", "coordinates": [ 108.13, -7.269 ] } },
{ "type": "Feature", "properties": { "no": 395, "nama": "Ijang Solihin", "nik": 3206311002760000, "usia(tahun)": "50", "alamat": "Kp. Ciakar RT 007 RW 005", "desa": 3206221006, "kecamatan": 3206221, "kabupaten": 3206, "koordinat desa (lat)": -7.269, "koordinat desa (long)": 108.13, "koordinat calon lokasi persemaian (x)": null, "koordinat calon lokasi persemaian (y)": null, "koordinat calon lokasi penanaman (x)": null, "koordinat calon lokasi penanaman (y)": null, "penyuluh kehutanan pendamping": null, "keterangan": null, "cdk": "CDK VI" }, "geometry": { "type": "Point", "coordinates": [ 108.13, -7.269 ] } },
{ "type": "Feature", "properties": { "no": 396, "nama": "Tatang Haeruman", "nik": 3206240201850000, "usia(tahun)": "41", "alamat": "Kp. Ciakar RT 007 RW 005", "desa": 3206221006, "kecamatan": 3206221, "kabupaten": 3206, "koordinat desa (lat)": -7.269, "koordinat desa (long)": 108.13, "koordinat calon lokasi persemaian (x)": null, "koordinat calon lokasi persemaian (y)": null, "koordinat calon lokasi penanaman (x)": null, "koordinat calon lokasi penanaman (y)": null, "penyuluh kehutanan pendamping": null, "keterangan": null, "cdk": "CDK VI" }, "geometry": { "type": "Point", "coordinates": [ 108.13, -7.269 ] } },
{ "type": "Feature", "properties": { "no": 397, "nama": "Dede Saepudin", "nik": 3205141507820011, "usia(tahun)": "44", "alamat": "Kp. Bunut RT 002 RW 001", "desa": 3206260007, "kecamatan": 3206260, "kabupaten": 3206, "koordinat desa (lat)": -7.158, "koordinat desa (long)": 108.106, "koordinat calon lokasi persemaian (x)": null, "koordinat calon lokasi persemaian (y)": null, "koordinat calon lokasi penanaman (x)": null, "koordinat calon lokasi penanaman (y)": null, "penyuluh kehutanan pendamping": null, "keterangan": null, "cdk": "CDK VI" }, "geometry": { "type": "Point", "coordinates": [ 108.106, -7.158 ] } },
{ "type": "Feature", "properties": { "no": 398, "nama": "Unan", "nik": 3206361007580004, "usia(tahun)": "66", "alamat": "Kp. Bunut RT 002 RW 004", "desa": 3206260007, "kecamatan": 3206260, "kabupaten": 3206, "koordinat desa (lat)": -7.158, "koordinat desa (long)": 108.106, "koordinat calon lokasi persemaian (x)": null, "koordinat calon lokasi persemaian (y)": null, "koordinat calon lokasi penanaman (x)": null, "koordinat calon lokasi penanaman (y)": null, "penyuluh kehutanan pendamping": null, "keterangan": null, "cdk": "CDK VI" }, "geometry": { "type": "Point", "coordinates": [ 108.106, -7.158 ] } },
{ "type": "Feature", "properties": { "no": 399, "nama": "H Emim", "nik": 3206361708650004, "usia(tahun)": "60", "alamat": "Kp. Bunisari RT 002 RW 002", "desa": 3206260011, "kecamatan": 3206260, "kabupaten": 3206, "koordinat desa (lat)": -7.145, "koordinat desa (long)": 108.138, "koordinat calon lokasi persemaian (x)": null, "koordinat calon lokasi persemaian (y)": null, "koordinat calon lokasi penanaman (x)": null, "koordinat calon lokasi penanaman (y)": null, "penyuluh kehutanan pendamping": null, "keterangan": null, "cdk": "CDK VI" }, "geometry": { "type": "Point", "coordinates": [ 108.138, -7.145 ] } },
{ "type": "Feature", "properties": { "no": 400, "nama": "Ade Rohman", "nik": 3207270506680002, "usia(tahun)": "58", "alamat": "Dusun Nagrak RT 005 RW 012", "desa": 3218030003, "kecamatan": 3218030, "kabupaten": 3218, "koordinat desa (lat)": -7.664, "koordinat desa (long)": 108.435, "koordinat calon lokasi persemaian (x)": null, "koordinat calon lokasi persemaian (y)": null, "koordinat calon lokasi penanaman (x)": null, "koordinat calon lokasi penanaman (y)": null, "penyuluh kehutanan pendamping": null, "keterangan": null, "cdk": "CDK VII" }, "geometry": { "type": "Point", "coordinates": [ 108.435, -7.664 ] } },
{ "type": "Feature", "properties": { "no": 401, "nama": "Enceng Suarna", "nik": 3207272704680001, "usia(tahun)": "58", "alamat": "Dusun Cipaku RT032/011 ", "desa": 3218030004, "kecamatan": 3218030, "kabupaten": 3218, "koordinat desa (lat)": -7.623, "koordinat desa (long)": 108.425, "koordinat calon lokasi persemaian (x)": null, "koordinat calon lokasi persemaian (y)": null, "koordinat calon lokasi penanaman (x)": null, "koordinat calon lokasi penanaman (y)": null, "penyuluh kehutanan pendamping": null, "keterangan": null, "cdk": "CDK VII" }, "geometry": { "type": "Point", "coordinates": [ 108.425, -7.623 ] } },
{ "type": "Feature", "properties": { "no": 402, "nama": "Iis Sugianto", "nik": 3207271511830001, "usia(tahun)": "43", "alamat": "Dusun Ciguha RT 001/001 ", "desa": 3218030005, "kecamatan": 3218030, "kabupaten": 3218, "koordinat desa (lat)": -7.589, "koordinat desa (long)": 108.412, "koordinat calon lokasi persemaian (x)": null, "koordinat calon lokasi persemaian (y)": null, "koordinat calon lokasi penanaman (x)": null, "koordinat calon lokasi penanaman (y)": null, "penyuluh kehutanan pendamping": null, "keterangan": null, "cdk": "CDK VII" }, "geometry": { "type": "Point", "coordinates": [ 108.412, -7.589 ] } },
{ "type": "Feature", "properties": { "no": 403, "nama": "Ateng", "nik": 3207260103710002, "usia(tahun)": "55", "alamat": "Dusun Rantobatang RT 01/RW 04 ", "desa": 3218010009, "kecamatan": 3218010, "kabupaten": 3218, "koordinat desa (lat)": -7.728, "koordinat desa (long)": 108.335, "koordinat calon lokasi persemaian (x)": null, "koordinat calon lokasi persemaian (y)": null, "koordinat calon lokasi penanaman (x)": null, "koordinat calon lokasi penanaman (y)": null, "penyuluh kehutanan pendamping": null, "keterangan": null, "cdk": "CDK VII" }, "geometry": { "type": "Point", "coordinates": [ 108.335, -7.728 ] } },
{ "type": "Feature", "properties": { "no": 404, "nama": "Haer", "nik": 3207262608660001, "usia(tahun)": "60", "alamat": "Dusun Rantobatang RT 04/RW 04 ", "desa": 3218010009, "kecamatan": 3218010, "kabupaten": 3218, "koordinat desa (lat)": -7.728, "koordinat desa (long)": 108.335, "koordinat calon lokasi persemaian (x)": null, "koordinat calon lokasi persemaian (y)": null, "koordinat calon lokasi penanaman (x)": null, "koordinat calon lokasi penanaman (y)": null, "penyuluh kehutanan pendamping": null, "keterangan": null, "cdk": "CDK VII" }, "geometry": { "type": "Point", "coordinates": [ 108.335, -7.728 ] } },
{ "type": "Feature", "properties": { "no": 405, "nama": "Jamaludin", "nik": 3207260912740001, "usia(tahun)": "52", "alamat": "Dusun Rantobatang RT 01/RW 04 ", "desa": 3218010009, "kecamatan": 3218010, "kabupaten": 3218, "koordinat desa (lat)": -7.728, "koordinat desa (long)": 108.335, "koordinat calon lokasi persemaian (x)": null, "koordinat calon lokasi persemaian (y)": null, "koordinat calon lokasi penanaman (x)": null, "koordinat calon lokasi penanaman (y)": null, "penyuluh kehutanan pendamping": null, "keterangan": null, "cdk": "CDK VII" }, "geometry": { "type": "Point", "coordinates": [ 108.335, -7.728 ] } },
{ "type": "Feature", "properties": { "no": 406, "nama": "Timan", "nik": 3207200107710014, "usia(tahun)": "54", "alamat": "Dusun Sapuangin RT 025 RW 013 ", "desa": 3218090006, "kecamatan": 3218090, "kabupaten": 3218, "koordinat desa (lat)": -7.562, "koordinat desa (long)": 108.691, "koordinat calon lokasi persemaian (x)": null, "koordinat calon lokasi persemaian (y)": null, "koordinat calon lokasi penanaman (x)": null, "koordinat calon lokasi penanaman (y)": null, "penyuluh kehutanan pendamping": null, "keterangan": null, "cdk": "CDK VII" }, "geometry": { "type": "Point", "coordinates": [ 108.691, -7.562 ] } },
{ "type": "Feature", "properties": { "no": 407, "nama": "Darsono", "nik": 3207202011800001, "usia(tahun)": "46", "alamat": "Dusun Sapuangin RT 026 RW 013 ", "desa": 3218090006, "kecamatan": 3218090, "kabupaten": 3218, "koordinat desa (lat)": -7.562, "koordinat desa (long)": 108.691, "koordinat calon lokasi persemaian (x)": null, "koordinat calon lokasi persemaian (y)": null, "koordinat calon lokasi penanaman (x)": null, "koordinat calon lokasi penanaman (y)": null, "penyuluh kehutanan pendamping": null, "keterangan": null, "cdk": "CDK VII" }, "geometry": { "type": "Point", "coordinates": [ 108.691, -7.562 ] } },
{ "type": "Feature", "properties": { "no": 408, "nama": "Hadin Samsuidn", "nik": 3207202412810004, "usia(tahun)": "45", "alamat": "Dusun Sapuangin RT 026 RW 013 ", "desa": 3218090006, "kecamatan": 3218090, "kabupaten": 3218, "koordinat desa (lat)": -7.562, "koordinat desa (long)": 108.691, "koordinat calon lokasi persemaian (x)": null, "koordinat calon lokasi persemaian (y)": null, "koordinat calon lokasi penanaman (x)": null, "koordinat calon lokasi penanaman (y)": null, "penyuluh kehutanan pendamping": null, "keterangan": null, "cdk": "CDK VII" }, "geometry": { "type": "Point", "coordinates": [ 108.691, -7.562 ] } },
{ "type": "Feature", "properties": { "no": 409, "nama": "Maman Suryaman", "nik": 3207222908750001, "usia(tahun)": "51", "alamat": "Dusun Pagergunung Rt 001/001 ", "desa": 3218070008, "kecamatan": 3218070, "kabupaten": 3218, "koordinat desa (lat)": -7.613, "koordinat desa (long)": 108.635, "koordinat calon lokasi persemaian (x)": null, "koordinat calon lokasi persemaian (y)": null, "koordinat calon lokasi penanaman (x)": null, "koordinat calon lokasi penanaman (y)": null, "penyuluh kehutanan pendamping": null, "keterangan": null, "cdk": "CDK VII" }, "geometry": { "type": "Point", "coordinates": [ 108.635, -7.613 ] } },
{ "type": "Feature", "properties": { "no": 410, "nama": "Sutrisno", "nik": 3207220401840002, "usia(tahun)": "42", "alamat": "Dusun Pagergunung RT 003 RW 001 ", "desa": 3218070008, "kecamatan": 3218070, "kabupaten": 3218, "koordinat desa (lat)": -7.613, "koordinat desa (long)": 108.635, "koordinat calon lokasi persemaian (x)": null, "koordinat calon lokasi persemaian (y)": null, "koordinat calon lokasi penanaman (x)": null, "koordinat calon lokasi penanaman (y)": null, "penyuluh kehutanan pendamping": null, "keterangan": null, "cdk": "CDK VII" }, "geometry": { "type": "Point", "coordinates": [ 108.635, -7.613 ] } },
{ "type": "Feature", "properties": { "no": 411, "nama": "Paiman", "nik": 3207222310730002, "usia(tahun)": "52", "alamat": "Dusun Pagergunung RT 001 RW 001 ", "desa": 3218070008, "kecamatan": 3218070, "kabupaten": 3218, "koordinat desa (lat)": -7.613, "koordinat desa (long)": 108.635, "koordinat calon lokasi persemaian (x)": null, "koordinat calon lokasi persemaian (y)": null, "koordinat calon lokasi penanaman (x)": null, "koordinat calon lokasi penanaman (y)": null, "penyuluh kehutanan pendamping": null, "keterangan": null, "cdk": "CDK VII" }, "geometry": { "type": "Point", "coordinates": [ 108.635, -7.613 ] } },
{ "type": "Feature", "properties": { "no": 412, "nama": "Sutisno", "nik": 3207230504820001, "usia(tahun)": "44", "alamat": "Dusun Cipari RT 03 RW 02 ", "desa": 3218060001, "kecamatan": 3218060, "kabupaten": 3218, "koordinat desa (lat)": -7.67, "koordinat desa (long)": 108.583, "koordinat calon lokasi persemaian (x)": null, "koordinat calon lokasi persemaian (y)": null, "koordinat calon lokasi penanaman (x)": null, "koordinat calon lokasi penanaman (y)": null, "penyuluh kehutanan pendamping": null, "keterangan": null, "cdk": "CDK VII" }, "geometry": { "type": "Point", "coordinates": [ 108.583, -7.67 ] } },
{ "type": "Feature", "properties": { "no": 413, "nama": "Sahidi", "nik": 3207230101610002, "usia(tahun)": "65", "alamat": "Dusun Kalijati RT 14 RW 06 ", "desa": 3218060007, "kecamatan": 3218060, "kabupaten": 3218, "koordinat desa (lat)": -7.578, "koordinat desa (long)": 108.589, "koordinat calon lokasi persemaian (x)": null, "koordinat calon lokasi persemaian (y)": null, "koordinat calon lokasi penanaman (x)": null, "koordinat calon lokasi penanaman (y)": null, "penyuluh kehutanan pendamping": null, "keterangan": null, "cdk": "CDK VII" }, "geometry": { "type": "Point", "coordinates": [ 108.589, -7.578 ] } },
{ "type": "Feature", "properties": { "no": 414, "nama": "Usnaya", "nik": 3207230303810001, "usia(tahun)": "45", "alamat": "Dusun Citembong RT 01 RW 03 ", "desa": 3218060005, "kecamatan": 3218060, "kabupaten": 3218, "koordinat desa (lat)": -6.729, "koordinat desa (long)": 107.423, "koordinat calon lokasi persemaian (x)": null, "koordinat calon lokasi persemaian (y)": null, "koordinat calon lokasi penanaman (x)": null, "koordinat calon lokasi penanaman (y)": null, "penyuluh kehutanan pendamping": null, "keterangan": null, "cdk": "CDK VII" }, "geometry": { "type": "Point", "coordinates": [ 107.423, -6.729 ] } },
{ "type": "Feature", "properties": { "no": 415, "nama": "Muhammad Soleh", "nik": 3207020605850004, "usia(tahun)": "41", "alamat": "Dusun Cimarongmong Rt.25 Rw.008 ", "desa": 3207220005, "kecamatan": 3207220, "kabupaten": 3207, "koordinat desa (lat)": -7.258, "koordinat desa (long)": 108.262, "koordinat calon lokasi persemaian (x)": null, "koordinat calon lokasi persemaian (y)": null, "koordinat calon lokasi penanaman (x)": null, "koordinat calon lokasi penanaman (y)": null, "penyuluh kehutanan pendamping": null, "keterangan": null, "cdk": "CDK VII" }, "geometry": { "type": "Point", "coordinates": [ 108.262, -7.258 ] } },
{ "type": "Feature", "properties": { "no": 416, "nama": "Memed", "nik": 3207021502680001, "usia(tahun)": "61", "alamat": "Dsn.Sorok Rt.002 Rw.001 ", "desa": 3207220005, "kecamatan": 3207220, "kabupaten": 3207, "koordinat desa (lat)": -7.258, "koordinat desa (long)": 108.262, "koordinat calon lokasi persemaian (x)": null, "koordinat calon lokasi persemaian (y)": null, "koordinat calon lokasi penanaman (x)": null, "koordinat calon lokasi penanaman (y)": null, "penyuluh kehutanan pendamping": null, "keterangan": null, "cdk": "CDK VII" }, "geometry": { "type": "Point", "coordinates": [ 108.262, -7.258 ] } },
{ "type": "Feature", "properties": { "no": 417, "nama": "Karyo", "nik": 3207022108680001, "usia(tahun)": "58", "alamat": "Dan.Palasari Rt.048 Rw.018 ", "desa": 3207220006, "kecamatan": 3207220, "kabupaten": 3207, "koordinat desa (lat)": -7.258, "koordinat desa (long)": 108.28, "koordinat calon lokasi persemaian (x)": null, "koordinat calon lokasi persemaian (y)": null, "koordinat calon lokasi penanaman (x)": null, "koordinat calon lokasi penanaman (y)": null, "penyuluh kehutanan pendamping": null, "keterangan": null, "cdk": "CDK VII" }, "geometry": { "type": "Point", "coordinates": [ 108.28, -7.258 ] } },
{ "type": "Feature", "properties": { "no": 418, "nama": "Mimin Andriani", "nik": 3207126007750001, "usia(tahun)": "51", "alamat": "Dusun Kulon RT/RW. 008/002 ", "desa": 3207260003, "kecamatan": 3207260, "kabupaten": 3207, "koordinat desa (lat)": -7.18, "koordinat desa (long)": 108.412, "koordinat calon lokasi persemaian (x)": null, "koordinat calon lokasi persemaian (y)": null, "koordinat calon lokasi penanaman (x)": null, "koordinat calon lokasi penanaman (y)": null, "penyuluh kehutanan pendamping": null, "keterangan": null, "cdk": "CDK VII" }, "geometry": { "type": "Point", "coordinates": [ 108.412, -7.18 ] } },
{ "type": "Feature", "properties": { "no": 419, "nama": "Lili Sadili", "nik": 3207121701850001, "usia(tahun)": "41", "alamat": "Dusun Lebakayu RT/RW. 007/003 ", "desa": 3207260005, "kecamatan": 3207260, "kabupaten": 3207, "koordinat desa (lat)": -7.157, "koordinat desa (long)": 108.402, "koordinat calon lokasi persemaian (x)": null, "koordinat calon lokasi persemaian (y)": null, "koordinat calon lokasi penanaman (x)": null, "koordinat calon lokasi penanaman (y)": null, "penyuluh kehutanan pendamping": null, "keterangan": null, "cdk": "CDK VII" }, "geometry": { "type": "Point", "coordinates": [ 108.402, -7.157 ] } },
{ "type": "Feature", "properties": { "no": 420, "nama": "Dedi", "nik": 3207121509780001, "usia(tahun)": "48", "alamat": "Dusun Rawasari RT/RW. 001/006 ", "desa": 3207260006, "kecamatan": 3207260, "kabupaten": 3207, "koordinat desa (lat)": -7.162, "koordinat desa (long)": 108.425, "koordinat calon lokasi persemaian (x)": null, "koordinat calon lokasi persemaian (y)": null, "koordinat calon lokasi penanaman (x)": null, "koordinat calon lokasi penanaman (y)": null, "penyuluh kehutanan pendamping": null, "keterangan": null, "cdk": "CDK VII" }, "geometry": { "type": "Point", "coordinates": [ 108.425, -7.162 ] } },
{ "type": "Feature", "properties": { "no": 421, "nama": "Hendriyanto Jamil", "nik": 3207340810820002, "usia(tahun)": "43", "alamat": "Dusun pasir laja RT028/RW 010 ", "desa": 3207281006, "kecamatan": 3207281, "kabupaten": 3207, "koordinat desa (lat)": -7.147, "koordinat desa (long)": 108.329, "koordinat calon lokasi persemaian (x)": null, "koordinat calon lokasi persemaian (y)": null, "koordinat calon lokasi penanaman (x)": null, "koordinat calon lokasi penanaman (y)": null, "penyuluh kehutanan pendamping": null, "keterangan": null, "cdk": "CDK VII" }, "geometry": { "type": "Point", "coordinates": [ 108.329, -7.147 ] } },
{ "type": "Feature", "properties": { "no": 422, "nama": "Didi", "nik": 3207340307670001, "usia(tahun)": "58", "alamat": "Dusun Babakan RT 001/RW 001 ", "desa": 3207281008, "kecamatan": 3207281, "kabupaten": 3207, "koordinat desa (lat)": -7.123, "koordinat desa (long)": 108.326, "koordinat calon lokasi persemaian (x)": null, "koordinat calon lokasi persemaian (y)": null, "koordinat calon lokasi penanaman (x)": null, "koordinat calon lokasi penanaman (y)": null, "penyuluh kehutanan pendamping": null, "keterangan": null, "cdk": "CDK VII" }, "geometry": { "type": "Point", "coordinates": [ 108.326, -7.123 ] } },
{ "type": "Feature", "properties": { "no": 423, "nama": "Anang", "nik": 3207341903830002, "usia(tahun)": "42�", "alamat": "Dusun Babakan RT 003/RW 002 ", "desa": 3207281008, "kecamatan": 3207281, "kabupaten": 3207, "koordinat desa (lat)": -7.123, "koordinat desa (long)": 108.326, "koordinat calon lokasi persemaian (x)": null, "koordinat calon lokasi persemaian (y)": null, "koordinat calon lokasi penanaman (x)": null, "koordinat calon lokasi penanaman (y)": null, "penyuluh kehutanan pendamping": null, "keterangan": null, "cdk": "CDK VII" }, "geometry": { "type": "Point", "coordinates": [ 108.326, -7.123 ] } },
{ "type": "Feature", "properties": { "no": 424, "nama": "Dedi Supriadi", "nik": 3207101811610001, "usia(tahun)": "64", "alamat": "Dusun Situgede RT 002 RW 015 ", "desa": 3207270005, "kecamatan": 3207270, "kabupaten": 3207, "koordinat desa (lat)": -7.125, "koordinat desa (long)": 108.395, "koordinat calon lokasi persemaian (x)": null, "koordinat calon lokasi persemaian (y)": null, "koordinat calon lokasi penanaman (x)": null, "koordinat calon lokasi penanaman (y)": null, "penyuluh kehutanan pendamping": null, "keterangan": null, "cdk": "CDK VII" }, "geometry": { "type": "Point", "coordinates": [ 108.395, -7.125 ] } },
{ "type": "Feature", "properties": { "no": 425, "nama": "Lili Gunawan", "nik": 3207101402570001, "usia(tahun)": "68", "alamat": "Kampung Cilimus RT 005 RW 009 ", "desa": 3207270003, "kecamatan": 3207270, "kabupaten": 3207, "koordinat desa (lat)": -7.107, "koordinat desa (long)": 108.362, "koordinat calon lokasi persemaian (x)": null, "koordinat calon lokasi persemaian (y)": null, "koordinat calon lokasi penanaman (x)": null, "koordinat calon lokasi penanaman (y)": null, "penyuluh kehutanan pendamping": null, "keterangan": null, "cdk": "CDK VII" }, "geometry": { "type": "Point", "coordinates": [ 108.362, -7.107 ] } },
{ "type": "Feature", "properties": { "no": 426, "nama": "Endang Kurnia", "nik": 3207101507710001, "usia(tahun)": "54", "alamat": "Kampung Jagabaya II RT 001 RW 005 ", "desa": 3207270009, "kecamatan": 3207270, "kabupaten": 3207, "koordinat desa (lat)": -7.105, "koordinat desa (long)": 108.402, "koordinat calon lokasi persemaian (x)": null, "koordinat calon lokasi persemaian (y)": null, "koordinat calon lokasi penanaman (x)": null, "koordinat calon lokasi penanaman (y)": null, "penyuluh kehutanan pendamping": null, "keterangan": null, "cdk": "CDK VII" }, "geometry": { "type": "Point", "coordinates": [ 108.402, -7.105 ] } },
{ "type": "Feature", "properties": { "no": 427, "nama": "Epeng Mahpudin", "nik": 3207080609650002, "usia(tahun)": "61", "alamat": "Dusun Maparah RT 02 RW 01 ", "desa": 3207290005, "kecamatan": 3207290, "kabupaten": 3207, "koordinat desa (lat)": -7.117, "koordinat desa (long)": 108.302, "koordinat calon lokasi persemaian (x)": null, "koordinat calon lokasi persemaian (y)": null, "koordinat calon lokasi penanaman (x)": null, "koordinat calon lokasi penanaman (y)": null, "penyuluh kehutanan pendamping": null, "keterangan": null, "cdk": "CDK VII" }, "geometry": { "type": "Point", "coordinates": [ 108.302, -7.117 ] } },
{ "type": "Feature", "properties": { "no": 428, "nama": "Nana Taryana", "nik": 3207080107800058, "usia(tahun)": "45", "alamat": "Dusun Maparah RT 05 RW 03 II ", "desa": 3207290005, "kecamatan": 3207290, "kabupaten": 3207, "koordinat desa (lat)": -7.117, "koordinat desa (long)": 108.302, "koordinat calon lokasi persemaian (x)": null, "koordinat calon lokasi persemaian (y)": null, "koordinat calon lokasi penanaman (x)": null, "koordinat calon lokasi penanaman (y)": null, "penyuluh kehutanan pendamping": null, "keterangan": null, "cdk": "CDK VII" }, "geometry": { "type": "Point", "coordinates": [ 108.302, -7.117 ] } },
{ "type": "Feature", "properties": { "no": 429, "nama": "Dike Trisnayadi", "nik": 3204280709720005, "usia(tahun)": "54", "alamat": "Dusun Pabuaran RT 05 RW 03", "desa": 3207290006, "kecamatan": 3207290, "kabupaten": 3207, "koordinat desa (lat)": -7.127, "koordinat desa (long)": 108.269, "koordinat calon lokasi persemaian (x)": null, "koordinat calon lokasi persemaian (y)": null, "koordinat calon lokasi penanaman (x)": null, "koordinat calon lokasi penanaman (y)": null, "penyuluh kehutanan pendamping": null, "keterangan": null, "cdk": "CDK VII" }, "geometry": { "type": "Point", "coordinates": [ 108.269, -7.127 ] } },
{ "type": "Feature", "properties": { "no": 430, "nama": "Umar Setiawan", "nik": 3207071111800005, "usia(tahun)": "45", "alamat": "Dusun Nyangkokot RT 004/009 ", "desa": 3207300002, "kecamatan": 3207300, "kabupaten": 3207, "koordinat desa (lat)": -7.165, "koordinat desa (long)": 108.206, "koordinat calon lokasi persemaian (x)": null, "koordinat calon lokasi persemaian (y)": null, "koordinat calon lokasi penanaman (x)": null, "koordinat calon lokasi penanaman (y)": null, "penyuluh kehutanan pendamping": null, "keterangan": null, "cdk": "CDK VII" }, "geometry": { "type": "Point", "coordinates": [ 108.206, -7.165 ] } },
{ "type": "Feature", "properties": { "no": 431, "nama": "Ayo Sunaryo", "nik": 3207070706690002, "usia(tahun)": "57", "alamat": "Dusun Payungsari RT 006/002 ", "desa": 3207300011, "kecamatan": 3207300, "kabupaten": 3207, "koordinat desa (lat)": -7.119, "koordinat desa (long)": 108.247, "koordinat calon lokasi persemaian (x)": null, "koordinat calon lokasi persemaian (y)": null, "koordinat calon lokasi penanaman (x)": null, "koordinat calon lokasi penanaman (y)": null, "penyuluh kehutanan pendamping": null, "keterangan": null, "cdk": "CDK VII" }, "geometry": { "type": "Point", "coordinates": [ 108.247, -7.119 ] } },
{ "type": "Feature", "properties": { "no": 432, "nama": "Piyan Sopiyan", "nik": 3207072405840001, "usia(tahun)": "44", "alamat": "Dusun Payungsari RT 006/002 ", "desa": 3207300011, "kecamatan": 3207300, "kabupaten": 3207, "koordinat desa (lat)": -7.119, "koordinat desa (long)": 108.247, "koordinat calon lokasi persemaian (x)": null, "koordinat calon lokasi persemaian (y)": null, "koordinat calon lokasi penanaman (x)": null, "koordinat calon lokasi penanaman (y)": null, "penyuluh kehutanan pendamping": null, "keterangan": null, "cdk": "CDK VII" }, "geometry": { "type": "Point", "coordinates": [ 108.247, -7.119 ] } },
{ "type": "Feature", "properties": { "no": 433, "nama": "Awan Sutiawan", "nik": 3207191012660002, "usia(tahun)": "59", "alamat": "Dusun Sawangan RT 034 RW 010 ", "desa": 3207120002, "kecamatan": 3207120, "kabupaten": 3207, "koordinat desa (lat)": -7.446, "koordinat desa (long)": 108.473, "koordinat calon lokasi persemaian (x)": null, "koordinat calon lokasi persemaian (y)": null, "koordinat calon lokasi penanaman (x)": null, "koordinat calon lokasi penanaman (y)": null, "penyuluh kehutanan pendamping": null, "keterangan": null, "cdk": "CDK VII" }, "geometry": { "type": "Point", "coordinates": [ 108.473, -7.446 ] } },
{ "type": "Feature", "properties": { "no": 434, "nama": "Karsidi", "nik": 3207190608760003, "usia(tahun)": "49", "alamat": "Dusun Sawangan RT 034 RW 010 ", "desa": 3207120002, "kecamatan": 3207120, "kabupaten": 3207, "koordinat desa (lat)": -7.446, "koordinat desa (long)": 108.473, "koordinat calon lokasi persemaian (x)": null, "koordinat calon lokasi persemaian (y)": null, "koordinat calon lokasi penanaman (x)": null, "koordinat calon lokasi penanaman (y)": null, "penyuluh kehutanan pendamping": null, "keterangan": null, "cdk": "CDK VII" }, "geometry": { "type": "Point", "coordinates": [ 108.473, -7.446 ] } },
{ "type": "Feature", "properties": { "no": 435, "nama": "Nana", "nik": 3207192702860001, "usia(tahun)": "40", "alamat": "Dusun Sawangan RT 034 RW 010 ", "desa": 3207120002, "kecamatan": 3207120, "kabupaten": 3207, "koordinat desa (lat)": -7.446, "koordinat desa (long)": 108.473, "koordinat calon lokasi persemaian (x)": null, "koordinat calon lokasi persemaian (y)": null, "koordinat calon lokasi penanaman (x)": null, "koordinat calon lokasi penanaman (y)": null, "penyuluh kehutanan pendamping": null, "keterangan": null, "cdk": "CDK VII" }, "geometry": { "type": "Point", "coordinates": [ 108.473, -7.446 ] } },
{ "type": "Feature", "properties": { "no": 436, "nama": "Ending", "nik": 3207131301670001, "usia(tahun)": "59", "alamat": "Dsn.Cipinang Rt.002 Rw.001 ", "desa": 3207190002, "kecamatan": 3207190, "kabupaten": 3207, "koordinat desa (lat)": -7.212, "koordinat desa (long)": 108.448, "koordinat calon lokasi persemaian (x)": null, "koordinat calon lokasi persemaian (y)": null, "koordinat calon lokasi penanaman (x)": null, "koordinat calon lokasi penanaman (y)": null, "penyuluh kehutanan pendamping": null, "keterangan": null, "cdk": "CDK VII" }, "geometry": { "type": "Point", "coordinates": [ 108.448, -7.212 ] } },
{ "type": "Feature", "properties": { "no": 437, "nama": "Carwa", "nik": 3207132807740003, "usia(tahun)": "52", "alamat": "Dsn.Sirnasari Rt.007 Rw.008 ", "desa": 3207190004, "kecamatan": 3207190, "kabupaten": 3207, "koordinat desa (lat)": -7.189, "koordinat desa (long)": 108.445, "koordinat calon lokasi persemaian (x)": null, "koordinat calon lokasi persemaian (y)": null, "koordinat calon lokasi penanaman (x)": null, "koordinat calon lokasi penanaman (y)": null, "penyuluh kehutanan pendamping": null, "keterangan": null, "cdk": "CDK VII" }, "geometry": { "type": "Point", "coordinates": [ 108.445, -7.189 ] } },
{ "type": "Feature", "properties": { "no": 438, "nama": "Dodo", "nik": 3207131604650003, "usia(tahun)": "61", "alamat": "Dsn.Cibulakan Rt.005 Rw.002 ", "desa": 3207190006, "kecamatan": 3207190, "kabupaten": 3207, "koordinat desa (lat)": -7.172, "koordinat desa (long)": 108.439, "koordinat calon lokasi persemaian (x)": null, "koordinat calon lokasi persemaian (y)": null, "koordinat calon lokasi penanaman (x)": null, "koordinat calon lokasi penanaman (y)": null, "penyuluh kehutanan pendamping": null, "keterangan": null, "cdk": "CDK VII" }, "geometry": { "type": "Point", "coordinates": [ 108.439, -7.172 ] } },
{ "type": "Feature", "properties": { "no": 439, "nama": "Ahmad Wahidin", "nik": 3207151008500005, "usia(tahun)": "75", "alamat": "Dusun Mekarsari RT. 004/012 ", "desa": 3207180005, "kecamatan": 3207180, "kabupaten": 3207, "koordinat desa (lat)": -7.213, "koordinat desa (long)": 108.467, "koordinat calon lokasi persemaian (x)": null, "koordinat calon lokasi persemaian (y)": null, "koordinat calon lokasi penanaman (x)": null, "koordinat calon lokasi penanaman (y)": null, "penyuluh kehutanan pendamping": null, "keterangan": null, "cdk": "CDK VII" }, "geometry": { "type": "Point", "coordinates": [ 108.467, -7.213 ] } },
{ "type": "Feature", "properties": { "no": 440, "nama": "Apipudin", "nik": 3207151603840001, "usia(tahun)": "41", "alamat": "Dusun Mekarsari RT. 005/012 ", "desa": 3207180005, "kecamatan": 3207180, "kabupaten": 3207, "koordinat desa (lat)": -7.213, "koordinat desa (long)": 108.467, "koordinat calon lokasi persemaian (x)": null, "koordinat calon lokasi persemaian (y)": null, "koordinat calon lokasi penanaman (x)": null, "koordinat calon lokasi penanaman (y)": null, "penyuluh kehutanan pendamping": null, "keterangan": null, "cdk": "CDK VII" }, "geometry": { "type": "Point", "coordinates": [ 108.467, -7.213 ] } },
{ "type": "Feature", "properties": { "no": 441, "nama": "Cucu Samsudin", "nik": 3207151104740001, "usia(tahun)": "52", "alamat": "Dusun Mekarsari RT. 004/012 ", "desa": 3207180005, "kecamatan": 3207180, "kabupaten": 3207, "koordinat desa (lat)": -7.213, "koordinat desa (long)": 108.467, "koordinat calon lokasi persemaian (x)": null, "koordinat calon lokasi persemaian (y)": null, "koordinat calon lokasi penanaman (x)": null, "koordinat calon lokasi penanaman (y)": null, "penyuluh kehutanan pendamping": null, "keterangan": null, "cdk": "CDK VII" }, "geometry": { "type": "Point", "coordinates": [ 108.467, -7.213 ] } },
{ "type": "Feature", "properties": { "no": 442, "nama": "Lukmanul Hakim", "nik": 3207140812680001, "usia(tahun)": "57", "alamat": "Dusun Cipeundeuy RT 034 RW 008 ", "desa": 3207200003, "kecamatan": 3207200, "kabupaten": 3207, "koordinat desa (lat)": -7.25, "koordinat desa (long)": 108.455, "koordinat calon lokasi persemaian (x)": null, "koordinat calon lokasi persemaian (y)": null, "koordinat calon lokasi penanaman (x)": null, "koordinat calon lokasi penanaman (y)": null, "penyuluh kehutanan pendamping": null, "keterangan": null, "cdk": "CDK VII" }, "geometry": { "type": "Point", "coordinates": [ 108.455, -7.25 ] } },
{ "type": "Feature", "properties": { "no": 443, "nama": "Iding", "nik": 3207142605620001, "usia(tahun)": "63", "alamat": "Dusun Bantarsari RT 024 RW 006 ", "desa": 3207200003, "kecamatan": 3207200, "kabupaten": 3207, "koordinat desa (lat)": -7.25, "koordinat desa (long)": 108.455, "koordinat calon lokasi persemaian (x)": null, "koordinat calon lokasi persemaian (y)": null, "koordinat calon lokasi penanaman (x)": null, "koordinat calon lokasi penanaman (y)": null, "penyuluh kehutanan pendamping": null, "keterangan": null, "cdk": "CDK VII" }, "geometry": { "type": "Point", "coordinates": [ 108.455, -7.25 ] } },
{ "type": "Feature", "properties": { "no": 444, "nama": "Muhtar", "nik": 3207140709660001, "usia(tahun)": "59", "alamat": "Dusun Cipeundeuy RT 033 RW 008 ", "desa": 3207200003, "kecamatan": 3207200, "kabupaten": 3207, "koordinat desa (lat)": -7.25, "koordinat desa (long)": 108.455, "koordinat calon lokasi persemaian (x)": null, "koordinat calon lokasi persemaian (y)": null, "koordinat calon lokasi penanaman (x)": null, "koordinat calon lokasi penanaman (y)": null, "penyuluh kehutanan pendamping": null, "keterangan": null, "cdk": "CDK VII" }, "geometry": { "type": "Point", "coordinates": [ 108.455, -7.25 ] } },
{ "type": "Feature", "properties": { "no": 445, "nama": "Johan", "nik": 3207251006730001, "usia(tahun)": "52", "alamat": "Dusun Ciakar RT 004/RW 002 ", "desa": 3218020001, "kecamatan": 3218020, "kabupaten": 3218, "koordinat desa (lat)": -7.693, "koordinat desa (long)": 108.383, "koordinat calon lokasi persemaian (x)": null, "koordinat calon lokasi persemaian (y)": null, "koordinat calon lokasi penanaman (x)": null, "koordinat calon lokasi penanaman (y)": null, "penyuluh kehutanan pendamping": null, "keterangan": null, "cdk": "CDK VII" }, "geometry": { "type": "Point", "coordinates": [ 108.383, -7.693 ] } },
{ "type": "Feature", "properties": { "no": 446, "nama": "Ade Rosidi", "nik": 3207253008670001, "usia(tahun)": "58", "alamat": "Dusun Sanghiangkalang RT 001/RW 001", "desa": 3218020004, "kecamatan": 3218020, "kabupaten": 3218, "koordinat desa (lat)": -7.751, "koordinat desa (long)": 108.479, "koordinat calon lokasi persemaian (x)": null, "koordinat calon lokasi persemaian (y)": null, "koordinat calon lokasi penanaman (x)": null, "koordinat calon lokasi penanaman (y)": null, "penyuluh kehutanan pendamping": null, "keterangan": null, "cdk": "CDK VII" }, "geometry": { "type": "Point", "coordinates": [ 108.479, -7.751 ] } },
{ "type": "Feature", "properties": { "no": 447, "nama": "Ahmad Jaelani", "nik": 3207251402820001, "usia(tahun)": "44", "alamat": "Dusun Kalensari RT.023/RW.005 ", "desa": 3218020006, "kecamatan": 3218020, "kabupaten": 3218, "koordinat desa (lat)": -7.715, "koordinat desa (long)": 108.475, "koordinat calon lokasi persemaian (x)": null, "koordinat calon lokasi persemaian (y)": null, "koordinat calon lokasi penanaman (x)": null, "koordinat calon lokasi penanaman (y)": null, "penyuluh kehutanan pendamping": null, "keterangan": null, "cdk": "CDK VII" }, "geometry": { "type": "Point", "coordinates": [ 108.475, -7.715 ] } },
{ "type": "Feature", "properties": { "no": 448, "nama": "Deden Taruna, S.Pd", "nik": 3207031603820003, "usia(tahun)": "43", "alamat": "Dusun Cigorowek RT.04/RW.08 ", "desa": 3218040012, "kecamatan": 3218040, "kabupaten": 3218, "koordinat desa (lat)": -7.519, "koordinat desa (long)": 108.358, "koordinat calon lokasi persemaian (x)": null, "koordinat calon lokasi persemaian (y)": null, "koordinat calon lokasi penanaman (x)": null, "koordinat calon lokasi penanaman (y)": null, "penyuluh kehutanan pendamping": null, "keterangan": null, "cdk": "CDK VII" }, "geometry": { "type": "Point", "coordinates": [ 108.358, -7.519 ] } },
{ "type": "Feature", "properties": { "no": 449, "nama": "Abdul Rozak", "nik": 3207280608760001, "usia(tahun)": "49", "alamat": "Dusun Limusnunggal RT.10/RW.01 ", "desa": 3218040009, "kecamatan": 3218040, "kabupaten": 3218, "koordinat desa (lat)": -7.532, "koordinat desa (long)": 108.412, "koordinat calon lokasi persemaian (x)": null, "koordinat calon lokasi persemaian (y)": null, "koordinat calon lokasi penanaman (x)": null, "koordinat calon lokasi penanaman (y)": null, "penyuluh kehutanan pendamping": null, "keterangan": null, "cdk": "CDK VII" }, "geometry": { "type": "Point", "coordinates": [ 108.412, -7.532 ] } },
{ "type": "Feature", "properties": { "no": 450, "nama": "Diding Supandi", "nik": 3207280404630002, "usia(tahun)": "62", "alamat": "Dusun Sukasari RT 02/RW 04 ", "desa": 3218040009, "kecamatan": 3218040, "kabupaten": 3218, "koordinat desa (lat)": -7.532, "koordinat desa (long)": 108.412, "koordinat calon lokasi persemaian (x)": null, "koordinat calon lokasi persemaian (y)": null, "koordinat calon lokasi penanaman (x)": null, "koordinat calon lokasi penanaman (y)": null, "penyuluh kehutanan pendamping": null, "keterangan": null, "cdk": "CDK VII" }, "geometry": { "type": "Point", "coordinates": [ 108.412, -7.532 ] } },
{ "type": "Feature", "properties": { "no": 451, "nama": "Saman Surahman", "nik": 3279030201690004, "usia(tahun)": "57", "alamat": "Lingk.Siluman Baru RT 038/RW 018", "desa": 3279020001, "kecamatan": 3279020, "kabupaten": 3279, "koordinat desa (lat)": -7.349, "koordinat desa (long)": 108.544, "koordinat calon lokasi persemaian (x)": null, "koordinat calon lokasi persemaian (y)": null, "koordinat calon lokasi penanaman (x)": null, "koordinat calon lokasi penanaman (y)": null, "penyuluh kehutanan pendamping": null, "keterangan": null, "cdk": "CDK VII" }, "geometry": { "type": "Point", "coordinates": [ 108.544, -7.349 ] } },
{ "type": "Feature", "properties": { "no": 452, "nama": "Paniyo", "nik": 3279030606780001, "usia(tahun)": "48", "alamat": "Lingk.Siluman Baru RT 033/RW 018", "desa": 3279020001, "kecamatan": 3279020, "kabupaten": 3279, "koordinat desa (lat)": -7.349, "koordinat desa (long)": 108.544, "koordinat calon lokasi persemaian (x)": null, "koordinat calon lokasi persemaian (y)": null, "koordinat calon lokasi penanaman (x)": null, "koordinat calon lokasi penanaman (y)": null, "penyuluh kehutanan pendamping": null, "keterangan": null, "cdk": "CDK VII" }, "geometry": { "type": "Point", "coordinates": [ 108.544, -7.349 ] } },
{ "type": "Feature", "properties": { "no": 453, "nama": "Heri Suheri", "nik": 3279032611780003, "usia(tahun)": "48", "alamat": "Lingk.Siluman RT 035/RW 016 ", "desa": 3279020001, "kecamatan": 3279020, "kabupaten": 3279, "koordinat desa (lat)": -7.349, "koordinat desa (long)": 108.544, "koordinat calon lokasi persemaian (x)": null, "koordinat calon lokasi persemaian (y)": null, "koordinat calon lokasi penanaman (x)": null, "koordinat calon lokasi penanaman (y)": null, "penyuluh kehutanan pendamping": null, "keterangan": null, "cdk": "CDK VII" }, "geometry": { "type": "Point", "coordinates": [ 108.544, -7.349 ] } },
{ "type": "Feature", "properties": { "no": 454, "nama": "Sayo Sunarya", "nik": 3207181707780003, "usia(tahun)": "46", "alamat": "Dusun Mekarsari RT 042/RW 006 ", "desa": 3207100006, "kecamatan": 3207100, "kabupaten": 3207, "koordinat desa (lat)": -7.548, "koordinat desa (long)": 108.578, "koordinat calon lokasi persemaian (x)": null, "koordinat calon lokasi persemaian (y)": null, "koordinat calon lokasi penanaman (x)": null, "koordinat calon lokasi penanaman (y)": null, "penyuluh kehutanan pendamping": null, "keterangan": null, "cdk": "CDK VII" }, "geometry": { "type": "Point", "coordinates": [ 108.578, -7.548 ] } },
{ "type": "Feature", "properties": { "no": 455, "nama": "Yoyo", "nik": 3207181806710003, "usia(tahun)": "55", "alamat": "Dusun Mulyasari RT 010/RW 002 ", "desa": 3207100001, "kecamatan": 3207100, "kabupaten": 3207, "koordinat desa (lat)": -7.511, "koordinat desa (long)": 108.495, "koordinat calon lokasi persemaian (x)": null, "koordinat calon lokasi persemaian (y)": null, "koordinat calon lokasi penanaman (x)": null, "koordinat calon lokasi penanaman (y)": null, "penyuluh kehutanan pendamping": null, "keterangan": null, "cdk": "CDK VII" }, "geometry": { "type": "Point", "coordinates": [ 108.495, -7.511 ] } },
{ "type": "Feature", "properties": { "no": 456, "nama": "Darman", "nik": 3207180712580001, "usia(tahun)": "68", "alamat": "Dusun Karanganyar RT 017/RW 005 ", "desa": 3207100002, "kecamatan": 3207100, "kabupaten": 3207, "koordinat desa (lat)": -7.496, "koordinat desa (long)": 108.522, "koordinat calon lokasi persemaian (x)": null, "koordinat calon lokasi persemaian (y)": null, "koordinat calon lokasi penanaman (x)": null, "koordinat calon lokasi penanaman (y)": null, "penyuluh kehutanan pendamping": null, "keterangan": null, "cdk": "CDK VII" }, "geometry": { "type": "Point", "coordinates": [ 108.522, -7.496 ] } },
{ "type": "Feature", "properties": { "no": 457, "nama": "Nadi Permana", "nik": 3207181902760001, "usia(tahun)": "49", "alamat": "Batukarang RT 015/RW 004 ", "desa": 3207100011, "kecamatan": 3207100, "kabupaten": 3207, "koordinat desa (lat)": -7.528, "koordinat desa (long)": 108.615, "koordinat calon lokasi persemaian (x)": null, "koordinat calon lokasi persemaian (y)": null, "koordinat calon lokasi penanaman (x)": null, "koordinat calon lokasi penanaman (y)": null, "penyuluh kehutanan pendamping": null, "keterangan": null, "cdk": "CDK VII" }, "geometry": { "type": "Point", "coordinates": [ 108.615, -7.528 ] } },
{ "type": "Feature", "properties": { "no": 458, "nama": "Dede Rusman", "nik": 3207181106760005, "usia(tahun)": "50", "alamat": "Dusun Cangkring RT 012/RW 003 ", "desa": 3207100019, "kecamatan": 3207100, "kabupaten": 3207, "koordinat desa (lat)": -7.515, "koordinat desa (long)": 108.636, "koordinat calon lokasi persemaian (x)": null, "koordinat calon lokasi persemaian (y)": null, "koordinat calon lokasi penanaman (x)": null, "koordinat calon lokasi penanaman (y)": null, "penyuluh kehutanan pendamping": null, "keterangan": null, "cdk": "CDK VII" }, "geometry": { "type": "Point", "coordinates": [ 108.636, -7.515 ] } },
{ "type": "Feature", "properties": { "no": 459, "nama": "Endang Kartiwa", "nik": 3207182406610001, "usia(tahun)": "65", "alamat": "Dusun Tegalsari RT 025/RW 004 ", "desa": 3207100020, "kecamatan": 3207100, "kabupaten": 3207, "koordinat desa (lat)": -7.517, "koordinat desa (long)": 108.644, "koordinat calon lokasi persemaian (x)": null, "koordinat calon lokasi persemaian (y)": null, "koordinat calon lokasi penanaman (x)": null, "koordinat calon lokasi penanaman (y)": null, "penyuluh kehutanan pendamping": null, "keterangan": null, "cdk": "CDK VII" }, "geometry": { "type": "Point", "coordinates": [ 108.644, -7.517 ] } },
{ "type": "Feature", "properties": { "no": 460, "nama": "Sahwan", "nik": 3207310909700001, "usia(tahun)": "56", "alamat": "Dusun Barugbug RT 001/RW 010 ", "desa": 3207211007, "kecamatan": 3207211, "kabupaten": 3207, "koordinat desa (lat)": -7.278, "koordinat desa (long)": 108.41, "koordinat calon lokasi persemaian (x)": null, "koordinat calon lokasi persemaian (y)": null, "koordinat calon lokasi penanaman (x)": null, "koordinat calon lokasi penanaman (y)": null, "penyuluh kehutanan pendamping": null, "keterangan": null, "cdk": "CDK VII" }, "geometry": { "type": "Point", "coordinates": [ 108.41, -7.278 ] } },
{ "type": "Feature", "properties": { "no": 461, "nama": "Iwan Irwanto", "nik": 3207310306840001, "usia(tahun)": "42", "alamat": "Dusun Pasirkadu RT 003/RW 007 ", "desa": 3207211005, "kecamatan": 3207211, "kabupaten": 3207, "koordinat desa (lat)": -7.301, "koordinat desa (long)": 108.378, "koordinat calon lokasi persemaian (x)": null, "koordinat calon lokasi persemaian (y)": null, "koordinat calon lokasi penanaman (x)": null, "koordinat calon lokasi penanaman (y)": null, "penyuluh kehutanan pendamping": null, "keterangan": null, "cdk": "CDK VII" }, "geometry": { "type": "Point", "coordinates": [ 108.378, -7.301 ] } },
{ "type": "Feature", "properties": { "no": 462, "nama": "Nanang Jafar Sidik", "nik": 3207322601750001, "usia(tahun)": "51", "alamat": "Dusun Karangkendal RT 001/RW 005 ", "desa": 3207211006, "kecamatan": 3207211, "kabupaten": 3207, "koordinat desa (lat)": -7.292, "koordinat desa (long)": 108.388, "koordinat calon lokasi persemaian (x)": null, "koordinat calon lokasi persemaian (y)": null, "koordinat calon lokasi penanaman (x)": null, "koordinat calon lokasi penanaman (y)": null, "penyuluh kehutanan pendamping": null, "keterangan": null, "cdk": "CDK VII" }, "geometry": { "type": "Point", "coordinates": [ 108.388, -7.292 ] } },
{ "type": "Feature", "properties": { "no": 463, "nama": "Enco", "nik": 3207061506580005, "usia(tahun)": "67", "alamat": "Kp. Cikujanghilir RT 03/RW 02 ", "desa": 3207230004, "kecamatan": 3207230, "kabupaten": 3207, "koordinat desa (lat)": -7.239, "koordinat desa (long)": 108.227, "koordinat calon lokasi persemaian (x)": null, "koordinat calon lokasi persemaian (y)": null, "koordinat calon lokasi penanaman (x)": null, "koordinat calon lokasi penanaman (y)": null, "penyuluh kehutanan pendamping": null, "keterangan": null, "cdk": "CDK VII" }, "geometry": { "type": "Point", "coordinates": [ 108.227, -7.239 ] } },
{ "type": "Feature", "properties": { "no": 464, "nama": "Ipin", "nik": 3207060408680001, "usia(tahun)": "55", "alamat": "Dusun Buniasih Tonggoh RT 001/RW 012 ", "desa": 3207230008, "kecamatan": 3207230, "kabupaten": 3207, "koordinat desa (lat)": -7.223, "koordinat desa (long)": 108.212, "koordinat calon lokasi persemaian (x)": null, "koordinat calon lokasi persemaian (y)": null, "koordinat calon lokasi penanaman (x)": null, "koordinat calon lokasi penanaman (y)": null, "penyuluh kehutanan pendamping": null, "keterangan": null, "cdk": "CDK VII" }, "geometry": { "type": "Point", "coordinates": [ 108.212, -7.223 ] } },
{ "type": "Feature", "properties": { "no": 465, "nama": "Atang Kurniawan", "nik": 3207061909680001, "usia(tahun)": "55", "alamat": "Dusun Pasir Tamiang Tonggoh RT 003/RW 006 ", "desa": 3207230009, "kecamatan": 3207230, "kabupaten": 3207, "koordinat desa (lat)": -7.211, "koordinat desa (long)": 108.215, "koordinat calon lokasi persemaian (x)": null, "koordinat calon lokasi persemaian (y)": null, "koordinat calon lokasi penanaman (x)": null, "koordinat calon lokasi penanaman (y)": null, "penyuluh kehutanan pendamping": null, "keterangan": null, "cdk": "CDK VII" }, "geometry": { "type": "Point", "coordinates": [ 108.215, -7.211 ] } },
{ "type": "Feature", "properties": { "no": 466, "nama": "Agus Ajid", "nik": 3207030108710001, "usia(tahun)": "55", "alamat": "Dusun Kersikan RT 030/RW 012 ", "desa": 3207150001, "kecamatan": 3207150, "kabupaten": 3207, "koordinat desa (lat)": -7.35, "koordinat desa (long)": 108.39, "koordinat calon lokasi persemaian (x)": null, "koordinat calon lokasi persemaian (y)": null, "koordinat calon lokasi penanaman (x)": null, "koordinat calon lokasi penanaman (y)": null, "penyuluh kehutanan pendamping": null, "keterangan": null, "cdk": "CDK VII" }, "geometry": { "type": "Point", "coordinates": [ 108.39, -7.35 ] } },
{ "type": "Feature", "properties": { "no": 467, "nama": "Suhara", "nik": 3207030209800001, "usia(tahun)": "45", "alamat": "Dusun Nagrog RT 028/RW 013 ", "desa": 3207150005, "kecamatan": 3207150, "kabupaten": 3207, "koordinat desa (lat)": -7.332, "koordinat desa (long)": 108.441, "koordinat calon lokasi persemaian (x)": null, "koordinat calon lokasi persemaian (y)": null, "koordinat calon lokasi penanaman (x)": null, "koordinat calon lokasi penanaman (y)": null, "penyuluh kehutanan pendamping": null, "keterangan": null, "cdk": "CDK VII" }, "geometry": { "type": "Point", "coordinates": [ 108.441, -7.332 ] } },
{ "type": "Feature", "properties": { "no": 468, "nama": "Darsono", "nik": 3207031204660001, "usia(tahun)": "60", "alamat": "Dusun Kidul RT 010/RW 004 ", "desa": 3207150006, "kecamatan": 3207150, "kabupaten": 3207, "koordinat desa (lat)": -7.335, "koordinat desa (long)": 108.421, "koordinat calon lokasi persemaian (x)": null, "koordinat calon lokasi persemaian (y)": null, "koordinat calon lokasi penanaman (x)": null, "koordinat calon lokasi penanaman (y)": null, "penyuluh kehutanan pendamping": null, "keterangan": null, "cdk": "CDK VII" }, "geometry": { "type": "Point", "coordinates": [ 108.421, -7.335 ] } },
{ "type": "Feature", "properties": { "no": 469, "nama": "Aan Kustiawan", "nik": 3207051609760001, "usia(tahun)": "50", "alamat": "Dusun Sukaresmi RT 005/RW 003 ", "desa": 3207130001, "kecamatan": 3207130, "kabupaten": 3207, "koordinat desa (lat)": -7.452, "koordinat desa (long)": 108.438, "koordinat calon lokasi persemaian (x)": null, "koordinat calon lokasi persemaian (y)": null, "koordinat calon lokasi penanaman (x)": null, "koordinat calon lokasi penanaman (y)": null, "penyuluh kehutanan pendamping": null, "keterangan": null, "cdk": "CDK VII" }, "geometry": { "type": "Point", "coordinates": [ 108.438, -7.452 ] } },
{ "type": "Feature", "properties": { "no": 470, "nama": "Darman", "nik": 3207052406640001, "usia(tahun)": "62", "alamat": "Dusun Sukaresmi RT 005/RW 003 ", "desa": 3207130001, "kecamatan": 3207130, "kabupaten": 3207, "koordinat desa (lat)": -7.452, "koordinat desa (long)": 108.438, "koordinat calon lokasi persemaian (x)": null, "koordinat calon lokasi persemaian (y)": null, "koordinat calon lokasi penanaman (x)": null, "koordinat calon lokasi penanaman (y)": null, "penyuluh kehutanan pendamping": null, "keterangan": null, "cdk": "CDK VII" }, "geometry": { "type": "Point", "coordinates": [ 108.438, -7.452 ] } },
{ "type": "Feature", "properties": { "no": 471, "nama": "Itang Setiawan", "nik": 3207050303680002, "usia(tahun)": "58", "alamat": "Dusun Sukaresmi RT 005/RW 003 ", "desa": 3207130001, "kecamatan": 3207130, "kabupaten": 3207, "koordinat desa (lat)": -7.452, "koordinat desa (long)": 108.438, "koordinat calon lokasi persemaian (x)": null, "koordinat calon lokasi persemaian (y)": null, "koordinat calon lokasi penanaman (x)": null, "koordinat calon lokasi penanaman (y)": null, "penyuluh kehutanan pendamping": null, "keterangan": null, "cdk": "CDK VII" }, "geometry": { "type": "Point", "coordinates": [ 108.438, -7.452 ] } },
{ "type": "Feature", "properties": { "no": 472, "nama": "Heryanto", "nik": 3207301205710004, "usia(tahun)": "54", "alamat": "Dusun Cisagakota RT 002/RW 001", "desa": 3207160005, "kecamatan": 3207160, "kabupaten": 3207, "koordinat desa (lat)": -7.339, "koordinat desa (long)": 108.526, "koordinat calon lokasi persemaian (x)": null, "koordinat calon lokasi persemaian (y)": null, "koordinat calon lokasi penanaman (x)": null, "koordinat calon lokasi penanaman (y)": null, "penyuluh kehutanan pendamping": null, "keterangan": null, "cdk": "CDK VII" }, "geometry": { "type": "Point", "coordinates": [ 108.526, -7.339 ] } },
{ "type": "Feature", "properties": { "no": 473, "nama": "Yosep Syamsi", "nik": 3207301812690001, "usia(tahun)": "56", "alamat": "Dusun Sambungjaya RT 10/RW 08 ", "desa": 3207160004, "kecamatan": 3207160, "kabupaten": 3207, "koordinat desa (lat)": -7.347, "koordinat desa (long)": 108.508, "koordinat calon lokasi persemaian (x)": null, "koordinat calon lokasi persemaian (y)": null, "koordinat calon lokasi penanaman (x)": null, "koordinat calon lokasi penanaman (y)": null, "penyuluh kehutanan pendamping": null, "keterangan": null, "cdk": "CDK VII" }, "geometry": { "type": "Point", "coordinates": [ 108.508, -7.347 ] } },
{ "type": "Feature", "properties": { "no": 474, "nama": "Rasta", "nik": 3207301205700004, "usia(tahun)": "48", "alamat": "Dusun Sindanghayu RT 01/RW 05 ", "desa": 3207160001, "kecamatan": 3207160, "kabupaten": 3207, "koordinat desa (lat)": -7.324, "koordinat desa (long)": 108.455, "koordinat calon lokasi persemaian (x)": null, "koordinat calon lokasi persemaian (y)": null, "koordinat calon lokasi penanaman (x)": null, "koordinat calon lokasi penanaman (y)": null, "penyuluh kehutanan pendamping": null, "keterangan": null, "cdk": "CDK VII" }, "geometry": { "type": "Point", "coordinates": [ 108.455, -7.324 ] } },
{ "type": "Feature", "properties": { "no": 475, "nama": "Otong Muslih", "nik": 3207092001780001, "usia(tahun)": "47", "alamat": "Dusun Naggela RT 001/RW 008 ", "desa": 3207280011, "kecamatan": 3207280, "kabupaten": 3207, "koordinat desa (lat)": -7.191, "koordinat desa (long)": 108.386, "koordinat calon lokasi persemaian (x)": null, "koordinat calon lokasi persemaian (y)": null, "koordinat calon lokasi penanaman (x)": null, "koordinat calon lokasi penanaman (y)": null, "penyuluh kehutanan pendamping": null, "keterangan": null, "cdk": "CDK VII" }, "geometry": { "type": "Point", "coordinates": [ 108.386, -7.191 ] } },
{ "type": "Feature", "properties": { "no": 476, "nama": "Ade Marwan", "nik": 3207090902910002, "usia(tahun)": "34", "alamat": "Dusun Mancagar RT. 017/RW.007 ", "desa": 3207280009, "kecamatan": 3207280, "kabupaten": 3207, "koordinat desa (lat)": -7.149, "koordinat desa (long)": 108.38, "koordinat calon lokasi persemaian (x)": null, "koordinat calon lokasi persemaian (y)": null, "koordinat calon lokasi penanaman (x)": null, "koordinat calon lokasi penanaman (y)": null, "penyuluh kehutanan pendamping": null, "keterangan": null, "cdk": "CDK VII" }, "geometry": { "type": "Point", "coordinates": [ 108.38, -7.149 ] } },
{ "type": "Feature", "properties": { "no": 477, "nama": "Yahya", "nik": 3207090210740001, "usia(tahun)": "51", "alamat": "Dusun Mancagar RT. 018/RW.008 ", "desa": 3207280009, "kecamatan": 3207280, "kabupaten": 3207, "koordinat desa (lat)": -7.149, "koordinat desa (long)": 108.38, "koordinat calon lokasi persemaian (x)": null, "koordinat calon lokasi persemaian (y)": null, "koordinat calon lokasi penanaman (x)": null, "koordinat calon lokasi penanaman (y)": null, "penyuluh kehutanan pendamping": null, "keterangan": null, "cdk": "CDK VII" }, "geometry": { "type": "Point", "coordinates": [ 108.38, -7.149 ] } },
{ "type": "Feature", "properties": { "no": 478, "nama": "Dodoy Sutisna", "nik": 3207042909680001, "usia(tahun)": "57", "alamat": "Dusun Landeuh RT 004/RW 005 ", "desa": 3207240006, "kecamatan": 3207240, "kabupaten": 3207, "koordinat desa (lat)": -7.271, "koordinat desa (long)": 108.319, "koordinat calon lokasi persemaian (x)": null, "koordinat calon lokasi persemaian (y)": null, "koordinat calon lokasi penanaman (x)": null, "koordinat calon lokasi penanaman (y)": null, "penyuluh kehutanan pendamping": null, "keterangan": null, "cdk": "CDK VII" }, "geometry": { "type": "Point", "coordinates": [ 108.319, -7.271 ] } },
{ "type": "Feature", "properties": { "no": 479, "nama": "Nana Suryana", "nik": 3207040512710001, "usia(tahun)": "55", "alamat": "Dusun Tonggoh RT 06/RW 02 ", "desa": 3207240006, "kecamatan": 3207240, "kabupaten": 3207, "koordinat desa (lat)": -7.271, "koordinat desa (long)": 108.319, "koordinat calon lokasi persemaian (x)": null, "koordinat calon lokasi persemaian (y)": null, "koordinat calon lokasi penanaman (x)": null, "koordinat calon lokasi penanaman (y)": null, "penyuluh kehutanan pendamping": null, "keterangan": null, "cdk": "CDK VII" }, "geometry": { "type": "Point", "coordinates": [ 108.319, -7.271 ] } },
{ "type": "Feature", "properties": { "no": 480, "nama": "Asep Solehudin", "nik": 3207040107630003, "usia(tahun)": "44", "alamat": "Dusun Cikaronjo RT 04/RW 01 ", "desa": 3207240005, "kecamatan": 3207240, "kabupaten": 3207, "koordinat desa (lat)": -7.264, "koordinat desa (long)": 108.298, "koordinat calon lokasi persemaian (x)": null, "koordinat calon lokasi persemaian (y)": null, "koordinat calon lokasi penanaman (x)": null, "koordinat calon lokasi penanaman (y)": null, "penyuluh kehutanan pendamping": null, "keterangan": null, "cdk": "CDK VII" }, "geometry": { "type": "Point", "coordinates": [ 108.298, -7.264 ] } },
{ "type": "Feature", "properties": { "no": 481, "nama": "Dede Yuyu", "nik": 3207311707720004, "usia(tahun)": "54", "alamat": "Dusun Gunungbangka II RT 28/RW 10", "desa": 3207221001, "kecamatan": 3207221, "kabupaten": 3207, "koordinat desa (lat)": -7.266, "koordinat desa (long)": 108.222, "koordinat calon lokasi persemaian (x)": null, "koordinat calon lokasi persemaian (y)": null, "koordinat calon lokasi penanaman (x)": null, "koordinat calon lokasi penanaman (y)": null, "penyuluh kehutanan pendamping": null, "keterangan": null, "cdk": "CDK VII" }, "geometry": { "type": "Point", "coordinates": [ 108.222, -7.266 ] } },
{ "type": "Feature", "properties": { "no": 482, "nama": "Rosidin", "nik": 3207311209690007, "usia(tahun)": "57", "alamat": "Dusun Gunungbangka II RT 31/RW 11", "desa": 3207221001, "kecamatan": 3207221, "kabupaten": 3207, "koordinat desa (lat)": -7.266, "koordinat desa (long)": 108.222, "koordinat calon lokasi persemaian (x)": null, "koordinat calon lokasi persemaian (y)": null, "koordinat calon lokasi penanaman (x)": null, "koordinat calon lokasi penanaman (y)": null, "penyuluh kehutanan pendamping": null, "keterangan": null, "cdk": "CDK VII" }, "geometry": { "type": "Point", "coordinates": [ 108.222, -7.266 ] } },
{ "type": "Feature", "properties": { "no": 483, "nama": "Tata", "nik": 3207310502820003, "usia(tahun)": "44", "alamat": "Dusun Gunungbangka I RT 25/RW 9", "desa": 3207221001, "kecamatan": 3207221, "kabupaten": 3207, "koordinat desa (lat)": -7.266, "koordinat desa (long)": 108.222, "koordinat calon lokasi persemaian (x)": null, "koordinat calon lokasi persemaian (y)": null, "koordinat calon lokasi penanaman (x)": null, "koordinat calon lokasi penanaman (y)": null, "penyuluh kehutanan pendamping": null, "keterangan": null, "cdk": "CDK VII" }, "geometry": { "type": "Point", "coordinates": [ 108.222, -7.266 ] } },
{ "type": "Feature", "properties": { "no": 484, "nama": "Nanung", "nik": 3207331209720001, "usia(tahun)": "54", "alamat": "Dusun Cibeureum RT 020/RW 007 ", "desa": 3207291003, "kecamatan": 3207291, "kabupaten": 3207, "koordinat desa (lat)": -7.081, "koordinat desa (long)": 108.299, "koordinat calon lokasi persemaian (x)": null, "koordinat calon lokasi persemaian (y)": null, "koordinat calon lokasi penanaman (x)": null, "koordinat calon lokasi penanaman (y)": null, "penyuluh kehutanan pendamping": null, "keterangan": null, "cdk": "CDK VII" }, "geometry": { "type": "Point", "coordinates": [ 108.299, -7.081 ] } },
{ "type": "Feature", "properties": { "no": 485, "nama": "Enduy", "nik": 3207332309650001, "usia(tahun)": "61", "alamat": "Dusun Cibeureum RT 020/RW 007 ", "desa": 3207291003, "kecamatan": 3207291, "kabupaten": 3207, "koordinat desa (lat)": -7.081, "koordinat desa (long)": 108.299, "koordinat calon lokasi persemaian (x)": null, "koordinat calon lokasi persemaian (y)": null, "koordinat calon lokasi penanaman (x)": null, "koordinat calon lokasi penanaman (y)": null, "penyuluh kehutanan pendamping": null, "keterangan": null, "cdk": "CDK VII" }, "geometry": { "type": "Point", "coordinates": [ 108.299, -7.081 ] } },
{ "type": "Feature", "properties": { "no": 486, "nama": "Herdiana", "nik": 3207331110770001, "usia(tahun)": "49", "alamat": "Dusun Cibeureum RT 013/RW 005 ", "desa": 3207291003, "kecamatan": 3207291, "kabupaten": 3207, "koordinat desa (lat)": -7.081, "koordinat desa (long)": 108.299, "koordinat calon lokasi persemaian (x)": null, "koordinat calon lokasi persemaian (y)": null, "koordinat calon lokasi penanaman (x)": null, "koordinat calon lokasi penanaman (y)": null, "penyuluh kehutanan pendamping": null, "keterangan": null, "cdk": "CDK VII" }, "geometry": { "type": "Point", "coordinates": [ 108.299, -7.081 ] } },
{ "type": "Feature", "properties": { "no": 487, "nama": "Firman Khabibi", "nik": 3175061806800030, "usia(tahun)": "45", "alamat": "Dsn. Kuta RT 001/RW 004 ", "desa": 3207170002, "kecamatan": 3207170, "kabupaten": 3207, "koordinat desa (lat)": -7.272, "koordinat desa (long)": 108.554, "koordinat calon lokasi persemaian (x)": null, "koordinat calon lokasi persemaian (y)": null, "koordinat calon lokasi penanaman (x)": null, "koordinat calon lokasi penanaman (y)": null, "penyuluh kehutanan pendamping": null, "keterangan": null, "cdk": "CDK VII" }, "geometry": { "type": "Point", "coordinates": [ 108.554, -7.272 ] } },
{ "type": "Feature", "properties": { "no": 488, "nama": "Carwa Hadma", "nik": 3207162001610001, "usia(tahun)": "64", "alamat": "Dsn. Sodong RT 004/RW 004  ", "desa": 3207170001, "kecamatan": 3207170, "kabupaten": 3207, "koordinat desa (lat)": -7.259, "koordinat desa (long)": 108.53, "koordinat calon lokasi persemaian (x)": null, "koordinat calon lokasi persemaian (y)": null, "koordinat calon lokasi penanaman (x)": null, "koordinat calon lokasi penanaman (y)": null, "penyuluh kehutanan pendamping": null, "keterangan": null, "cdk": "CDK VII" }, "geometry": { "type": "Point", "coordinates": [ 108.53, -7.259 ] } },
{ "type": "Feature", "properties": { "no": 489, "nama": "Sudarso", "nik": 3207161509550001, "usia(tahun)": "70", "alamat": "Dsn. Pasisian RT 001/RW 0011", "desa": 3207170003, "kecamatan": 3207170, "kabupaten": 3207, "koordinat desa (lat)": -7.243, "koordinat desa (long)": 108.564, "koordinat calon lokasi persemaian (x)": null, "koordinat calon lokasi persemaian (y)": null, "koordinat calon lokasi penanaman (x)": null, "koordinat calon lokasi penanaman (y)": null, "penyuluh kehutanan pendamping": null, "keterangan": null, "cdk": "CDK VII" }, "geometry": { "type": "Point", "coordinates": [ 108.564, -7.243 ] } },
{ "type": "Feature", "properties": { "no": 490, "nama": "Jubaedi", "nik": 3210090602690021, "usia(tahun)": "57", "alamat": "RT 007 RW 004 Blok Kamis ", "desa": 3210100001, "kecamatan": 3210100, "kabupaten": 3210, "koordinat desa (lat)": -6.826, "koordinat desa (long)": 108.35, "koordinat calon lokasi persemaian (x)": null, "koordinat calon lokasi persemaian (y)": null, "koordinat calon lokasi penanaman (x)": "6.806365", "koordinat calon lokasi penanaman (y)": "108.407797", "penyuluh kehutanan pendamping": null, "keterangan": null, "cdk": "CDK VIII" }, "geometry": { "type": "Point", "coordinates": [ 108.35, -6.826 ] } },
{ "type": "Feature", "properties": { "no": 491, "nama": "Rohendi", "nik": 3208191107890001, "usia(tahun)": "37", "alamat": "RT 009 RW 003 Blok Margamukti ", "desa": 3208190006, "kecamatan": 3208190, "kabupaten": 3208, "koordinat desa (lat)": -6.842, "koordinat desa (long)": 108.407, "koordinat calon lokasi persemaian (x)": null, "koordinat calon lokasi persemaian (y)": null, "koordinat calon lokasi penanaman (x)": "6.806365", "koordinat calon lokasi penanaman (y)": "108.407797", "penyuluh kehutanan pendamping": null, "keterangan": null, "cdk": "CDK VIII" }, "geometry": { "type": "Point", "coordinates": [ 108.407, -6.842 ] } },
{ "type": "Feature", "properties": { "no": 492, "nama": "Rohili", "nik": 3208192711850002, "usia(tahun)": "41", "alamat": "RT 009 RW 003 Blok Margamukti ", "desa": 3208190006, "kecamatan": 3208190, "kabupaten": 3208, "koordinat desa (lat)": -6.842, "koordinat desa (long)": 108.407, "koordinat calon lokasi persemaian (x)": null, "koordinat calon lokasi persemaian (y)": null, "koordinat calon lokasi penanaman (x)": "6.806365", "koordinat calon lokasi penanaman (y)": "108.407797", "penyuluh kehutanan pendamping": null, "keterangan": null, "cdk": "CDK VIII" }, "geometry": { "type": "Point", "coordinates": [ 108.407, -6.842 ] } },
{ "type": "Feature", "properties": { "no": 493, "nama": "Eri Ermawati", "nik": 3208196812930002, "usia(tahun)": "33", "alamat": "RT 012 RW 003 Blok Margamukti ", "desa": 3208190006, "kecamatan": 3208190, "kabupaten": 3208, "koordinat desa (lat)": -6.842, "koordinat desa (long)": 108.407, "koordinat calon lokasi persemaian (x)": null, "koordinat calon lokasi persemaian (y)": null, "koordinat calon lokasi penanaman (x)": "6.806365", "koordinat calon lokasi penanaman (y)": "108.407797", "penyuluh kehutanan pendamping": null, "keterangan": null, "cdk": "CDK VIII" }, "geometry": { "type": "Point", "coordinates": [ 108.407, -6.842 ] } },
{ "type": "Feature", "properties": { "no": 494, "nama": "Ruslani", "nik": 3208190901650003, "usia(tahun)": "61", "alamat": "RT 009 RW 003 Blok Margamukti ", "desa": 3208190006, "kecamatan": 3208190, "kabupaten": 3208, "koordinat desa (lat)": -6.842, "koordinat desa (long)": 108.407, "koordinat calon lokasi persemaian (x)": null, "koordinat calon lokasi persemaian (y)": null, "koordinat calon lokasi penanaman (x)": "6.806365", "koordinat calon lokasi penanaman (y)": "108.407797", "penyuluh kehutanan pendamping": null, "keterangan": null, "cdk": "CDK VIII" }, "geometry": { "type": "Point", "coordinates": [ 108.407, -6.842 ] } },
{ "type": "Feature", "properties": { "no": 495, "nama": "Hani Musyani", "nik": 3208195508880007, "usia(tahun)": "38", "alamat": "RT 009 RW 003 Blok Margamukti ", "desa": 3208190006, "kecamatan": 3208190, "kabupaten": 3208, "koordinat desa (lat)": -6.842, "koordinat desa (long)": 108.407, "koordinat calon lokasi persemaian (x)": null, "koordinat calon lokasi persemaian (y)": null, "koordinat calon lokasi penanaman (x)": "6.806365", "koordinat calon lokasi penanaman (y)": "108.407797", "penyuluh kehutanan pendamping": null, "keterangan": null, "cdk": "CDK VIII" }, "geometry": { "type": "Point", "coordinates": [ 108.407, -6.842 ] } },
{ "type": "Feature", "properties": { "no": 496, "nama": "Sean", "nik": 3208190906740003, "usia(tahun)": "52", "alamat": "RT 009 RW 003 Blok Margamukti ", "desa": 3208190006, "kecamatan": 3208190, "kabupaten": 3208, "koordinat desa (lat)": -6.842, "koordinat desa (long)": 108.407, "koordinat calon lokasi persemaian (x)": null, "koordinat calon lokasi persemaian (y)": null, "koordinat calon lokasi penanaman (x)": "6.806365", "koordinat calon lokasi penanaman (y)": "108.407797", "penyuluh kehutanan pendamping": null, "keterangan": null, "cdk": "CDK VIII" }, "geometry": { "type": "Point", "coordinates": [ 108.407, -6.842 ] } },
{ "type": "Feature", "properties": { "no": 497, "nama": "Madi", "nik": 3208191706590003, "usia(tahun)": "67", "alamat": "RT 006 RW 002 Blok Margamulya ", "desa": 3208190006, "kecamatan": 3208190, "kabupaten": 3208, "koordinat desa (lat)": -6.842, "koordinat desa (long)": 108.407, "koordinat calon lokasi persemaian (x)": null, "koordinat calon lokasi persemaian (y)": null, "koordinat calon lokasi penanaman (x)": "6.806365", "koordinat calon lokasi penanaman (y)": "108.407797", "penyuluh kehutanan pendamping": null, "keterangan": null, "cdk": "CDK VIII" }, "geometry": { "type": "Point", "coordinates": [ 108.407, -6.842 ] } },
{ "type": "Feature", "properties": { "no": 498, "nama": "Dede Kuswandi", "nik": 3208191004840001, "usia(tahun)": "42", "alamat": "RT 006 RW 002 Blok Margamulya ", "desa": 3208190006, "kecamatan": 3208190, "kabupaten": 3208, "koordinat desa (lat)": -6.842, "koordinat desa (long)": 108.407, "koordinat calon lokasi persemaian (x)": null, "koordinat calon lokasi persemaian (y)": null, "koordinat calon lokasi penanaman (x)": "6.806365", "koordinat calon lokasi penanaman (y)": "108.407797", "penyuluh kehutanan pendamping": null, "keterangan": null, "cdk": "CDK VIII" }, "geometry": { "type": "Point", "coordinates": [ 108.407, -6.842 ] } },
{ "type": "Feature", "properties": { "no": 499, "nama": "Leo Baetullah", "nik": 3208190708960001, "usia(tahun)": "30", "alamat": "RT 001 RW 001 Blok Margahayu ", "desa": 3208190006, "kecamatan": 3208190, "kabupaten": 3208, "koordinat desa (lat)": -6.842, "koordinat desa (long)": 108.407, "koordinat calon lokasi persemaian (x)": null, "koordinat calon lokasi persemaian (y)": null, "koordinat calon lokasi penanaman (x)": "6.806365", "koordinat calon lokasi penanaman (y)": "108.407797", "penyuluh kehutanan pendamping": null, "keterangan": null, "cdk": "CDK VIII" }, "geometry": { "type": "Point", "coordinates": [ 108.407, -6.842 ] } },
{ "type": "Feature", "properties": { "no": 500, "nama": "Hendrik", "nik": 3208191211810003, "usia(tahun)": "45", "alamat": "RT 001 RW 001 Blok Margahayu ", "desa": 3208190006, "kecamatan": 3208190, "kabupaten": 3208, "koordinat desa (lat)": -6.842, "koordinat desa (long)": 108.407, "koordinat calon lokasi persemaian (x)": null, "koordinat calon lokasi persemaian (y)": null, "koordinat calon lokasi penanaman (x)": "6.806365", "koordinat calon lokasi penanaman (y)": "108.407797", "penyuluh kehutanan pendamping": null, "keterangan": null, "cdk": "CDK VIII" }, "geometry": { "type": "Point", "coordinates": [ 108.407, -6.842 ] } },
{ "type": "Feature", "properties": { "no": 501, "nama": "Sukaesih", "nik": 3208197112750008, "usia(tahun)": "51", "alamat": "RT 009 RW 003 Blok Margamukti ", "desa": 3208190006, "kecamatan": 3208190, "kabupaten": 3208, "koordinat desa (lat)": -6.842, "koordinat desa (long)": 108.407, "koordinat calon lokasi persemaian (x)": null, "koordinat calon lokasi persemaian (y)": null, "koordinat calon lokasi penanaman (x)": "6.806365", "koordinat calon lokasi penanaman (y)": "108.407797", "penyuluh kehutanan pendamping": null, "keterangan": null, "cdk": "CDK VIII" }, "geometry": { "type": "Point", "coordinates": [ 108.407, -6.842 ] } },
{ "type": "Feature", "properties": { "no": 502, "nama": "Ridwan Novriana", "nik": 3208192111040001, "usia(tahun)": "22", "alamat": "RT 005 RW 002 Blok Margamulya ", "desa": 3208190006, "kecamatan": 3208190, "kabupaten": 3208, "koordinat desa (lat)": -6.842, "koordinat desa (long)": 108.407, "koordinat calon lokasi persemaian (x)": null, "koordinat calon lokasi persemaian (y)": null, "koordinat calon lokasi penanaman (x)": "6.806365", "koordinat calon lokasi penanaman (y)": "108.407797", "penyuluh kehutanan pendamping": null, "keterangan": null, "cdk": "CDK VIII" }, "geometry": { "type": "Point", "coordinates": [ 108.407, -6.842 ] } },
{ "type": "Feature", "properties": { "no": 503, "nama": "Supiti", "nik": 3208196007780001, "usia(tahun)": "48", "alamat": "RT 008 RW 002 Blok Margamulya ", "desa": 3208190006, "kecamatan": 3208190, "kabupaten": 3208, "koordinat desa (lat)": -6.842, "koordinat desa (long)": 108.407, "koordinat calon lokasi persemaian (x)": null, "koordinat calon lokasi persemaian (y)": null, "koordinat calon lokasi penanaman (x)": "6.806365", "koordinat calon lokasi penanaman (y)": "108.407797", "penyuluh kehutanan pendamping": null, "keterangan": null, "cdk": "CDK VIII" }, "geometry": { "type": "Point", "coordinates": [ 108.407, -6.842 ] } },
{ "type": "Feature", "properties": { "no": 504, "nama": "Wiwin Wiarsih", "nik": 3208196907850002, "usia(tahun)": "40", "alamat": "RT 002 RW 001 Blok Margahayu ", "desa": 3208190006, "kecamatan": 3208190, "kabupaten": 3208, "koordinat desa (lat)": -6.842, "koordinat desa (long)": 108.407, "koordinat calon lokasi persemaian (x)": null, "koordinat calon lokasi persemaian (y)": null, "koordinat calon lokasi penanaman (x)": "6.806365", "koordinat calon lokasi penanaman (y)": "108.407797", "penyuluh kehutanan pendamping": null, "keterangan": null, "cdk": "CDK VIII" }, "geometry": { "type": "Point", "coordinates": [ 108.407, -6.842 ] } },
{ "type": "Feature", "properties": { "no": 505, "nama": "Marsiti", "nik": 3208196210790002, "usia(tahun)": "47", "alamat": "RT 006 RW 002 Blok Margamukti ", "desa": 3208190006, "kecamatan": 3208190, "kabupaten": 3208, "koordinat desa (lat)": -6.842, "koordinat desa (long)": 108.407, "koordinat calon lokasi persemaian (x)": null, "koordinat calon lokasi persemaian (y)": null, "koordinat calon lokasi penanaman (x)": "6.806365", "koordinat calon lokasi penanaman (y)": "108.407797", "penyuluh kehutanan pendamping": null, "keterangan": null, "cdk": "CDK VIII" }, "geometry": { "type": "Point", "coordinates": [ 108.407, -6.842 ] } },
{ "type": "Feature", "properties": { "no": 506, "nama": "Sanimah", "nik": 3208196507680002, "usia(tahun)": "58", "alamat": "RT 006 RW 002 Blok Margamulya ", "desa": 3208190006, "kecamatan": 3208190, "kabupaten": 3208, "koordinat desa (lat)": -6.842, "koordinat desa (long)": 108.407, "koordinat calon lokasi persemaian (x)": null, "koordinat calon lokasi persemaian (y)": null, "koordinat calon lokasi penanaman (x)": "6.806365", "koordinat calon lokasi penanaman (y)": "108.407797", "penyuluh kehutanan pendamping": null, "keterangan": null, "cdk": "CDK VIII" }, "geometry": { "type": "Point", "coordinates": [ 108.407, -6.842 ] } },
{ "type": "Feature", "properties": { "no": 507, "nama": "Marsih", "nik": 3208195205600004, "usia(tahun)": "65", "alamat": "RT 001 RW 001 Blok Margahayu ", "desa": 3208190006, "kecamatan": 3208190, "kabupaten": 3208, "koordinat desa (lat)": -6.842, "koordinat desa (long)": 108.407, "koordinat calon lokasi persemaian (x)": null, "koordinat calon lokasi persemaian (y)": null, "koordinat calon lokasi penanaman (x)": "6.806365", "koordinat calon lokasi penanaman (y)": "108.407797", "penyuluh kehutanan pendamping": null, "keterangan": null, "cdk": "CDK VIII" }, "geometry": { "type": "Point", "coordinates": [ 108.407, -6.842 ] } },
{ "type": "Feature", "properties": { "no": 508, "nama": "Ijah", "nik": 3208195604750002, "usia(tahun)": "51", "alamat": "RT 002 RW 001 Blok Margahayu ", "desa": 3208190006, "kecamatan": 3208190, "kabupaten": 3208, "koordinat desa (lat)": -6.842, "koordinat desa (long)": 108.407, "koordinat calon lokasi persemaian (x)": null, "koordinat calon lokasi persemaian (y)": null, "koordinat calon lokasi penanaman (x)": "6.806365", "koordinat calon lokasi penanaman (y)": "108.407797", "penyuluh kehutanan pendamping": null, "keterangan": null, "cdk": "CDK VIII" }, "geometry": { "type": "Point", "coordinates": [ 108.407, -6.842 ] } },
{ "type": "Feature", "properties": { "no": 509, "nama": "Imas Masiri", "nik": 3208195806860002, "usia(tahun)": "40", "alamat": "RT 010 RW 003 Blok Margamukti ", "desa": 3208190006, "kecamatan": 3208190, "kabupaten": 3208, "koordinat desa (lat)": -6.842, "koordinat desa (long)": 108.407, "koordinat calon lokasi persemaian (x)": null, "koordinat calon lokasi persemaian (y)": null, "koordinat calon lokasi penanaman (x)": "6.806365", "koordinat calon lokasi penanaman (y)": "108.407797", "penyuluh kehutanan pendamping": null, "keterangan": null, "cdk": "CDK VIII" }, "geometry": { "type": "Point", "coordinates": [ 108.407, -6.842 ] } },
{ "type": "Feature", "properties": { "no": 510, "nama": "Asep Rolly", "nik": 3209162108920001, "usia(tahun)": "34", "alamat": "RT 006 RW 002 Blok Margamulya ", "desa": 3208190006, "kecamatan": 3208190, "kabupaten": 3208, "koordinat desa (lat)": -6.842, "koordinat desa (long)": 108.407, "koordinat calon lokasi persemaian (x)": null, "koordinat calon lokasi persemaian (y)": null, "koordinat calon lokasi penanaman (x)": "6.806365", "koordinat calon lokasi penanaman (y)": "108.407797", "penyuluh kehutanan pendamping": null, "keterangan": null, "cdk": "CDK VIII" }, "geometry": { "type": "Point", "coordinates": [ 108.407, -6.842 ] } },
{ "type": "Feature", "properties": { "no": 511, "nama": "Jahuri", "nik": 3208191805800002, "usia(tahun)": "46", "alamat": "RT 005 RW 002 Blok Margamulya ", "desa": 3208190006, "kecamatan": 3208190, "kabupaten": 3208, "koordinat desa (lat)": -6.842, "koordinat desa (long)": 108.407, "koordinat calon lokasi persemaian (x)": null, "koordinat calon lokasi persemaian (y)": null, "koordinat calon lokasi penanaman (x)": "6.806365", "koordinat calon lokasi penanaman (y)": "108.407797", "penyuluh kehutanan pendamping": null, "keterangan": null, "cdk": "CDK VIII" }, "geometry": { "type": "Point", "coordinates": [ 108.407, -6.842 ] } },
{ "type": "Feature", "properties": { "no": 512, "nama": "Nendra Sonjaya", "nik": 3208190101900005, "usia(tahun)": "35", "alamat": "RT 007 RW 002 Blok Margamulya ", "desa": 3208190006, "kecamatan": 3208190, "kabupaten": 3208, "koordinat desa (lat)": -6.842, "koordinat desa (long)": 108.407, "koordinat calon lokasi persemaian (x)": null, "koordinat calon lokasi persemaian (y)": null, "koordinat calon lokasi penanaman (x)": "6.806365", "koordinat calon lokasi penanaman (y)": "108.407797", "penyuluh kehutanan pendamping": null, "keterangan": null, "cdk": "CDK VIII" }, "geometry": { "type": "Point", "coordinates": [ 108.407, -6.842 ] } },
{ "type": "Feature", "properties": { "no": 513, "nama": "Suhamid", "nik": 3208191011720002, "usia(tahun)": "54", "alamat": "RT 001 RW 001 Blok Margahayu ", "desa": 3208190006, "kecamatan": 3208190, "kabupaten": 3208, "koordinat desa (lat)": -6.842, "koordinat desa (long)": 108.407, "koordinat calon lokasi persemaian (x)": null, "koordinat calon lokasi persemaian (y)": null, "koordinat calon lokasi penanaman (x)": "6.806365", "koordinat calon lokasi penanaman (y)": "108.407797", "penyuluh kehutanan pendamping": null, "keterangan": null, "cdk": "CDK VIII" }, "geometry": { "type": "Point", "coordinates": [ 108.407, -6.842 ] } },
{ "type": "Feature", "properties": { "no": 514, "nama": "Ratinah", "nik": 3208195510580001, "usia(tahun)": "68", "alamat": "RT 006 RW 002 Blok Margamulya ", "desa": 3208190006, "kecamatan": 3208190, "kabupaten": 3208, "koordinat desa (lat)": -6.842, "koordinat desa (long)": 108.407, "koordinat calon lokasi persemaian (x)": null, "koordinat calon lokasi persemaian (y)": null, "koordinat calon lokasi penanaman (x)": "6.806365", "koordinat calon lokasi penanaman (y)": "108.407797", "penyuluh kehutanan pendamping": null, "keterangan": null, "cdk": "CDK VIII" }, "geometry": { "type": "Point", "coordinates": [ 108.407, -6.842 ] } },
{ "type": "Feature", "properties": { "no": 515, "nama": "Urip Supriadi", "nik": 3208191302810002, "usia(tahun)": "45", "alamat": "RT 006 RW 002 Blok Margamulya ", "desa": 3208190006, "kecamatan": 3208190, "kabupaten": 3208, "koordinat desa (lat)": -6.842, "koordinat desa (long)": 108.407, "koordinat calon lokasi persemaian (x)": null, "koordinat calon lokasi persemaian (y)": null, "koordinat calon lokasi penanaman (x)": "6.806365", "koordinat calon lokasi penanaman (y)": "108.407797", "penyuluh kehutanan pendamping": null, "keterangan": null, "cdk": "CDK VIII" }, "geometry": { "type": "Point", "coordinates": [ 108.407, -6.842 ] } },
{ "type": "Feature", "properties": { "no": 516, "nama": "Saim", "nik": 3208190702680003, "usia(tahun)": "58", "alamat": "RT 001 RW 001 Blok Margahayu ", "desa": 3208190006, "kecamatan": 3208190, "kabupaten": 3208, "koordinat desa (lat)": -6.842, "koordinat desa (long)": 108.407, "koordinat calon lokasi persemaian (x)": null, "koordinat calon lokasi persemaian (y)": null, "koordinat calon lokasi penanaman (x)": "6.806365", "koordinat calon lokasi penanaman (y)": "108.407797", "penyuluh kehutanan pendamping": null, "keterangan": null, "cdk": "CDK VIII" }, "geometry": { "type": "Point", "coordinates": [ 108.407, -6.842 ] } },
{ "type": "Feature", "properties": { "no": 517, "nama": "Wawan", "nik": 3208193001690002, "usia(tahun)": "57", "alamat": "RT 005 RW 002 Blok Margamulya ", "desa": 3208190006, "kecamatan": 3208190, "kabupaten": 3208, "koordinat desa (lat)": -6.842, "koordinat desa (long)": 108.407, "koordinat calon lokasi persemaian (x)": null, "koordinat calon lokasi persemaian (y)": null, "koordinat calon lokasi penanaman (x)": "6.806365", "koordinat calon lokasi penanaman (y)": "108.407797", "penyuluh kehutanan pendamping": null, "keterangan": null, "cdk": "CDK VIII" }, "geometry": { "type": "Point", "coordinates": [ 108.407, -6.842 ] } },
{ "type": "Feature", "properties": { "no": 518, "nama": "Rustimah", "nik": 3208194204700003, "usia(tahun)": "56", "alamat": "RT 002 RW 001 Blok Margahayu ", "desa": 3208190006, "kecamatan": 3208190, "kabupaten": 3208, "koordinat desa (lat)": -6.842, "koordinat desa (long)": 108.407, "koordinat calon lokasi persemaian (x)": null, "koordinat calon lokasi persemaian (y)": null, "koordinat calon lokasi penanaman (x)": "6.806365", "koordinat calon lokasi penanaman (y)": "108.407797", "penyuluh kehutanan pendamping": null, "keterangan": null, "cdk": "CDK VIII" }, "geometry": { "type": "Point", "coordinates": [ 108.407, -6.842 ] } },
{ "type": "Feature", "properties": { "no": 519, "nama": "Sumarni", "nik": 3208195204710001, "usia(tahun)": "55", "alamat": "RT 006 RW 002 Blok Margamulya ", "desa": 3208190006, "kecamatan": 3208190, "kabupaten": 3208, "koordinat desa (lat)": -6.842, "koordinat desa (long)": 108.407, "koordinat calon lokasi persemaian (x)": null, "koordinat calon lokasi persemaian (y)": null, "koordinat calon lokasi penanaman (x)": "6.806365", "koordinat calon lokasi penanaman (y)": "108.407797", "penyuluh kehutanan pendamping": null, "keterangan": null, "cdk": "CDK VIII" }, "geometry": { "type": "Point", "coordinates": [ 108.407, -6.842 ] } },
{ "type": "Feature", "properties": { "no": 520, "nama": "Ecih", "nik": 3208194207700003, "usia(tahun)": "56", "alamat": "RT 001 RW 001 Blok Margahayu ", "desa": 3208190006, "kecamatan": 3208190, "kabupaten": 3208, "koordinat desa (lat)": -6.842, "koordinat desa (long)": 108.407, "koordinat calon lokasi persemaian (x)": null, "koordinat calon lokasi persemaian (y)": null, "koordinat calon lokasi penanaman (x)": "6.806365", "koordinat calon lokasi penanaman (y)": "108.407797", "penyuluh kehutanan pendamping": null, "keterangan": null, "cdk": "CDK VIII" }, "geometry": { "type": "Point", "coordinates": [ 108.407, -6.842 ] } },
{ "type": "Feature", "properties": { "no": 521, "nama": "Rastani", "nik": 3208191608620002, "usia(tahun)": "64", "alamat": "RT 006 RW 002 Blok Margamulya ", "desa": 3208190006, "kecamatan": 3208190, "kabupaten": 3208, "koordinat desa (lat)": -6.842, "koordinat desa (long)": 108.407, "koordinat calon lokasi persemaian (x)": null, "koordinat calon lokasi persemaian (y)": null, "koordinat calon lokasi penanaman (x)": "6.806365", "koordinat calon lokasi penanaman (y)": "108.407797", "penyuluh kehutanan pendamping": null, "keterangan": null, "cdk": "CDK VIII" }, "geometry": { "type": "Point", "coordinates": [ 108.407, -6.842 ] } },
{ "type": "Feature", "properties": { "no": 522, "nama": "Bary", "nik": 3208191504780009, "usia(tahun)": "48", "alamat": "RT 005 RW 002 Blok Margamulya ", "desa": 3208190006, "kecamatan": 3208190, "kabupaten": 3208, "koordinat desa (lat)": -6.842, "koordinat desa (long)": 108.407, "koordinat calon lokasi persemaian (x)": null, "koordinat calon lokasi persemaian (y)": null, "koordinat calon lokasi penanaman (x)": "6.806365", "koordinat calon lokasi penanaman (y)": "108.407797", "penyuluh kehutanan pendamping": null, "keterangan": null, "cdk": "CDK VIII" }, "geometry": { "type": "Point", "coordinates": [ 108.407, -6.842 ] } },
{ "type": "Feature", "properties": { "no": 523, "nama": "Sukanda", "nik": 3208191408680001, "usia(tahun)": "58", "alamat": "RT 005 RW 002 Blok Margamulya ", "desa": 3208190006, "kecamatan": 3208190, "kabupaten": 3208, "koordinat desa (lat)": -6.842, "koordinat desa (long)": 108.407, "koordinat calon lokasi persemaian (x)": null, "koordinat calon lokasi persemaian (y)": null, "koordinat calon lokasi penanaman (x)": "6.806365", "koordinat calon lokasi penanaman (y)": "108.407797", "penyuluh kehutanan pendamping": null, "keterangan": null, "cdk": "CDK VIII" }, "geometry": { "type": "Point", "coordinates": [ 108.407, -6.842 ] } },
{ "type": "Feature", "properties": { "no": 524, "nama": "Ijoh", "nik": 3208197112750004, "usia(tahun)": "51", "alamat": "RT 009 RW 003 Blok Margamukti ", "desa": 3208190006, "kecamatan": 3208190, "kabupaten": 3208, "koordinat desa (lat)": -6.842, "koordinat desa (long)": 108.407, "koordinat calon lokasi persemaian (x)": null, "koordinat calon lokasi persemaian (y)": null, "koordinat calon lokasi penanaman (x)": "6.806365", "koordinat calon lokasi penanaman (y)": "108.407797", "penyuluh kehutanan pendamping": null, "keterangan": null, "cdk": "CDK VIII" }, "geometry": { "type": "Point", "coordinates": [ 108.407, -6.842 ] } },
{ "type": "Feature", "properties": { "no": 525, "nama": "Misi", "nik": 3208194710650003, "usia(tahun)": "61", "alamat": "RT 0001 RW 001 Blok Margahayu ", "desa": 3208190006, "kecamatan": 3208190, "kabupaten": 3208, "koordinat desa (lat)": -6.842, "koordinat desa (long)": 108.407, "koordinat calon lokasi persemaian (x)": null, "koordinat calon lokasi persemaian (y)": null, "koordinat calon lokasi penanaman (x)": "6.806365", "koordinat calon lokasi penanaman (y)": "108.407797", "penyuluh kehutanan pendamping": null, "keterangan": null, "cdk": "CDK VIII" }, "geometry": { "type": "Point", "coordinates": [ 108.407, -6.842 ] } },
{ "type": "Feature", "properties": { "no": 526, "nama": "Selamet Riyadi", "nik": 3208190202940001, "usia(tahun)": "32", "alamat": "RT 003 RW 001 Bok Margahayu ", "desa": 3208190006, "kecamatan": 3208190, "kabupaten": 3208, "koordinat desa (lat)": -6.842, "koordinat desa (long)": 108.407, "koordinat calon lokasi persemaian (x)": null, "koordinat calon lokasi persemaian (y)": null, "koordinat calon lokasi penanaman (x)": "6.806365", "koordinat calon lokasi penanaman (y)": "108.407797", "penyuluh kehutanan pendamping": null, "keterangan": null, "cdk": "CDK VIII" }, "geometry": { "type": "Point", "coordinates": [ 108.407, -6.842 ] } },
{ "type": "Feature", "properties": { "no": 527, "nama": "Teti", "nik": 3208194902790002, "usia(tahun)": "47", "alamat": "RT 004 RW 001 Blok Margahayu ", "desa": 3208190006, "kecamatan": 3208190, "kabupaten": 3208, "koordinat desa (lat)": -6.842, "koordinat desa (long)": 108.407, "koordinat calon lokasi persemaian (x)": null, "koordinat calon lokasi persemaian (y)": null, "koordinat calon lokasi penanaman (x)": "6.806365", "koordinat calon lokasi penanaman (y)": "108.407797", "penyuluh kehutanan pendamping": null, "keterangan": null, "cdk": "CDK VIII" }, "geometry": { "type": "Point", "coordinates": [ 108.407, -6.842 ] } },
{ "type": "Feature", "properties": { "no": 528, "nama": "Karyo", "nik": 3208190411710001, "usia(tahun)": "55", "alamat": "RT 004 RW 001 Blok Margahayu ", "desa": 3208190006, "kecamatan": 3208190, "kabupaten": 3208, "koordinat desa (lat)": -6.842, "koordinat desa (long)": 108.407, "koordinat calon lokasi persemaian (x)": null, "koordinat calon lokasi persemaian (y)": null, "koordinat calon lokasi penanaman (x)": "6.806365", "koordinat calon lokasi penanaman (y)": "108.407797", "penyuluh kehutanan pendamping": null, "keterangan": null, "cdk": "CDK VIII" }, "geometry": { "type": "Point", "coordinates": [ 108.407, -6.842 ] } },
{ "type": "Feature", "properties": { "no": 529, "nama": "Ade", "nik": 3208195001740002, "usia(tahun)": "52", "alamat": "RT 009 RW 003 Blok Margamukti ", "desa": 3208190006, "kecamatan": 3208190, "kabupaten": 3208, "koordinat desa (lat)": -6.842, "koordinat desa (long)": 108.407, "koordinat calon lokasi persemaian (x)": null, "koordinat calon lokasi persemaian (y)": null, "koordinat calon lokasi penanaman (x)": "6.806365", "koordinat calon lokasi penanaman (y)": "108.407797", "penyuluh kehutanan pendamping": null, "keterangan": null, "cdk": "CDK VIII" }, "geometry": { "type": "Point", "coordinates": [ 108.407, -6.842 ] } },
{ "type": "Feature", "properties": { "no": 530, "nama": "Mistara", "nik": 3208191506710004, "usia(tahun)": "55", "alamat": "RT 009 RW 003 Blok Margamukti ", "desa": 3208190006, "kecamatan": 3208190, "kabupaten": 3208, "koordinat desa (lat)": -6.842, "koordinat desa (long)": 108.407, "koordinat calon lokasi persemaian (x)": null, "koordinat calon lokasi persemaian (y)": null, "koordinat calon lokasi penanaman (x)": "6.806365", "koordinat calon lokasi penanaman (y)": "108.407797", "penyuluh kehutanan pendamping": null, "keterangan": null, "cdk": "CDK VIII" }, "geometry": { "type": "Point", "coordinates": [ 108.407, -6.842 ] } },
{ "type": "Feature", "properties": { "no": 531, "nama": "Riyanto", "nik": 3212111012660003, "usia(tahun)": "60", "alamat": "RT 009 RW 003 Blok Margamukti ", "desa": 3208190006, "kecamatan": 3208190, "kabupaten": 3208, "koordinat desa (lat)": -6.842, "koordinat desa (long)": 108.407, "koordinat calon lokasi persemaian (x)": null, "koordinat calon lokasi persemaian (y)": null, "koordinat calon lokasi penanaman (x)": "6.806365", "koordinat calon lokasi penanaman (y)": "108.407797", "penyuluh kehutanan pendamping": null, "keterangan": null, "cdk": "CDK VIII" }, "geometry": { "type": "Point", "coordinates": [ 108.407, -6.842 ] } },
{ "type": "Feature", "properties": { "no": 532, "nama": "Waryinah", "nik": 3208194402680001, "usia(tahun)": "56", "alamat": "RT 009 003 Blok Margamukti ", "desa": 3208190006, "kecamatan": 3208190, "kabupaten": 3208, "koordinat desa (lat)": -6.842, "koordinat desa (long)": 108.407, "koordinat calon lokasi persemaian (x)": null, "koordinat calon lokasi persemaian (y)": null, "koordinat calon lokasi penanaman (x)": "6.806365", "koordinat calon lokasi penanaman (y)": "108.407797", "penyuluh kehutanan pendamping": null, "keterangan": null, "cdk": "CDK VIII" }, "geometry": { "type": "Point", "coordinates": [ 108.407, -6.842 ] } },
{ "type": "Feature", "properties": { "no": 533, "nama": "Sujai", "nik": 3208192006600005, "usia(tahun)": "58", "alamat": "RT 009 RW 003 Blok Margamukti ", "desa": 3208190006, "kecamatan": 3208190, "kabupaten": 3208, "koordinat desa (lat)": -6.842, "koordinat desa (long)": 108.407, "koordinat calon lokasi persemaian (x)": null, "koordinat calon lokasi persemaian (y)": null, "koordinat calon lokasi penanaman (x)": "6.806365", "koordinat calon lokasi penanaman (y)": "108.407797", "penyuluh kehutanan pendamping": null, "keterangan": null, "cdk": "CDK VIII" }, "geometry": { "type": "Point", "coordinates": [ 108.407, -6.842 ] } },
{ "type": "Feature", "properties": { "no": 534, "nama": "Rohmana", "nik": 3208191902010002, "usia(tahun)": "25", "alamat": "RT 005 RW 002 Blok Margamulya", "desa": 3208190006, "kecamatan": 3208190, "kabupaten": 3208, "koordinat desa (lat)": -6.842, "koordinat desa (long)": 108.407, "koordinat calon lokasi persemaian (x)": null, "koordinat calon lokasi persemaian (y)": null, "koordinat calon lokasi penanaman (x)": "6.806365", "koordinat calon lokasi penanaman (y)": "108.407797", "penyuluh kehutanan pendamping": null, "keterangan": null, "cdk": "CDK VIII" }, "geometry": { "type": "Point", "coordinates": [ 108.407, -6.842 ] } },
{ "type": "Feature", "properties": { "no": 535, "nama": "Suherman", "nik": 3208191906660008, "usia(tahun)": "35", "alamat": "RT 010 RW 003 Blok Margamukti ", "desa": 3208190006, "kecamatan": 3208190, "kabupaten": 3208, "koordinat desa (lat)": -6.842, "koordinat desa (long)": 108.407, "koordinat calon lokasi persemaian (x)": null, "koordinat calon lokasi persemaian (y)": null, "koordinat calon lokasi penanaman (x)": "6.806365", "koordinat calon lokasi penanaman (y)": "108.407797", "penyuluh kehutanan pendamping": null, "keterangan": null, "cdk": "CDK VIII" }, "geometry": { "type": "Point", "coordinates": [ 108.407, -6.842 ] } },
{ "type": "Feature", "properties": { "no": 536, "nama": "Sarmiah", "nik": 3208195501760001, "usia(tahun)": "60", "alamat": "RT 005 RW 002 Blok Margamulya ", "desa": 3208190006, "kecamatan": 3208190, "kabupaten": 3208, "koordinat desa (lat)": -6.842, "koordinat desa (long)": 108.407, "koordinat calon lokasi persemaian (x)": null, "koordinat calon lokasi persemaian (y)": null, "koordinat calon lokasi penanaman (x)": "6.806365", "koordinat calon lokasi penanaman (y)": "108.407797", "penyuluh kehutanan pendamping": null, "keterangan": null, "cdk": "CDK VIII" }, "geometry": { "type": "Point", "coordinates": [ 108.407, -6.842 ] } },
{ "type": "Feature", "properties": { "no": 537, "nama": "Sunawi", "nik": 3208191211700001, "usia(tahun)": "51", "alamat": "RT 005 RW 002 Blok Margamulya ", "desa": 3208190006, "kecamatan": 3208190, "kabupaten": 3208, "koordinat desa (lat)": -6.842, "koordinat desa (long)": 108.407, "koordinat calon lokasi persemaian (x)": null, "koordinat calon lokasi persemaian (y)": null, "koordinat calon lokasi penanaman (x)": "6.806365", "koordinat calon lokasi penanaman (y)": "108.407797", "penyuluh kehutanan pendamping": null, "keterangan": null, "cdk": "CDK VIII" }, "geometry": { "type": "Point", "coordinates": [ 108.407, -6.842 ] } },
{ "type": "Feature", "properties": { "no": 538, "nama": "Turyati", "nik": 3208195002740001, "usia(tahun)": "56", "alamat": "RT 005 RW 002 Blok Margamulya ", "desa": 3208190006, "kecamatan": 3208190, "kabupaten": 3208, "koordinat desa (lat)": -6.842, "koordinat desa (long)": 108.407, "koordinat calon lokasi persemaian (x)": null, "koordinat calon lokasi persemaian (y)": null, "koordinat calon lokasi penanaman (x)": "6.806365", "koordinat calon lokasi penanaman (y)": "108.407797", "penyuluh kehutanan pendamping": null, "keterangan": null, "cdk": "CDK VIII" }, "geometry": { "type": "Point", "coordinates": [ 108.407, -6.842 ] } },
{ "type": "Feature", "properties": { "no": 539, "nama": "Samsudin", "nik": 3208192509770002, "usia(tahun)": "52", "alamat": "RT 003 RW 001 Blok Margahayu ", "desa": 3208190006, "kecamatan": 3208190, "kabupaten": 3208, "koordinat desa (lat)": -6.842, "koordinat desa (long)": 108.407, "koordinat calon lokasi persemaian (x)": null, "koordinat calon lokasi persemaian (y)": null, "koordinat calon lokasi penanaman (x)": "6.806365", "koordinat calon lokasi penanaman (y)": "108.407797", "penyuluh kehutanan pendamping": null, "keterangan": null, "cdk": "CDK VIII" }, "geometry": { "type": "Point", "coordinates": [ 108.407, -6.842 ] } },
{ "type": "Feature", "properties": { "no": 540, "nama": "Ardita", "nik": 3208190403680002, "usia(tahun)": "49", "alamat": "RT 002 RW 001 Blok Margahayu ", "desa": 3208190006, "kecamatan": 3208190, "kabupaten": 3208, "koordinat desa (lat)": -6.842, "koordinat desa (long)": 108.407, "koordinat calon lokasi persemaian (x)": null, "koordinat calon lokasi persemaian (y)": null, "koordinat calon lokasi penanaman (x)": "6.806365", "koordinat calon lokasi penanaman (y)": "108.407797", "penyuluh kehutanan pendamping": null, "keterangan": null, "cdk": "CDK VIII" }, "geometry": { "type": "Point", "coordinates": [ 108.407, -6.842 ] } },
{ "type": "Feature", "properties": { "no": 541, "nama": "Arman", "nik": 3208190108700003, "usia(tahun)": "56", "alamat": "RT 007 RW 002 Blok Margamulya ", "desa": 3208190006, "kecamatan": 3208190, "kabupaten": 3208, "koordinat desa (lat)": -6.842, "koordinat desa (long)": 108.407, "koordinat calon lokasi persemaian (x)": null, "koordinat calon lokasi persemaian (y)": null, "koordinat calon lokasi penanaman (x)": "6.806843", "koordinat calon lokasi penanaman (y)": "108.405215", "penyuluh kehutanan pendamping": null, "keterangan": null, "cdk": "CDK VIII" }, "geometry": { "type": "Point", "coordinates": [ 108.407, -6.842 ] } },
{ "type": "Feature", "properties": { "no": 542, "nama": "Jambi", "nik": 3208191008550004, "usia(tahun)": "71", "alamat": "RT 007 RW 002 Blok Margamulya ", "desa": 3208190006, "kecamatan": 3208190, "kabupaten": 3208, "koordinat desa (lat)": -6.842, "koordinat desa (long)": 108.407, "koordinat calon lokasi persemaian (x)": null, "koordinat calon lokasi persemaian (y)": null, "koordinat calon lokasi penanaman (x)": "6.806843", "koordinat calon lokasi penanaman (y)": "108.405215", "penyuluh kehutanan pendamping": null, "keterangan": null, "cdk": "CDK VIII" }, "geometry": { "type": "Point", "coordinates": [ 108.407, -6.842 ] } },
{ "type": "Feature", "properties": { "no": 543, "nama": "Kadi", "nik": 3208190107630030, "usia(tahun)": "63", "alamat": "RT 001 RW 001 Blok Margahayu ", "desa": 3208190006, "kecamatan": 3208190, "kabupaten": 3208, "koordinat desa (lat)": -6.842, "koordinat desa (long)": 108.407, "koordinat calon lokasi persemaian (x)": null, "koordinat calon lokasi persemaian (y)": null, "koordinat calon lokasi penanaman (x)": "6.806843", "koordinat calon lokasi penanaman (y)": "108.405215", "penyuluh kehutanan pendamping": null, "keterangan": null, "cdk": "CDK VIII" }, "geometry": { "type": "Point", "coordinates": [ 108.407, -6.842 ] } },
{ "type": "Feature", "properties": { "no": 544, "nama": "Udin samsudin", "nik": 3208192604740001, "usia(tahun)": "52", "alamat": "RT 001 RW 001 Blok Margahayu ", "desa": 3208190006, "kecamatan": 3208190, "kabupaten": 3208, "koordinat desa (lat)": -6.842, "koordinat desa (long)": 108.407, "koordinat calon lokasi persemaian (x)": null, "koordinat calon lokasi persemaian (y)": null, "koordinat calon lokasi penanaman (x)": "6.806843", "koordinat calon lokasi penanaman (y)": "108.405215", "penyuluh kehutanan pendamping": null, "keterangan": null, "cdk": "CDK VIII" }, "geometry": { "type": "Point", "coordinates": [ 108.407, -6.842 ] } },
{ "type": "Feature", "properties": { "no": 545, "nama": "Tata Suarta", "nik": 3208190802650003, "usia(tahun)": "61", "alamat": "RT 009 RW 003 Blok Margamukti ", "desa": 3208190006, "kecamatan": 3208190, "kabupaten": 3208, "koordinat desa (lat)": -6.842, "koordinat desa (long)": 108.407, "koordinat calon lokasi persemaian (x)": null, "koordinat calon lokasi persemaian (y)": null, "koordinat calon lokasi penanaman (x)": "6.806843", "koordinat calon lokasi penanaman (y)": "108.405215", "penyuluh kehutanan pendamping": null, "keterangan": null, "cdk": "CDK VIII" }, "geometry": { "type": "Point", "coordinates": [ 108.407, -6.842 ] } },
{ "type": "Feature", "properties": { "no": 546, "nama": "Soleman", "nik": 3208190808620006, "usia(tahun)": "64", "alamat": "RT 009 RW 003 Blok Margamukti ", "desa": 3208190006, "kecamatan": 3208190, "kabupaten": 3208, "koordinat desa (lat)": -6.842, "koordinat desa (long)": 108.407, "koordinat calon lokasi persemaian (x)": null, "koordinat calon lokasi persemaian (y)": null, "koordinat calon lokasi penanaman (x)": "6.806843", "koordinat calon lokasi penanaman (y)": "108.405215", "penyuluh kehutanan pendamping": null, "keterangan": null, "cdk": "CDK VIII" }, "geometry": { "type": "Point", "coordinates": [ 108.407, -6.842 ] } },
{ "type": "Feature", "properties": { "no": 547, "nama": "Saepudin", "nik": 3211150708640004, "usia(tahun)": "61", "alamat": "Dusun Jatiroke RT 003 RW 005 ", "desa": 3211010007, "kecamatan": 3211010, "kabupaten": 3211, "koordinat desa (lat)": -6.934, "koordinat desa (long)": 107.793, "koordinat calon lokasi persemaian (x)": null, "koordinat calon lokasi persemaian (y)": null, "koordinat calon lokasi penanaman (x)": null, "koordinat calon lokasi penanaman (y)": null, "penyuluh kehutanan pendamping": null, "keterangan": null, "cdk": "CDK IX" }, "geometry": { "type": "Point", "coordinates": [ 107.793, -6.934 ] } },
{ "type": "Feature", "properties": { "no": 548, "nama": "Taryana", "nik": 3211151010720008, "usia(tahun)": "53", "alamat": "Dusun Sundasari RT 004 RW 003", "desa": 3211010007, "kecamatan": 3211010, "kabupaten": 3211, "koordinat desa (lat)": -6.934, "koordinat desa (long)": 107.793, "koordinat calon lokasi persemaian (x)": null, "koordinat calon lokasi persemaian (y)": null, "koordinat calon lokasi penanaman (x)": null, "koordinat calon lokasi penanaman (y)": null, "penyuluh kehutanan pendamping": null, "keterangan": null, "cdk": "CDK IX" }, "geometry": { "type": "Point", "coordinates": [ 107.793, -6.934 ] } },
{ "type": "Feature", "properties": { "no": 549, "nama": "Rusli", "nik": 1804051011740003, "usia(tahun)": "51", "alamat": "Dusun Jatiroke RT 002 RW 003 ", "desa": 3211010007, "kecamatan": 3211010, "kabupaten": 3211, "koordinat desa (lat)": -6.934, "koordinat desa (long)": 107.793, "koordinat calon lokasi persemaian (x)": null, "koordinat calon lokasi persemaian (y)": null, "koordinat calon lokasi penanaman (x)": null, "koordinat calon lokasi penanaman (y)": null, "penyuluh kehutanan pendamping": null, "keterangan": null, "cdk": "CDK IX" }, "geometry": { "type": "Point", "coordinates": [ 107.793, -6.934 ] } },
{ "type": "Feature", "properties": { "no": 550, "nama": "Wahyu", "nik": 3211150404610006, "usia(tahun)": "64", "alamat": "Dusun Jatiroke RT 004 RW 003 ", "desa": 3211010007, "kecamatan": 3211010, "kabupaten": 3211, "koordinat desa (lat)": -6.934, "koordinat desa (long)": 107.793, "koordinat calon lokasi persemaian (x)": null, "koordinat calon lokasi persemaian (y)": null, "koordinat calon lokasi penanaman (x)": null, "koordinat calon lokasi penanaman (y)": null, "penyuluh kehutanan pendamping": null, "keterangan": null, "cdk": "CDK IX" }, "geometry": { "type": "Point", "coordinates": [ 107.793, -6.934 ] } },
{ "type": "Feature", "properties": { "no": 551, "nama": "Ujang Rosidin", "nik": 3211152604710005, "usia(tahun)": "54", "alamat": "Dusun Jatiroke RT 005 RW 003 ", "desa": 3211010007, "kecamatan": 3211010, "kabupaten": 3211, "koordinat desa (lat)": -6.934, "koordinat desa (long)": 107.793, "koordinat calon lokasi persemaian (x)": null, "koordinat calon lokasi persemaian (y)": null, "koordinat calon lokasi penanaman (x)": null, "koordinat calon lokasi penanaman (y)": null, "penyuluh kehutanan pendamping": null, "keterangan": null, "cdk": "CDK IX" }, "geometry": { "type": "Point", "coordinates": [ 107.793, -6.934 ] } },
{ "type": "Feature", "properties": { "no": 552, "nama": "Sulaeman", "nik": 3211153001660001, "usia(tahun)": "60", "alamat": "Dusun Bebedahan RT 003 RW 002 ", "desa": 3211010007, "kecamatan": 3211010, "kabupaten": 3211, "koordinat desa (lat)": -6.934, "koordinat desa (long)": 107.793, "koordinat calon lokasi persemaian (x)": null, "koordinat calon lokasi persemaian (y)": null, "koordinat calon lokasi penanaman (x)": null, "koordinat calon lokasi penanaman (y)": null, "penyuluh kehutanan pendamping": null, "keterangan": null, "cdk": "CDK IX" }, "geometry": { "type": "Point", "coordinates": [ 107.793, -6.934 ] } },
{ "type": "Feature", "properties": { "no": 553, "nama": "Dadang Kosasih", "nik": 3211131805820006, "usia(tahun)": "43", "alamat": "Dusun Neglasari RT 03 RW 01 ", "desa": 3211032003, "kecamatan": 3211032, "kabupaten": 3211, "koordinat desa (lat)": -6.896, "koordinat desa (long)": 107.861, "koordinat calon lokasi persemaian (x)": null, "koordinat calon lokasi persemaian (y)": null, "koordinat calon lokasi penanaman (x)": null, "koordinat calon lokasi penanaman (y)": null, "penyuluh kehutanan pendamping": null, "keterangan": null, "cdk": "CDK IX" }, "geometry": { "type": "Point", "coordinates": [ 107.861, -6.896 ] } },
{ "type": "Feature", "properties": { "no": 554, "nama": "Oman Suherman", "nik": 3211132204730001, "usia(tahun)": "52", "alamat": " ", "desa": 3211032003, "kecamatan": 3211032, "kabupaten": 3211, "koordinat desa (lat)": -6.896, "koordinat desa (long)": 107.861, "koordinat calon lokasi persemaian (x)": null, "koordinat calon lokasi persemaian (y)": null, "koordinat calon lokasi penanaman (x)": null, "koordinat calon lokasi penanaman (y)": null, "penyuluh kehutanan pendamping": null, "keterangan": null, "cdk": "CDK IX" }, "geometry": { "type": "Point", "coordinates": [ 107.861, -6.896 ] } },
{ "type": "Feature", "properties": { "no": 555, "nama": "Entis Sutisna", "nik": 3211130201780002, "usia(tahun)": "47", "alamat": "Dusun Cisalak RT 03 RW 03 ", "desa": 3211032003, "kecamatan": 3211032, "kabupaten": 3211, "koordinat desa (lat)": -6.896, "koordinat desa (long)": 107.861, "koordinat calon lokasi persemaian (x)": null, "koordinat calon lokasi persemaian (y)": null, "koordinat calon lokasi penanaman (x)": null, "koordinat calon lokasi penanaman (y)": null, "penyuluh kehutanan pendamping": null, "keterangan": null, "cdk": "CDK IX" }, "geometry": { "type": "Point", "coordinates": [ 107.861, -6.896 ] } },
{ "type": "Feature", "properties": { "no": 556, "nama": "Wawan", "nik": 3211140501790007, "usia(tahun)": "46", "alamat": "Dusun Sindangsari RT 003 RW 012 ", "desa": 3211020011, "kecamatan": 3211020, "kabupaten": 3211, "koordinat desa (lat)": -6.95, "koordinat desa (long)": 107.839, "koordinat calon lokasi persemaian (x)": null, "koordinat calon lokasi persemaian (y)": null, "koordinat calon lokasi penanaman (x)": null, "koordinat calon lokasi penanaman (y)": null, "penyuluh kehutanan pendamping": null, "keterangan": null, "cdk": "CDK IX" }, "geometry": { "type": "Point", "coordinates": [ 107.839, -6.95 ] } },
{ "type": "Feature", "properties": { "no": 557, "nama": "Ayat Hidayat", "nik": 3211140301660002, "usia(tahun)": "59", "alamat": "Dusun Cilimus Jangkung RT 001 RW 013 ", "desa": 3211020011, "kecamatan": 3211020, "kabupaten": 3211, "koordinat desa (lat)": -6.95, "koordinat desa (long)": 107.839, "koordinat calon lokasi persemaian (x)": null, "koordinat calon lokasi persemaian (y)": null, "koordinat calon lokasi penanaman (x)": null, "koordinat calon lokasi penanaman (y)": null, "penyuluh kehutanan pendamping": null, "keterangan": null, "cdk": "CDK IX" }, "geometry": { "type": "Point", "coordinates": [ 107.839, -6.95 ] } },
{ "type": "Feature", "properties": { "no": 558, "nama": "Abu Haeri", "nik": 3211142201710006, "usia(tahun)": "54", "alamat": "Dusun babakan tanjung Rt.002 Rw.007 ", "desa": 3211020011, "kecamatan": 3211020, "kabupaten": 3211, "koordinat desa (lat)": -6.95, "koordinat desa (long)": 107.839, "koordinat calon lokasi persemaian (x)": null, "koordinat calon lokasi persemaian (y)": null, "koordinat calon lokasi penanaman (x)": null, "koordinat calon lokasi penanaman (y)": null, "penyuluh kehutanan pendamping": null, "keterangan": null, "cdk": "CDK IX" }, "geometry": { "type": "Point", "coordinates": [ 107.839, -6.95 ] } },
{ "type": "Feature", "properties": { "no": 559, "nama": "Nana", "nik": 3211140107820219, "usia(tahun)": "43", "alamat": "Dusun Ciseupan Rt.002 Rw.004 ", "desa": 3211020010, "kecamatan": 3211020, "kabupaten": 3211, "koordinat desa (lat)": -6.947, "koordinat desa (long)": 107.902, "koordinat calon lokasi persemaian (x)": null, "koordinat calon lokasi persemaian (y)": null, "koordinat calon lokasi penanaman (x)": null, "koordinat calon lokasi penanaman (y)": null, "penyuluh kehutanan pendamping": null, "keterangan": null, "cdk": "CDK IX" }, "geometry": { "type": "Point", "coordinates": [ 107.902, -6.947 ] } },
{ "type": "Feature", "properties": { "no": 560, "nama": "Ia Wahyudin", "nik": 3211142406850005, "usia(tahun)": "40", "alamat": "Dusun Ciseupan Rt.002 Rw.003 ", "desa": 3211020010, "kecamatan": 3211020, "kabupaten": 3211, "koordinat desa (lat)": -6.947, "koordinat desa (long)": 107.902, "koordinat calon lokasi persemaian (x)": null, "koordinat calon lokasi persemaian (y)": null, "koordinat calon lokasi penanaman (x)": null, "koordinat calon lokasi penanaman (y)": null, "penyuluh kehutanan pendamping": null, "keterangan": null, "cdk": "CDK IX" }, "geometry": { "type": "Point", "coordinates": [ 107.902, -6.947 ] } },
{ "type": "Feature", "properties": { "no": 561, "nama": "Atan Rusman", "nik": 3211141306570004, "usia(tahun)": "69", "alamat": "Dusun Ciseupan Rt.002 Rw.003 ", "desa": 3211020010, "kecamatan": 3211020, "kabupaten": 3211, "koordinat desa (lat)": -6.947, "koordinat desa (long)": 107.902, "koordinat calon lokasi persemaian (x)": null, "koordinat calon lokasi persemaian (y)": null, "koordinat calon lokasi penanaman (x)": null, "koordinat calon lokasi penanaman (y)": null, "penyuluh kehutanan pendamping": null, "keterangan": null, "cdk": "CDK IX" }, "geometry": { "type": "Point", "coordinates": [ 107.902, -6.947 ] } },
{ "type": "Feature", "properties": { "no": 562, "nama": "Anan Supriatna", "nik": 3211211212760001, "usia(tahun)": "49", "alamat": "Dusun Kamal Kaler RT 03/ 03 ", "desa": 3211171007, "kecamatan": 3211171, "kabupaten": 3211, "koordinat desa (lat)": -6.713, "koordinat desa (long)": 107.885, "koordinat calon lokasi persemaian (x)": null, "koordinat calon lokasi persemaian (y)": null, "koordinat calon lokasi penanaman (x)": null, "koordinat calon lokasi penanaman (y)": null, "penyuluh kehutanan pendamping": null, "keterangan": null, "cdk": "CDK IX" }, "geometry": { "type": "Point", "coordinates": [ 107.885, -6.713 ] } },
{ "type": "Feature", "properties": { "no": 563, "nama": "Undang", "nik": 3211210505680004, "usia(tahun)": "57", "alamat": "Dusun Kamal Kaler RT 02/ 03 ", "desa": 3211171007, "kecamatan": 3211171, "kabupaten": 3211, "koordinat desa (lat)": -6.713, "koordinat desa (long)": 107.885, "koordinat calon lokasi persemaian (x)": null, "koordinat calon lokasi persemaian (y)": null, "koordinat calon lokasi penanaman (x)": null, "koordinat calon lokasi penanaman (y)": null, "penyuluh kehutanan pendamping": null, "keterangan": null, "cdk": "CDK IX" }, "geometry": { "type": "Point", "coordinates": [ 107.885, -6.713 ] } },
{ "type": "Feature", "properties": { "no": 564, "nama": "Haya Heryana", "nik": 3211210702650004, "usia(tahun)": "60", "alamat": "Dusun Kamal Kaler RT 05/ 03 ", "desa": 3211171007, "kecamatan": 3211171, "kabupaten": 3211, "koordinat desa (lat)": -6.713, "koordinat desa (long)": 107.885, "koordinat calon lokasi persemaian (x)": null, "koordinat calon lokasi persemaian (y)": null, "koordinat calon lokasi penanaman (x)": null, "koordinat calon lokasi penanaman (y)": null, "penyuluh kehutanan pendamping": null, "keterangan": null, "cdk": "CDK IX" }, "geometry": { "type": "Point", "coordinates": [ 107.885, -6.713 ] } },
{ "type": "Feature", "properties": { "no": 565, "nama": "Endang", "nik": 3211162210610002, "usia(tahun)": "64", "alamat": "Dusun Cubihuk RT 003 RW 005 ", "desa": 3211040013, "kecamatan": 3211040, "kabupaten": 3211, "koordinat desa (lat)": -6.8, "koordinat desa (long)": 107.844, "koordinat calon lokasi persemaian (x)": null, "koordinat calon lokasi persemaian (y)": null, "koordinat calon lokasi penanaman (x)": null, "koordinat calon lokasi penanaman (y)": null, "penyuluh kehutanan pendamping": null, "keterangan": null, "cdk": "CDK IX" }, "geometry": { "type": "Point", "coordinates": [ 107.844, -6.8 ] } },
{ "type": "Feature", "properties": { "no": 566, "nama": "Miming Kurniasih", "nik": 3211164808740008, "usia(tahun)": "51", "alamat": "Dusun Cisugan Girang RT 006 RW 004 ", "desa": 3211040013, "kecamatan": 3211040, "kabupaten": 3211, "koordinat desa (lat)": -6.8, "koordinat desa (long)": 107.844, "koordinat calon lokasi persemaian (x)": null, "koordinat calon lokasi persemaian (y)": null, "koordinat calon lokasi penanaman (x)": null, "koordinat calon lokasi penanaman (y)": null, "penyuluh kehutanan pendamping": null, "keterangan": null, "cdk": "CDK IX" }, "geometry": { "type": "Point", "coordinates": [ 107.844, -6.8 ] } },
{ "type": "Feature", "properties": { "no": 567, "nama": "Asep Saepulloh", "nik": 3205181606800002, "usia(tahun)": "45", "alamat": "Dusun Cisugan Girang RT 006 RW 004 ", "desa": 3211040013, "kecamatan": 3211040, "kabupaten": 3211, "koordinat desa (lat)": -6.8, "koordinat desa (long)": 107.844, "koordinat calon lokasi persemaian (x)": null, "koordinat calon lokasi persemaian (y)": null, "koordinat calon lokasi penanaman (x)": null, "koordinat calon lokasi penanaman (y)": null, "penyuluh kehutanan pendamping": null, "keterangan": null, "cdk": "CDK IX" }, "geometry": { "type": "Point", "coordinates": [ 107.844, -6.8 ] } },
{ "type": "Feature", "properties": { "no": 568, "nama": "Suherman", "nik": 3211222706670005, "usia(tahun)": "58", "alamat": "Dusun Giriharja RT 08 RW 07 ", "desa": 3211060009, "kecamatan": 3211060, "kabupaten": 3211, "koordinat desa (lat)": -6.828, "koordinat desa (long)": 107.934, "koordinat calon lokasi persemaian (x)": null, "koordinat calon lokasi persemaian (y)": null, "koordinat calon lokasi penanaman (x)": null, "koordinat calon lokasi penanaman (y)": null, "penyuluh kehutanan pendamping": null, "keterangan": null, "cdk": "CDK IX" }, "geometry": { "type": "Point", "coordinates": [ 107.934, -6.828 ] } },
{ "type": "Feature", "properties": { "no": 569, "nama": "Ade Sunarya", "nik": 3211183112670050, "usia(tahun)": "58", "alamat": "Dusun Sukakerta RT 04 RW 02 ", "desa": 3211060009, "kecamatan": 3211060, "kabupaten": 3211, "koordinat desa (lat)": -6.828, "koordinat desa (long)": 107.934, "koordinat calon lokasi persemaian (x)": null, "koordinat calon lokasi persemaian (y)": null, "koordinat calon lokasi penanaman (x)": null, "koordinat calon lokasi penanaman (y)": null, "penyuluh kehutanan pendamping": null, "keterangan": null, "cdk": "CDK IX" }, "geometry": { "type": "Point", "coordinates": [ 107.934, -6.828 ] } },
{ "type": "Feature", "properties": { "no": 570, "nama": "Adang", "nik": 3211181605630005, "usia(tahun)": "62", "alamat": "Dusun Giriharja RT 08 RW 07 ", "desa": 3211060009, "kecamatan": 3211060, "kabupaten": 3211, "koordinat desa (lat)": -6.828, "koordinat desa (long)": 107.934, "koordinat calon lokasi persemaian (x)": null, "koordinat calon lokasi persemaian (y)": null, "koordinat calon lokasi penanaman (x)": null, "koordinat calon lokasi penanaman (y)": null, "penyuluh kehutanan pendamping": null, "keterangan": null, "cdk": "CDK IX" }, "geometry": { "type": "Point", "coordinates": [ 107.934, -6.828 ] } },
{ "type": "Feature", "properties": { "no": 571, "nama": "Endang Supriatna", "nik": 3211091912790001, "usia(tahun)": "46", "alamat": "Dusun Ciloa RT 03 RW 01 ", "desa": 3211181003, "kecamatan": 3211181, "kabupaten": 3211, "koordinat desa (lat)": -6.672, "koordinat desa (long)": 107.875, "koordinat calon lokasi persemaian (x)": null, "koordinat calon lokasi persemaian (y)": null, "koordinat calon lokasi penanaman (x)": null, "koordinat calon lokasi penanaman (y)": null, "penyuluh kehutanan pendamping": null, "keterangan": null, "cdk": "CDK IX" }, "geometry": { "type": "Point", "coordinates": [ 107.875, -6.672 ] } },
{ "type": "Feature", "properties": { "no": 572, "nama": "Jana Surya Lesmana", "nik": 3211091402830001, "usia(tahun)": "42", "alamat": "Dusun Ciloa RT 03 RW 01 ", "desa": 3211181003, "kecamatan": 3211181, "kabupaten": 3211, "koordinat desa (lat)": -6.672, "koordinat desa (long)": 107.875, "koordinat calon lokasi persemaian (x)": null, "koordinat calon lokasi persemaian (y)": null, "koordinat calon lokasi penanaman (x)": null, "koordinat calon lokasi penanaman (y)": null, "penyuluh kehutanan pendamping": null, "keterangan": null, "cdk": "CDK IX" }, "geometry": { "type": "Point", "coordinates": [ 107.875, -6.672 ] } },
{ "type": "Feature", "properties": { "no": 573, "nama": "Dede Iryana", "nik": 3211090305840002, "usia(tahun)": "41", "alamat": "Dusun Situbatu RT 02 RW 05 ", "desa": 3211181003, "kecamatan": 3211181, "kabupaten": 3211, "koordinat desa (lat)": -6.672, "koordinat desa (long)": 107.875, "koordinat calon lokasi persemaian (x)": null, "koordinat calon lokasi persemaian (y)": null, "koordinat calon lokasi penanaman (x)": null, "koordinat calon lokasi penanaman (y)": null, "penyuluh kehutanan pendamping": null, "keterangan": null, "cdk": "CDK IX" }, "geometry": { "type": "Point", "coordinates": [ 107.875, -6.672 ] } },
{ "type": "Feature", "properties": { "no": 574, "nama": "Cuhayat", "nik": 3211032509840007, "usia(tahun)": "41", "alamat": "Dusun Nanggerang RT.05 RW.01 ", "desa": 3211181009, "kecamatan": 3211181, "kabupaten": 3211, "koordinat desa (lat)": -6.598, "koordinat desa (long)": 107.866, "koordinat calon lokasi persemaian (x)": null, "koordinat calon lokasi persemaian (y)": null, "koordinat calon lokasi penanaman (x)": null, "koordinat calon lokasi penanaman (y)": null, "penyuluh kehutanan pendamping": null, "keterangan": null, "cdk": "CDK IX" }, "geometry": { "type": "Point", "coordinates": [ 107.866, -6.598 ] } },
{ "type": "Feature", "properties": { "no": 575, "nama": "Sumarna", "nik": 3211091308830001, "usia(tahun)": "42", "alamat": "Dusun Nanggerang RT.05 RW.01 ", "desa": 3211181009, "kecamatan": 3211181, "kabupaten": 3211, "koordinat desa (lat)": -6.598, "koordinat desa (long)": 107.866, "koordinat calon lokasi persemaian (x)": null, "koordinat calon lokasi persemaian (y)": null, "koordinat calon lokasi penanaman (x)": null, "koordinat calon lokasi penanaman (y)": null, "penyuluh kehutanan pendamping": null, "keterangan": null, "cdk": "CDK IX" }, "geometry": { "type": "Point", "coordinates": [ 107.866, -6.598 ] } },
{ "type": "Feature", "properties": { "no": 576, "nama": "Sawa", "nik": 3211090107600048, "usia(tahun)": "65", "alamat": "Dusun Nanggerang RT.01 RW.01 ", "desa": 3211181009, "kecamatan": 3211181, "kabupaten": 3211, "koordinat desa (lat)": -6.598, "koordinat desa (long)": 107.866, "koordinat calon lokasi persemaian (x)": null, "koordinat calon lokasi persemaian (y)": null, "koordinat calon lokasi penanaman (x)": null, "koordinat calon lokasi penanaman (y)": null, "penyuluh kehutanan pendamping": null, "keterangan": null, "cdk": "CDK IX" }, "geometry": { "type": "Point", "coordinates": [ 107.866, -6.598 ] } },
{ "type": "Feature", "properties": { "no": 577, "nama": "Muhtar", "nik": 3211090502630002, "usia(tahun)": "62", "alamat": "Dusun Nanggerang RT.05 RW.01 ", "desa": 3211181009, "kecamatan": 3211181, "kabupaten": 3211, "koordinat desa (lat)": -6.598, "koordinat desa (long)": 107.866, "koordinat calon lokasi persemaian (x)": null, "koordinat calon lokasi persemaian (y)": null, "koordinat calon lokasi penanaman (x)": null, "koordinat calon lokasi penanaman (y)": null, "penyuluh kehutanan pendamping": null, "keterangan": null, "cdk": "CDK IX" }, "geometry": { "type": "Point", "coordinates": [ 107.866, -6.598 ] } },
{ "type": "Feature", "properties": { "no": 578, "nama": "Carman", "nik": 3211091807680001, "usia(tahun)": "58", "alamat": "Dusun Nanggerang RT.05 RW.01 ", "desa": 3211181009, "kecamatan": 3211181, "kabupaten": 3211, "koordinat desa (lat)": -6.598, "koordinat desa (long)": 107.866, "koordinat calon lokasi persemaian (x)": null, "koordinat calon lokasi persemaian (y)": null, "koordinat calon lokasi penanaman (x)": null, "koordinat calon lokasi penanaman (y)": null, "penyuluh kehutanan pendamping": null, "keterangan": null, "cdk": "CDK IX" }, "geometry": { "type": "Point", "coordinates": [ 107.866, -6.598 ] } },
{ "type": "Feature", "properties": { "no": 579, "nama": "Kasmadi", "nik": 3211090107820021, "usia(tahun)": "43", "alamat": "Dusun Nanggerang RT.01 RW.01 ", "desa": 3211181009, "kecamatan": 3211181, "kabupaten": 3211, "koordinat desa (lat)": -6.598, "koordinat desa (long)": 107.866, "koordinat calon lokasi persemaian (x)": null, "koordinat calon lokasi persemaian (y)": null, "koordinat calon lokasi penanaman (x)": null, "koordinat calon lokasi penanaman (y)": null, "penyuluh kehutanan pendamping": null, "keterangan": null, "cdk": "CDK IX" }, "geometry": { "type": "Point", "coordinates": [ 107.866, -6.598 ] } },
{ "type": "Feature", "properties": { "no": 580, "nama": "Iya Nata", "nik": 3211220106500004, "usia(tahun)": "75", "alamat": "Dusun Nagrak RT.003/ RW.005 ", "desa": 3211160020, "kecamatan": 3211160, "kabupaten": 3211, "koordinat desa (lat)": -6.785, "koordinat desa (long)": 107.913, "koordinat calon lokasi persemaian (x)": null, "koordinat calon lokasi persemaian (y)": null, "koordinat calon lokasi penanaman (x)": null, "koordinat calon lokasi penanaman (y)": null, "penyuluh kehutanan pendamping": null, "keterangan": null, "cdk": "CDK IX" }, "geometry": { "type": "Point", "coordinates": [ 107.913, -6.785 ] } },
{ "type": "Feature", "properties": { "no": 581, "nama": "Yudi Yudistira", "nik": 3211221807790003, "usia(tahun)": "46", "alamat": "Dusun Nagrak RT.003/ RW.005 ", "desa": 3211160020, "kecamatan": 3211160, "kabupaten": 3211, "koordinat desa (lat)": -6.785, "koordinat desa (long)": 107.913, "koordinat calon lokasi persemaian (x)": null, "koordinat calon lokasi persemaian (y)": null, "koordinat calon lokasi penanaman (x)": null, "koordinat calon lokasi penanaman (y)": null, "penyuluh kehutanan pendamping": null, "keterangan": null, "cdk": "CDK IX" }, "geometry": { "type": "Point", "coordinates": [ 107.913, -6.785 ] } },
{ "type": "Feature", "properties": { "no": 582, "nama": "Oman Somantri", "nik": 3211220101740008, "usia(tahun)": "52", "alamat": "Dusun Nagrak RT.003/ RW.005 ", "desa": 3211160020, "kecamatan": 3211160, "kabupaten": 3211, "koordinat desa (lat)": -6.785, "koordinat desa (long)": 107.913, "koordinat calon lokasi persemaian (x)": null, "koordinat calon lokasi persemaian (y)": null, "koordinat calon lokasi penanaman (x)": null, "koordinat calon lokasi penanaman (y)": null, "penyuluh kehutanan pendamping": null, "keterangan": null, "cdk": "CDK IX" }, "geometry": { "type": "Point", "coordinates": [ 107.913, -6.785 ] } },
{ "type": "Feature", "properties": { "no": 583, "nama": "Ase Supriadi", "nik": 3211220306800012, "usia(tahun)": "45", "alamat": "Dusun Cicelot RT.001/RW.007 ", "desa": 3211160013, "kecamatan": 3211160, "kabupaten": 3211, "koordinat desa (lat)": -6.807, "koordinat desa (long)": 107.961, "koordinat calon lokasi persemaian (x)": null, "koordinat calon lokasi persemaian (y)": null, "koordinat calon lokasi penanaman (x)": null, "koordinat calon lokasi penanaman (y)": null, "penyuluh kehutanan pendamping": null, "keterangan": null, "cdk": "CDK IX" }, "geometry": { "type": "Point", "coordinates": [ 107.961, -6.807 ] } },
{ "type": "Feature", "properties": { "no": 584, "nama": "Ajang Sutisna", "nik": 3211220903770009, "usia(tahun)": "48", "alamat": "Dusun Mandalaherang RT.001/RW.003 ", "desa": 3211160013, "kecamatan": 3211160, "kabupaten": 3211, "koordinat desa (lat)": -6.807, "koordinat desa (long)": 107.961, "koordinat calon lokasi persemaian (x)": null, "koordinat calon lokasi persemaian (y)": null, "koordinat calon lokasi penanaman (x)": null, "koordinat calon lokasi penanaman (y)": null, "penyuluh kehutanan pendamping": null, "keterangan": null, "cdk": "CDK IX" }, "geometry": { "type": "Point", "coordinates": [ 107.961, -6.807 ] } },
{ "type": "Feature", "properties": { "no": 585, "nama": "Rusnadi", "nik": 3211222909800001, "usia(tahun)": "45", "alamat": "Dusun Mandalaherang RT.001/RW.003 ", "desa": 3211160013, "kecamatan": 3211160, "kabupaten": 3211, "koordinat desa (lat)": -6.807, "koordinat desa (long)": 107.961, "koordinat calon lokasi persemaian (x)": null, "koordinat calon lokasi persemaian (y)": null, "koordinat calon lokasi penanaman (x)": null, "koordinat calon lokasi penanaman (y)": null, "penyuluh kehutanan pendamping": null, "keterangan": null, "cdk": "CDK IX" }, "geometry": { "type": "Point", "coordinates": [ 107.961, -6.807 ] } },
{ "type": "Feature", "properties": { "no": 586, "nama": "Entis Sutisna", "nik": 3211220708570001, "usia(tahun)": "68", "alamat": "Dusun Mulyasari RT.001/RW.003 ", "desa": 3211160023, "kecamatan": 3211160, "kabupaten": 3211, "koordinat desa (lat)": -6.77, "koordinat desa (long)": 107.932, "koordinat calon lokasi persemaian (x)": null, "koordinat calon lokasi persemaian (y)": null, "koordinat calon lokasi penanaman (x)": null, "koordinat calon lokasi penanaman (y)": null, "penyuluh kehutanan pendamping": null, "keterangan": null, "cdk": "CDK IX" }, "geometry": { "type": "Point", "coordinates": [ 107.932, -6.77 ] } },
{ "type": "Feature", "properties": { "no": 587, "nama": "Tatang Suryadi", "nik": 3211220206750003, "usia(tahun)": "50", "alamat": "Dusun Mulyasari RT.001/RW.004 ", "desa": 3211160023, "kecamatan": 3211160, "kabupaten": 3211, "koordinat desa (lat)": -6.77, "koordinat desa (long)": 107.932, "koordinat calon lokasi persemaian (x)": null, "koordinat calon lokasi persemaian (y)": null, "koordinat calon lokasi penanaman (x)": null, "koordinat calon lokasi penanaman (y)": null, "penyuluh kehutanan pendamping": null, "keterangan": null, "cdk": "CDK IX" }, "geometry": { "type": "Point", "coordinates": [ 107.932, -6.77 ] } },
{ "type": "Feature", "properties": { "no": 588, "nama": "Jajang Suyatna", "nik": 3211221404840006, "usia(tahun)": "41", "alamat": "Dusun Mulyasari RT.001/RW.003 ", "desa": 3211160023, "kecamatan": 3211160, "kabupaten": 3211, "koordinat desa (lat)": -6.77, "koordinat desa (long)": 107.932, "koordinat calon lokasi persemaian (x)": null, "koordinat calon lokasi persemaian (y)": null, "koordinat calon lokasi penanaman (x)": null, "koordinat calon lokasi penanaman (y)": null, "penyuluh kehutanan pendamping": null, "keterangan": null, "cdk": "CDK IX" }, "geometry": { "type": "Point", "coordinates": [ 107.932, -6.77 ] } },
{ "type": "Feature", "properties": { "no": 589, "nama": "Usep", "nik": 3211191205510002, "usia(tahun)": "74", "alamat": "Dusun Leuweung RT.007/RW.004 ", "desa": 3211061005, "kecamatan": 3211061, "kabupaten": 3211, "koordinat desa (lat)": -6.868, "koordinat desa (long)": 107.97, "koordinat calon lokasi persemaian (x)": null, "koordinat calon lokasi persemaian (y)": null, "koordinat calon lokasi penanaman (x)": null, "koordinat calon lokasi penanaman (y)": null, "penyuluh kehutanan pendamping": null, "keterangan": null, "cdk": "CDK IX" }, "geometry": { "type": "Point", "coordinates": [ 107.97, -6.868 ] } },
{ "type": "Feature", "properties": { "no": 590, "nama": "Ukar", "nik": 3211190502830001, "usia(tahun)": "42", "alamat": "Dusun Sahang RT.013/RW.005 ", "desa": 3211061003, "kecamatan": 3211061, "kabupaten": 3211, "koordinat desa (lat)": -6.885, "koordinat desa (long)": 107.977, "koordinat calon lokasi persemaian (x)": null, "koordinat calon lokasi persemaian (y)": null, "koordinat calon lokasi penanaman (x)": null, "koordinat calon lokasi penanaman (y)": null, "penyuluh kehutanan pendamping": null, "keterangan": null, "cdk": "CDK IX" }, "geometry": { "type": "Point", "coordinates": [ 107.977, -6.885 ] } },
{ "type": "Feature", "properties": { "no": 591, "nama": "Didin Saefudin", "nik": 3211190307810004, "usia(tahun)": "44", "alamat": "Dusun Sahang RT.013/RW.005 ", "desa": 3211061003, "kecamatan": 3211061, "kabupaten": 3211, "koordinat desa (lat)": -6.885, "koordinat desa (long)": 107.977, "koordinat calon lokasi persemaian (x)": null, "koordinat calon lokasi persemaian (y)": null, "koordinat calon lokasi penanaman (x)": null, "koordinat calon lokasi penanaman (y)": null, "penyuluh kehutanan pendamping": null, "keterangan": null, "cdk": "CDK IX" }, "geometry": { "type": "Point", "coordinates": [ 107.977, -6.885 ] } },
{ "type": "Feature", "properties": { "no": 592, "nama": "Tatang Suhendar", "nik": 3211010401720004, "usia(tahun)": "53", "alamat": "Dusun Ganjartemu RT/RW. 002/002 ", "desa": 3211100003, "kecamatan": 3211100, "kabupaten": 3211, "koordinat desa (lat)": -6.992, "koordinat desa (long)": 108.134, "koordinat calon lokasi persemaian (x)": null, "koordinat calon lokasi persemaian (y)": null, "koordinat calon lokasi penanaman (x)": null, "koordinat calon lokasi penanaman (y)": null, "penyuluh kehutanan pendamping": null, "keterangan": null, "cdk": "CDK IX" }, "geometry": { "type": "Point", "coordinates": [ 108.134, -6.992 ] } },
{ "type": "Feature", "properties": { "no": 593, "nama": "Rasdi", "nik": 3211010808580006, "usia(tahun)": "67", "alamat": "Dusun Sukamaju Cibaleker RT/RW. 002/003 ", "desa": 3211100003, "kecamatan": 3211100, "kabupaten": 3211, "koordinat desa (lat)": -6.992, "koordinat desa (long)": 108.134, "koordinat calon lokasi persemaian (x)": null, "koordinat calon lokasi persemaian (y)": null, "koordinat calon lokasi penanaman (x)": null, "koordinat calon lokasi penanaman (y)": null, "penyuluh kehutanan pendamping": null, "keterangan": null, "cdk": "CDK IX" }, "geometry": { "type": "Point", "coordinates": [ 108.134, -6.992 ] } },
{ "type": "Feature", "properties": { "no": 594, "nama": "Eje Sutarja", "nik": 3211013112390050, "usia(tahun)": "46", "alamat": "Dusun Ciledug RT/RW. 001/004 ", "desa": 3211100003, "kecamatan": 3211100, "kabupaten": 3211, "koordinat desa (lat)": -6.992, "koordinat desa (long)": 108.134, "koordinat calon lokasi persemaian (x)": null, "koordinat calon lokasi persemaian (y)": null, "koordinat calon lokasi penanaman (x)": null, "koordinat calon lokasi penanaman (y)": null, "penyuluh kehutanan pendamping": null, "keterangan": null, "cdk": "CDK IX" }, "geometry": { "type": "Point", "coordinates": [ 108.134, -6.992 ] } },
{ "type": "Feature", "properties": { "no": 595, "nama": "Dayat", "nik": 3212250102830001, "usia(tahun)": "42", "alamat": "Blok Sukatani II RT.022 RW.008 ", "desa": 3212011007, "kecamatan": 3212011, "kabupaten": 3212, "koordinat desa (lat)": -6.573, "koordinat desa (long)": 107.913, "koordinat calon lokasi persemaian (x)": null, "koordinat calon lokasi persemaian (y)": null, "koordinat calon lokasi penanaman (x)": null, "koordinat calon lokasi penanaman (y)": null, "penyuluh kehutanan pendamping": null, "keterangan": null, "cdk": "CDK IX" }, "geometry": { "type": "Point", "coordinates": [ 107.913, -6.573 ] } },
{ "type": "Feature", "properties": { "no": 596, "nama": "Kadinah", "nik": 3212251907710002, "usia(tahun)": "54", "alamat": "Blok Sukatani II RT.022 RW.008 ", "desa": 3212011007, "kecamatan": 3212011, "kabupaten": 3212, "koordinat desa (lat)": -6.573, "koordinat desa (long)": 107.913, "koordinat calon lokasi persemaian (x)": null, "koordinat calon lokasi persemaian (y)": null, "koordinat calon lokasi penanaman (x)": null, "koordinat calon lokasi penanaman (y)": null, "penyuluh kehutanan pendamping": null, "keterangan": null, "cdk": "CDK IX" }, "geometry": { "type": "Point", "coordinates": [ 107.913, -6.573 ] } },
{ "type": "Feature", "properties": { "no": 597, "nama": "Ipah", "nik": 3212255610750005, "usia(tahun)": "50", "alamat": "Blok Sukatani II RT.022 RW.008 ", "desa": 3212011007, "kecamatan": 3212011, "kabupaten": 3212, "koordinat desa (lat)": -6.573, "koordinat desa (long)": 107.913, "koordinat calon lokasi persemaian (x)": null, "koordinat calon lokasi persemaian (y)": null, "koordinat calon lokasi penanaman (x)": null, "koordinat calon lokasi penanaman (y)": null, "penyuluh kehutanan pendamping": null, "keterangan": null, "cdk": "CDK IX" }, "geometry": { "type": "Point", "coordinates": [ 107.913, -6.573 ] } },
{ "type": "Feature", "properties": { "no": 598, "nama": "Eka Tarika", "nik": 3212151504640004, "usia(tahun)": "61", "alamat": "Jl. Pantai song RT.RW 01.01 ", "desa": 3212150016, "kecamatan": 3212150, "kabupaten": 3212, "koordinat desa (lat)": -6.313, "koordinat desa (long)": 108.352, "koordinat calon lokasi persemaian (x)": null, "koordinat calon lokasi persemaian (y)": null, "koordinat calon lokasi penanaman (x)": null, "koordinat calon lokasi penanaman (y)": null, "penyuluh kehutanan pendamping": null, "keterangan": null, "cdk": "CDK IX" }, "geometry": { "type": "Point", "coordinates": [ 108.352, -6.313 ] } },
{ "type": "Feature", "properties": { "no": 599, "nama": "Carita", "nik": 3212150209660007, "usia(tahun)": "58", "alamat": "Blok song pantai RT.RW.003.002 ", "desa": 3212150016, "kecamatan": 3212150, "kabupaten": 3212, "koordinat desa (lat)": -6.313, "koordinat desa (long)": 108.352, "koordinat calon lokasi persemaian (x)": null, "koordinat calon lokasi persemaian (y)": null, "koordinat calon lokasi penanaman (x)": null, "koordinat calon lokasi penanaman (y)": null, "penyuluh kehutanan pendamping": null, "keterangan": null, "cdk": "CDK IX" }, "geometry": { "type": "Point", "coordinates": [ 108.352, -6.313 ] } },
{ "type": "Feature", "properties": { "no": 600, "nama": "Roksikin", "nik": 3212152811820004, "usia(tahun)": "43", "alamat": "Blok Wanasari RT.RW. 005.002 ", "desa": 3212150016, "kecamatan": 3212150, "kabupaten": 3212, "koordinat desa (lat)": -6.313, "koordinat desa (long)": 108.352, "koordinat calon lokasi persemaian (x)": null, "koordinat calon lokasi persemaian (y)": null, "koordinat calon lokasi penanaman (x)": null, "koordinat calon lokasi penanaman (y)": null, "penyuluh kehutanan pendamping": null, "keterangan": null, "cdk": "CDK IX" }, "geometry": { "type": "Point", "coordinates": [ 108.352, -6.313 ] } },
{ "type": "Feature", "properties": { "no": 601, "nama": "Sujono", "nik": 3212170407780002, "usia(tahun)": "47", "alamat": "Blok Kujang RT. 012 RW. 004 ", "desa": 3212161006, "kecamatan": 3212161, "kabupaten": 3212, "koordinat desa (lat)": -6.282, "koordinat desa (long)": 108.24, "koordinat calon lokasi persemaian (x)": null, "koordinat calon lokasi persemaian (y)": null, "koordinat calon lokasi penanaman (x)": null, "koordinat calon lokasi penanaman (y)": null, "penyuluh kehutanan pendamping": null, "keterangan": null, "cdk": "CDK IX" }, "geometry": { "type": "Point", "coordinates": [ 108.24, -6.282 ] } },
{ "type": "Feature", "properties": { "no": 602, "nama": "Surkim", "nik": 3212172010700001, "usia(tahun)": "55", "alamat": "Blok Waledan RT. 027 RW. 009 ", "desa": 3212161006, "kecamatan": 3212161, "kabupaten": 3212, "koordinat desa (lat)": -6.282, "koordinat desa (long)": 108.24, "koordinat calon lokasi persemaian (x)": null, "koordinat calon lokasi persemaian (y)": null, "koordinat calon lokasi penanaman (x)": null, "koordinat calon lokasi penanaman (y)": null, "penyuluh kehutanan pendamping": null, "keterangan": null, "cdk": "CDK IX" }, "geometry": { "type": "Point", "coordinates": [ 108.24, -6.282 ] } },
{ "type": "Feature", "properties": { "no": 603, "nama": "Waryono", "nik": 3212171206790002, "usia(tahun)": "46", "alamat": "Blok Panggang RT. 011 RW. 004 ", "desa": 3212161006, "kecamatan": 3212161, "kabupaten": 3212, "koordinat desa (lat)": -6.282, "koordinat desa (long)": 108.24, "koordinat calon lokasi persemaian (x)": null, "koordinat calon lokasi persemaian (y)": null, "koordinat calon lokasi penanaman (x)": null, "koordinat calon lokasi penanaman (y)": null, "penyuluh kehutanan pendamping": null, "keterangan": null, "cdk": "CDK IX" }, "geometry": { "type": "Point", "coordinates": [ 108.24, -6.282 ] } },
{ "type": "Feature", "properties": { "no": 604, "nama": "Casmadi", "nik": 3212091903680001, "usia(tahun)": "57", "alamat": "BlokTanjakan RT 01 RW 001 ", "desa": 3212090011, "kecamatan": 3212090, "kabupaten": 3212, "koordinat desa (lat)": -6.473, "koordinat desa (long)": 108.503, "koordinat calon lokasi persemaian (x)": null, "koordinat calon lokasi persemaian (y)": null, "koordinat calon lokasi penanaman (x)": null, "koordinat calon lokasi penanaman (y)": null, "penyuluh kehutanan pendamping": null, "keterangan": null, "cdk": "CDK IX" }, "geometry": { "type": "Point", "coordinates": [ 108.503, -6.473 ] } },
{ "type": "Feature", "properties": { "no": 605, "nama": "Asep", "nik": 3213132606810001, "usia(tahun)": "44", "alamat": "Blok Bolon RT 005 RW 001 ", "desa": 3212080018, "kecamatan": 3212080, "kabupaten": 3212, "koordinat desa (lat)": -6.495, "koordinat desa (long)": 108.361, "koordinat calon lokasi persemaian (x)": null, "koordinat calon lokasi persemaian (y)": null, "koordinat calon lokasi penanaman (x)": null, "koordinat calon lokasi penanaman (y)": null, "penyuluh kehutanan pendamping": null, "keterangan": null, "cdk": "CDK IX" }, "geometry": { "type": "Point", "coordinates": [ 108.361, -6.495 ] } },
{ "type": "Feature", "properties": { "no": 606, "nama": "Edi Suhaedi", "nik": 3212091108740007, "usia(tahun)": "51", "alamat": "Blok Banji RT 011 RW 003 ", "desa": 3212090011, "kecamatan": 3212090, "kabupaten": 3212, "koordinat desa (lat)": -6.473, "koordinat desa (long)": 108.503, "koordinat calon lokasi persemaian (x)": null, "koordinat calon lokasi persemaian (y)": null, "koordinat calon lokasi penanaman (x)": null, "koordinat calon lokasi penanaman (y)": null, "penyuluh kehutanan pendamping": null, "keterangan": null, "cdk": "CDK IX" }, "geometry": { "type": "Point", "coordinates": [ 108.503, -6.473 ] } },
{ "type": "Feature", "properties": { "no": 607, "nama": "Nana Kurnia", "nik": 3211130107620086, "usia(tahun)": "63", "alamat": "Dusun Cikohkol RT.01/RW.03", "desa": 3211032006, "kecamatan": 3211032, "kabupaten": 3211, "koordinat desa (lat)": -6.885, "koordinat desa (long)": 107.844, "koordinat calon lokasi persemaian (x)": null, "koordinat calon lokasi persemaian (y)": null, "koordinat calon lokasi penanaman (x)": null, "koordinat calon lokasi penanaman (y)": null, "penyuluh kehutanan pendamping": null, "keterangan": null, "cdk": "CDK IX" }, "geometry": { "type": "Point", "coordinates": [ 107.844, -6.885 ] } },
{ "type": "Feature", "properties": { "no": 608, "nama": "Aripin", "nik": 3211130611560004, "usia(tahun)": "69", "alamat": "Dusun Cigendel RT.03/RW.07", "desa": 3211032006, "kecamatan": 3211032, "kabupaten": 3211, "koordinat desa (lat)": -6.885, "koordinat desa (long)": 107.844, "koordinat calon lokasi persemaian (x)": null, "koordinat calon lokasi persemaian (y)": null, "koordinat calon lokasi penanaman (x)": null, "koordinat calon lokasi penanaman (y)": null, "penyuluh kehutanan pendamping": null, "keterangan": null, "cdk": "CDK IX" }, "geometry": { "type": "Point", "coordinates": [ 107.844, -6.885 ] } },
{ "type": "Feature", "properties": { "no": 609, "nama": "Hidayat", "nik": 3211131606630001, "usia(tahun)": "62", "alamat": "Dusun Cilengsar RT.02/RW.11", "desa": 3211032006, "kecamatan": 3211032, "kabupaten": 3211, "koordinat desa (lat)": -6.885, "koordinat desa (long)": 107.844, "koordinat calon lokasi persemaian (x)": null, "koordinat calon lokasi persemaian (y)": null, "koordinat calon lokasi penanaman (x)": null, "koordinat calon lokasi penanaman (y)": null, "penyuluh kehutanan pendamping": null, "keterangan": null, "cdk": "CDK IX" }, "geometry": { "type": "Point", "coordinates": [ 107.844, -6.885 ] } },
{ "type": "Feature", "properties": { "no": 610, "nama": "Yayan", "nik": 3211172309760011, "usia(tahun)": "49", "alamat": "Dusun Ciawi RT.04/RW.04", "desa": 3211050007, "kecamatan": 3211050, "kabupaten": 3211, "koordinat desa (lat)": -6.879, "koordinat desa (long)": 107.943, "koordinat calon lokasi persemaian (x)": null, "koordinat calon lokasi persemaian (y)": null, "koordinat calon lokasi penanaman (x)": null, "koordinat calon lokasi penanaman (y)": null, "penyuluh kehutanan pendamping": null, "keterangan": null, "cdk": "CDK IX" }, "geometry": { "type": "Point", "coordinates": [ 107.943, -6.879 ] } },
{ "type": "Feature", "properties": { "no": 611, "nama": "Nana Sukana", "nik": 3273032706800010, "usia(tahun)": "45", "alamat": "Dusun Ciawi RT.01/RW.04", "desa": 3211050007, "kecamatan": 3211050, "kabupaten": 3211, "koordinat desa (lat)": -6.879, "koordinat desa (long)": 107.943, "koordinat calon lokasi persemaian (x)": null, "koordinat calon lokasi persemaian (y)": null, "koordinat calon lokasi penanaman (x)": null, "koordinat calon lokasi penanaman (y)": null, "penyuluh kehutanan pendamping": null, "keterangan": null, "cdk": "CDK IX" }, "geometry": { "type": "Point", "coordinates": [ 107.943, -6.879 ] } },
{ "type": "Feature", "properties": { "no": 612, "nama": "Dadan", "nik": 3211171809750002, "usia(tahun)": "50", "alamat": "Dusun Ciawi RT.03/RW.05", "desa": 3211050007, "kecamatan": 3211050, "kabupaten": 3211, "koordinat desa (lat)": -6.879, "koordinat desa (long)": 107.943, "koordinat calon lokasi persemaian (x)": null, "koordinat calon lokasi persemaian (y)": null, "koordinat calon lokasi penanaman (x)": null, "koordinat calon lokasi penanaman (y)": null, "penyuluh kehutanan pendamping": null, "keterangan": null, "cdk": "CDK IX" }, "geometry": { "type": "Point", "coordinates": [ 107.943, -6.879 ] } },
{ "type": "Feature", "properties": { "no": 613, "nama": "Muhammad Sukri", "nik": 3211172107740008, "usia(tahun)": "51", "alamat": "Dusun Citengah RT.03/RW.02", "desa": 3211050004, "kecamatan": 3211050, "kabupaten": 3211, "koordinat desa (lat)": -6.932, "koordinat desa (long)": 107.949, "koordinat calon lokasi persemaian (x)": null, "koordinat calon lokasi persemaian (y)": null, "koordinat calon lokasi penanaman (x)": null, "koordinat calon lokasi penanaman (y)": null, "penyuluh kehutanan pendamping": null, "keterangan": null, "cdk": "CDK IX" }, "geometry": { "type": "Point", "coordinates": [ 107.949, -6.932 ] } },
{ "type": "Feature", "properties": { "no": 614, "nama": "Jejen Zaenudin", "nik": 3211171012650008, "usia(tahun)": "60", "alamat": "Dusun Citengah RT.01/RW.01", "desa": 3211050004, "kecamatan": 3211050, "kabupaten": 3211, "koordinat desa (lat)": -6.932, "koordinat desa (long)": 107.949, "koordinat calon lokasi persemaian (x)": null, "koordinat calon lokasi persemaian (y)": null, "koordinat calon lokasi penanaman (x)": null, "koordinat calon lokasi penanaman (y)": null, "penyuluh kehutanan pendamping": null, "keterangan": null, "cdk": "CDK IX" }, "geometry": { "type": "Point", "coordinates": [ 107.949, -6.932 ] } },
{ "type": "Feature", "properties": { "no": 615, "nama": "Hermawan", "nik": 3211171105750004, "usia(tahun)": "50", "alamat": "Dusun Citengah RT.02/RW.01", "desa": 3211050004, "kecamatan": 3211050, "kabupaten": 3211, "koordinat desa (lat)": -6.932, "koordinat desa (long)": 107.949, "koordinat calon lokasi persemaian (x)": null, "koordinat calon lokasi persemaian (y)": null, "koordinat calon lokasi penanaman (x)": null, "koordinat calon lokasi penanaman (y)": null, "penyuluh kehutanan pendamping": null, "keterangan": null, "cdk": "CDK IX" }, "geometry": { "type": "Point", "coordinates": [ 107.949, -6.932 ] } },
{ "type": "Feature", "properties": { "no": 616, "nama": "Dahrun", "nik": 3211211104800004, "usia(tahun)": "45", "alamat": "Dusun Cimuncang RT.001/RW.006", "desa": 3211171008, "kecamatan": 3211171, "kabupaten": 3211, "koordinat desa (lat)": -6.704, "koordinat desa (long)": 107.858, "koordinat calon lokasi persemaian (x)": null, "koordinat calon lokasi persemaian (y)": null, "koordinat calon lokasi penanaman (x)": null, "koordinat calon lokasi penanaman (y)": null, "penyuluh kehutanan pendamping": null, "keterangan": null, "cdk": "CDK IX" }, "geometry": { "type": "Point", "coordinates": [ 107.858, -6.704 ] } },
{ "type": "Feature", "properties": { "no": 617, "nama": "Ade Sutarwa", "nik": 3211210408840004, "usia(tahun)": "41", "alamat": "Dusun Cimuncang RT.001/RW.006", "desa": 3211171008, "kecamatan": 3211171, "kabupaten": 3211, "koordinat desa (lat)": -6.704, "koordinat desa (long)": 107.858, "koordinat calon lokasi persemaian (x)": null, "koordinat calon lokasi persemaian (y)": null, "koordinat calon lokasi penanaman (x)": null, "koordinat calon lokasi penanaman (y)": null, "penyuluh kehutanan pendamping": null, "keterangan": null, "cdk": "CDK IX" }, "geometry": { "type": "Point", "coordinates": [ 107.858, -6.704 ] } },
{ "type": "Feature", "properties": { "no": 618, "nama": "Maman", "nik": 3211210812820001, "usia(tahun)": "43", "alamat": "Dusun Cimuncang RT.001/RW.006", "desa": 3211171008, "kecamatan": 3211171, "kabupaten": 3211, "koordinat desa (lat)": -6.704, "koordinat desa (long)": 107.858, "koordinat calon lokasi persemaian (x)": null, "koordinat calon lokasi persemaian (y)": null, "koordinat calon lokasi penanaman (x)": null, "koordinat calon lokasi penanaman (y)": null, "penyuluh kehutanan pendamping": null, "keterangan": null, "cdk": "CDK IX" }, "geometry": { "type": "Point", "coordinates": [ 107.858, -6.704 ] } },
{ "type": "Feature", "properties": { "no": 619, "nama": "Agus Ruyatman", "nik": 3211161608820005, "usia(tahun)": "43", "alamat": "Dusun Cigadog RT.004/RW.005", "desa": 3211040013, "kecamatan": 3211040, "kabupaten": 3211, "koordinat desa (lat)": -6.8, "koordinat desa (long)": 107.844, "koordinat calon lokasi persemaian (x)": null, "koordinat calon lokasi persemaian (y)": null, "koordinat calon lokasi penanaman (x)": null, "koordinat calon lokasi penanaman (y)": null, "penyuluh kehutanan pendamping": null, "keterangan": null, "cdk": "CDK IX" }, "geometry": { "type": "Point", "coordinates": [ 107.844, -6.8 ] } },
{ "type": "Feature", "properties": { "no": 620, "nama": "Eman", "nik": 3211163112520017, "usia(tahun)": "73", "alamat": "Dusun Cigadog RT.004/RT.005", "desa": 3211040013, "kecamatan": 3211040, "kabupaten": 3211, "koordinat desa (lat)": -6.8, "koordinat desa (long)": 107.844, "koordinat calon lokasi persemaian (x)": null, "koordinat calon lokasi persemaian (y)": null, "koordinat calon lokasi penanaman (x)": null, "koordinat calon lokasi penanaman (y)": null, "penyuluh kehutanan pendamping": null, "keterangan": null, "cdk": "CDK IX" }, "geometry": { "type": "Point", "coordinates": [ 107.844, -6.8 ] } },
{ "type": "Feature", "properties": { "no": 621, "nama": "Ido", "nik": 3211160903620002, "usia(tahun)": "63", "alamat": "Dusun Cibihuk RT.003/RW.005", "desa": 3211040013, "kecamatan": 3211040, "kabupaten": 3211, "koordinat desa (lat)": -6.8, "koordinat desa (long)": 107.844, "koordinat calon lokasi persemaian (x)": null, "koordinat calon lokasi persemaian (y)": null, "koordinat calon lokasi penanaman (x)": null, "koordinat calon lokasi penanaman (y)": null, "penyuluh kehutanan pendamping": null, "keterangan": null, "cdk": "CDK IX" }, "geometry": { "type": "Point", "coordinates": [ 107.844, -6.8 ] } },
{ "type": "Feature", "properties": { "no": 622, "nama": "Asep Ahyar", "nik": 3211182702720008, "usia(tahun)": "53", "alamat": "Dusun Rancapurut RT.03/RW.07", "desa": 3211060013, "kecamatan": 3211060, "kabupaten": 3211, "koordinat desa (lat)": -6.848, "koordinat desa (long)": 107.94, "koordinat calon lokasi persemaian (x)": null, "koordinat calon lokasi persemaian (y)": null, "koordinat calon lokasi penanaman (x)": null, "koordinat calon lokasi penanaman (y)": null, "penyuluh kehutanan pendamping": null, "keterangan": null, "cdk": "CDK IX" }, "geometry": { "type": "Point", "coordinates": [ 107.94, -6.848 ] } },
{ "type": "Feature", "properties": { "no": 623, "nama": "Edwar", "nik": 3211180711770002, "usia(tahun)": "48", "alamat": "Dusun Rancapurut RT.03/RW.07", "desa": 3211060013, "kecamatan": 3211060, "kabupaten": 3211, "koordinat desa (lat)": -6.848, "koordinat desa (long)": 107.94, "koordinat calon lokasi persemaian (x)": null, "koordinat calon lokasi persemaian (y)": null, "koordinat calon lokasi penanaman (x)": null, "koordinat calon lokasi penanaman (y)": null, "penyuluh kehutanan pendamping": null, "keterangan": null, "cdk": "CDK IX" }, "geometry": { "type": "Point", "coordinates": [ 107.94, -6.848 ] } },
{ "type": "Feature", "properties": { "no": 624, "nama": "Ia Sunarya", "nik": 3211181506700007, "usia(tahun)": "55", "alamat": "Dusun Rancapurut RT.03/RW.07", "desa": 3211060013, "kecamatan": 3211060, "kabupaten": 3211, "koordinat desa (lat)": -6.848, "koordinat desa (long)": 107.94, "koordinat calon lokasi persemaian (x)": null, "koordinat calon lokasi persemaian (y)": null, "koordinat calon lokasi penanaman (x)": null, "koordinat calon lokasi penanaman (y)": null, "penyuluh kehutanan pendamping": null, "keterangan": null, "cdk": "CDK IX" }, "geometry": { "type": "Point", "coordinates": [ 107.94, -6.848 ] } },
{ "type": "Feature", "properties": { "no": 625, "nama": "Madi", "nik": 3211100507510006, "usia(tahun)": "74", "alamat": "Dusun Puncakmanik RT.08/RW.01", "desa": 3211180002, "kecamatan": 3211180, "kabupaten": 3211, "koordinat desa (lat)": -6.726, "koordinat desa (long)": 107.977, "koordinat calon lokasi persemaian (x)": null, "koordinat calon lokasi persemaian (y)": null, "koordinat calon lokasi penanaman (x)": null, "koordinat calon lokasi penanaman (y)": null, "penyuluh kehutanan pendamping": null, "keterangan": null, "cdk": "CDK IX" }, "geometry": { "type": "Point", "coordinates": [ 107.977, -6.726 ] } },
{ "type": "Feature", "properties": { "no": 626, "nama": "Otong Yaya", "nik": 3211100505750004, "usia(tahun)": "50", "alamat": "Dusun Cileungsing RT.11/RW.03", "desa": 3211180002, "kecamatan": 3211180, "kabupaten": 3211, "koordinat desa (lat)": -6.726, "koordinat desa (long)": 107.977, "koordinat calon lokasi persemaian (x)": null, "koordinat calon lokasi persemaian (y)": null, "koordinat calon lokasi penanaman (x)": null, "koordinat calon lokasi penanaman (y)": null, "penyuluh kehutanan pendamping": null, "keterangan": null, "cdk": "CDK IX" }, "geometry": { "type": "Point", "coordinates": [ 107.977, -6.726 ] } },
{ "type": "Feature", "properties": { "no": 627, "nama": "Heri Ramdani", "nik": 3211100507830003, "usia(tahun)": "42", "alamat": "Dusun Cileungsing RT.12/RW.03", "desa": 3211180002, "kecamatan": 3211180, "kabupaten": 3211, "koordinat desa (lat)": -6.726, "koordinat desa (long)": 107.977, "koordinat calon lokasi persemaian (x)": null, "koordinat calon lokasi persemaian (y)": null, "koordinat calon lokasi penanaman (x)": null, "koordinat calon lokasi penanaman (y)": null, "penyuluh kehutanan pendamping": null, "keterangan": null, "cdk": "CDK IX" }, "geometry": { "type": "Point", "coordinates": [ 107.977, -6.726 ] } },
{ "type": "Feature", "properties": { "no": 628, "nama": "Sutara", "nik": 3211102401760004, "usia(tahun)": "49", "alamat": "Dusun Bojong RT.03/RW.01", "desa": 3211180007, "kecamatan": 3211180, "kabupaten": 3211, "koordinat desa (lat)": -6.7, "koordinat desa (long)": 107.961, "koordinat calon lokasi persemaian (x)": null, "koordinat calon lokasi persemaian (y)": null, "koordinat calon lokasi penanaman (x)": null, "koordinat calon lokasi penanaman (y)": null, "penyuluh kehutanan pendamping": null, "keterangan": null, "cdk": "CDK IX" }, "geometry": { "type": "Point", "coordinates": [ 107.961, -6.7 ] } },
{ "type": "Feature", "properties": { "no": 629, "nama": "Edi Itang", "nik": 3211100401780005, "usia(tahun)": "48", "alamat": "Dusun Bojong RT.03/RW.01", "desa": 3211180007, "kecamatan": 3211180, "kabupaten": 3211, "koordinat desa (lat)": -6.7, "koordinat desa (long)": 107.961, "koordinat calon lokasi persemaian (x)": null, "koordinat calon lokasi persemaian (y)": null, "koordinat calon lokasi penanaman (x)": null, "koordinat calon lokasi penanaman (y)": null, "penyuluh kehutanan pendamping": null, "keterangan": null, "cdk": "CDK IX" }, "geometry": { "type": "Point", "coordinates": [ 107.961, -6.7 ] } },
{ "type": "Feature", "properties": { "no": 630, "nama": "Yayat", "nik": 3211101110700009, "usia(tahun)": "55", "alamat": "Dusun Bojong RT.01/RW.01", "desa": 3211180007, "kecamatan": 3211180, "kabupaten": 3211, "koordinat desa (lat)": -6.7, "koordinat desa (long)": 107.961, "koordinat calon lokasi persemaian (x)": null, "koordinat calon lokasi persemaian (y)": null, "koordinat calon lokasi penanaman (x)": null, "koordinat calon lokasi penanaman (y)": null, "penyuluh kehutanan pendamping": null, "keterangan": null, "cdk": "CDK IX" }, "geometry": { "type": "Point", "coordinates": [ 107.961, -6.7 ] } },
{ "type": "Feature", "properties": { "no": 631, "nama": "Mumuh Muharom", "nik": 3211071301740002, "usia(tahun)": "52", "alamat": "Dusun Conggeang RT.04/RW.02", "desa": 3211140005, "kecamatan": 3211140, "kabupaten": 3211, "koordinat desa (lat)": -6.743, "koordinat desa (long)": 108.019, "koordinat calon lokasi persemaian (x)": null, "koordinat calon lokasi persemaian (y)": null, "koordinat calon lokasi penanaman (x)": null, "koordinat calon lokasi penanaman (y)": null, "penyuluh kehutanan pendamping": null, "keterangan": null, "cdk": "CDK IX" }, "geometry": { "type": "Point", "coordinates": [ 108.019, -6.743 ] } },
{ "type": "Feature", "properties": { "no": 632, "nama": "Nana Majid", "nik": 3211071808740003, "usia(tahun)": "51", "alamat": "Dusun Conggeang RT.06/ RW.02", "desa": 3211140005, "kecamatan": 3211140, "kabupaten": 3211, "koordinat desa (lat)": -6.743, "koordinat desa (long)": 108.019, "koordinat calon lokasi persemaian (x)": null, "koordinat calon lokasi persemaian (y)": null, "koordinat calon lokasi penanaman (x)": null, "koordinat calon lokasi penanaman (y)": null, "penyuluh kehutanan pendamping": null, "keterangan": null, "cdk": "CDK IX" }, "geometry": { "type": "Point", "coordinates": [ 108.019, -6.743 ] } },
{ "type": "Feature", "properties": { "no": 633, "nama": "Iwan Ahmad Saepudin", "nik": 3211071010650004, "usia(tahun)": "60", "alamat": "Dusun Cipicung RT.10/RW.04", "desa": 3211140005, "kecamatan": 3211140, "kabupaten": 3211, "koordinat desa (lat)": -6.743, "koordinat desa (long)": 108.019, "koordinat calon lokasi persemaian (x)": null, "koordinat calon lokasi persemaian (y)": null, "koordinat calon lokasi penanaman (x)": null, "koordinat calon lokasi penanaman (y)": null, "penyuluh kehutanan pendamping": null, "keterangan": null, "cdk": "CDK IX" }, "geometry": { "type": "Point", "coordinates": [ 108.019, -6.743 ] } },
{ "type": "Feature", "properties": { "no": 634, "nama": "Supena", "nik": 3211072808710006, "usia(tahun)": "54", "alamat": "Dusun Sukaluyu RT.001/RW.001", "desa": 3211140009, "kecamatan": 3211140, "kabupaten": 3211, "koordinat desa (lat)": -6.706, "koordinat desa (long)": 108.046, "koordinat calon lokasi persemaian (x)": null, "koordinat calon lokasi persemaian (y)": null, "koordinat calon lokasi penanaman (x)": null, "koordinat calon lokasi penanaman (y)": null, "penyuluh kehutanan pendamping": null, "keterangan": null, "cdk": "CDK IX" }, "geometry": { "type": "Point", "coordinates": [ 108.046, -6.706 ] } },
{ "type": "Feature", "properties": { "no": 635, "nama": "Oni Sahroni", "nik": 3211070304780001, "usia(tahun)": "47", "alamat": "Dusun Sukaluyu RT.001/RW.001", "desa": 3211140009, "kecamatan": 3211140, "kabupaten": 3211, "koordinat desa (lat)": -6.706, "koordinat desa (long)": 108.046, "koordinat calon lokasi persemaian (x)": null, "koordinat calon lokasi persemaian (y)": null, "koordinat calon lokasi penanaman (x)": null, "koordinat calon lokasi penanaman (y)": null, "penyuluh kehutanan pendamping": null, "keterangan": null, "cdk": "CDK IX" }, "geometry": { "type": "Point", "coordinates": [ 108.046, -6.706 ] } },
{ "type": "Feature", "properties": { "no": 636, "nama": "Wahyu", "nik": 3211071012720004, "usia(tahun)": "53", "alamat": "Dusun Sukahaji RT.001/RW.002", "desa": 3211140009, "kecamatan": 3211140, "kabupaten": 3211, "koordinat desa (lat)": -6.706, "koordinat desa (long)": 108.046, "koordinat calon lokasi persemaian (x)": null, "koordinat calon lokasi persemaian (y)": null, "koordinat calon lokasi penanaman (x)": null, "koordinat calon lokasi penanaman (y)": null, "penyuluh kehutanan pendamping": null, "keterangan": null, "cdk": "CDK IX" }, "geometry": { "type": "Point", "coordinates": [ 108.046, -6.706 ] } },
{ "type": "Feature", "properties": { "no": 637, "nama": "Tata Karnata", "nik": 3211050701790008, "usia(tahun)": "47", "alamat": "Dusun Pengjeleran RT.003/RW.004", "desa": 3211071007, "kecamatan": 3211071, "kabupaten": 3211, "koordinat desa (lat)": -6.858, "koordinat desa (long)": 108.052, "koordinat calon lokasi persemaian (x)": null, "koordinat calon lokasi persemaian (y)": null, "koordinat calon lokasi penanaman (x)": null, "koordinat calon lokasi penanaman (y)": null, "penyuluh kehutanan pendamping": null, "keterangan": null, "cdk": "CDK IX" }, "geometry": { "type": "Point", "coordinates": [ 108.052, -6.858 ] } },
{ "type": "Feature", "properties": { "no": 638, "nama": "Rukman", "nik": 3211051504790004, "usia(tahun)": "47", "alamat": "Dusun Karamat RT.002/RW.007", "desa": 3211071007, "kecamatan": 3211071, "kabupaten": 3211, "koordinat desa (lat)": -6.858, "koordinat desa (long)": 108.052, "koordinat calon lokasi persemaian (x)": null, "koordinat calon lokasi persemaian (y)": null, "koordinat calon lokasi penanaman (x)": null, "koordinat calon lokasi penanaman (y)": null, "penyuluh kehutanan pendamping": null, "keterangan": null, "cdk": "CDK IX" }, "geometry": { "type": "Point", "coordinates": [ 108.052, -6.858 ] } },
{ "type": "Feature", "properties": { "no": 639, "nama": "Ade Winata", "nik": 3273231602720004, "usia(tahun)": "52", "alamat": "Dusun Karamat RT.002/RW.007", "desa": 3211071007, "kecamatan": 3211071, "kabupaten": 3211, "koordinat desa (lat)": -6.858, "koordinat desa (long)": 108.052, "koordinat calon lokasi persemaian (x)": null, "koordinat calon lokasi persemaian (y)": null, "koordinat calon lokasi penanaman (x)": null, "koordinat calon lokasi penanaman (y)": null, "penyuluh kehutanan pendamping": null, "keterangan": null, "cdk": "CDK IX" }, "geometry": { "type": "Point", "coordinates": [ 108.052, -6.858 ] } },
{ "type": "Feature", "properties": { "no": 640, "nama": "Suwita Atmaja", "nik": 3211031112810001, "usia(tahun)": "44", "alamat": "Dusun Kebon Jambe RT 001/RW 001", "desa": 3211080008, "kecamatan": 3211080, "kabupaten": 3211, "koordinat desa (lat)": -6.933, "koordinat desa (long)": 108.03, "koordinat calon lokasi persemaian (x)": null, "koordinat calon lokasi persemaian (y)": null, "koordinat calon lokasi penanaman (x)": null, "koordinat calon lokasi penanaman (y)": null, "penyuluh kehutanan pendamping": null, "keterangan": null, "cdk": "CDK IX" }, "geometry": { "type": "Point", "coordinates": [ 108.03, -6.933 ] } },
{ "type": "Feature", "properties": { "no": 641, "nama": "Dana", "nik": 3211033112540043, "usia(tahun)": "71", "alamat": "Dusun Kebon Jambe RT.003/RW.003", "desa": 3211080008, "kecamatan": 3211080, "kabupaten": 3211, "koordinat desa (lat)": -6.933, "koordinat desa (long)": 108.03, "koordinat calon lokasi persemaian (x)": null, "koordinat calon lokasi persemaian (y)": null, "koordinat calon lokasi penanaman (x)": null, "koordinat calon lokasi penanaman (y)": null, "penyuluh kehutanan pendamping": null, "keterangan": null, "cdk": "CDK IX" }, "geometry": { "type": "Point", "coordinates": [ 108.03, -6.933 ] } },
{ "type": "Feature", "properties": { "no": 642, "nama": "Dayat", "nik": 3211031011640003, "usia(tahun)": "61", "alamat": "Dusun Kebon Jambe RT.003/RW.003", "desa": 3211080008, "kecamatan": 3211080, "kabupaten": 3211, "koordinat desa (lat)": -6.933, "koordinat desa (long)": 108.03, "koordinat calon lokasi persemaian (x)": null, "koordinat calon lokasi persemaian (y)": null, "koordinat calon lokasi penanaman (x)": null, "koordinat calon lokasi penanaman (y)": null, "penyuluh kehutanan pendamping": null, "keterangan": null, "cdk": "CDK IX" }, "geometry": { "type": "Point", "coordinates": [ 108.03, -6.933 ] } },
{ "type": "Feature", "properties": { "no": 643, "nama": "D. Dasman Maiman", "nik": 3211022806680002, "usia(tahun)": "57", "alamat": "Dusun Cipari RT.002/RW.006", "desa": 3211101006, "kecamatan": 3211101, "kabupaten": 3211, "koordinat desa (lat)": -6.949, "koordinat desa (long)": 108.135, "koordinat calon lokasi persemaian (x)": null, "koordinat calon lokasi persemaian (y)": null, "koordinat calon lokasi penanaman (x)": null, "koordinat calon lokasi penanaman (y)": null, "penyuluh kehutanan pendamping": null, "keterangan": null, "cdk": "CDK IX" }, "geometry": { "type": "Point", "coordinates": [ 108.135, -6.949 ] } },
{ "type": "Feature", "properties": { "no": 644, "nama": "Asep Tiar Sopriatna", "nik": 3211023001760001, "usia(tahun)": "49", "alamat": "Dusun Cipari RT.002/RW.006", "desa": 3211101006, "kecamatan": 3211101, "kabupaten": 3211, "koordinat desa (lat)": -6.949, "koordinat desa (long)": 108.135, "koordinat calon lokasi persemaian (x)": null, "koordinat calon lokasi persemaian (y)": null, "koordinat calon lokasi penanaman (x)": null, "koordinat calon lokasi penanaman (y)": null, "penyuluh kehutanan pendamping": null, "keterangan": null, "cdk": "CDK IX" }, "geometry": { "type": "Point", "coordinates": [ 108.135, -6.949 ] } },
{ "type": "Feature", "properties": { "no": 645, "nama": "Jeje", "nik": 3211021607720006, "usia(tahun)": "53", "alamat": "Kp. Pasirpadang RT.001/RW.005", "desa": 3211101006, "kecamatan": 3211101, "kabupaten": 3211, "koordinat desa (lat)": -6.949, "koordinat desa (long)": 108.135, "koordinat calon lokasi persemaian (x)": null, "koordinat calon lokasi persemaian (y)": null, "koordinat calon lokasi penanaman (x)": null, "koordinat calon lokasi penanaman (y)": null, "penyuluh kehutanan pendamping": null, "keterangan": null, "cdk": "CDK IX" }, "geometry": { "type": "Point", "coordinates": [ 108.135, -6.949 ] } },
{ "type": "Feature", "properties": { "no": 646, "nama": "Sutardi", "nik": 3211022308610001, "usia(tahun)": "64", "alamat": "Dusun Neglasari RT.002/RW.002", "desa": 3211101006, "kecamatan": 3211101, "kabupaten": 3211, "koordinat desa (lat)": -6.949, "koordinat desa (long)": 108.135, "koordinat calon lokasi persemaian (x)": null, "koordinat calon lokasi persemaian (y)": null, "koordinat calon lokasi penanaman (x)": null, "koordinat calon lokasi penanaman (y)": null, "penyuluh kehutanan pendamping": null, "keterangan": null, "cdk": "CDK IX" }, "geometry": { "type": "Point", "coordinates": [ 108.135, -6.949 ] } },
{ "type": "Feature", "properties": { "no": 647, "nama": "Casyani", "nik": 3211024802820004, "usia(tahun)": "43", "alamat": "Dusun Neglasari RT.002/RW.002", "desa": 3211101006, "kecamatan": 3211101, "kabupaten": 3211, "koordinat desa (lat)": -6.949, "koordinat desa (long)": 108.135, "koordinat calon lokasi persemaian (x)": null, "koordinat calon lokasi persemaian (y)": null, "koordinat calon lokasi penanaman (x)": null, "koordinat calon lokasi penanaman (y)": null, "penyuluh kehutanan pendamping": null, "keterangan": null, "cdk": "CDK IX" }, "geometry": { "type": "Point", "coordinates": [ 108.135, -6.949 ] } },
{ "type": "Feature", "properties": { "no": 648, "nama": "Mamah Hikmah", "nik": 3209136611750001, "usia(tahun)": "50", "alamat": "Dusun Cipari RT.002/RW.006", "desa": 3211101006, "kecamatan": 3211101, "kabupaten": 3211, "koordinat desa (lat)": -6.949, "koordinat desa (long)": 108.135, "koordinat calon lokasi persemaian (x)": null, "koordinat calon lokasi persemaian (y)": null, "koordinat calon lokasi penanaman (x)": null, "koordinat calon lokasi penanaman (y)": null, "penyuluh kehutanan pendamping": null, "keterangan": null, "cdk": "CDK IX" }, "geometry": { "type": "Point", "coordinates": [ 108.135, -6.949 ] } },
{ "type": "Feature", "properties": { "no": 649, "nama": "Cahlia", "nik": 3211021505700006, "usia(tahun)": "55", "alamat": "Dusun Palasari RT.001/RW.004", "desa": 3211101003, "kecamatan": 3211101, "kabupaten": 3211, "koordinat desa (lat)": -6.912, "koordinat desa (long)": 108.201, "koordinat calon lokasi persemaian (x)": null, "koordinat calon lokasi persemaian (y)": null, "koordinat calon lokasi penanaman (x)": null, "koordinat calon lokasi penanaman (y)": null, "penyuluh kehutanan pendamping": null, "keterangan": null, "cdk": "CDK IX" }, "geometry": { "type": "Point", "coordinates": [ 108.201, -6.912 ] } },
{ "type": "Feature", "properties": { "no": 650, "nama": "Tatang Suryana", "nik": 3211022503780002, "usia(tahun)": "47", "alamat": "Dusun. Palasari RT.001/RW.004", "desa": 3211101003, "kecamatan": 3211101, "kabupaten": 3211, "koordinat desa (lat)": -6.912, "koordinat desa (long)": 108.201, "koordinat calon lokasi persemaian (x)": null, "koordinat calon lokasi persemaian (y)": null, "koordinat calon lokasi penanaman (x)": null, "koordinat calon lokasi penanaman (y)": null, "penyuluh kehutanan pendamping": null, "keterangan": null, "cdk": "CDK IX" }, "geometry": { "type": "Point", "coordinates": [ 108.201, -6.912 ] } },
{ "type": "Feature", "properties": { "no": 651, "nama": "Subarna", "nik": 3211020902580001, "usia(tahun)": "67", "alamat": "Dusun. Palasari RT.001/RW.004", "desa": 3211101003, "kecamatan": 3211101, "kabupaten": 3211, "koordinat desa (lat)": -6.912, "koordinat desa (long)": 108.201, "koordinat calon lokasi persemaian (x)": null, "koordinat calon lokasi persemaian (y)": null, "koordinat calon lokasi penanaman (x)": null, "koordinat calon lokasi penanaman (y)": null, "penyuluh kehutanan pendamping": null, "keterangan": null, "cdk": "CDK IX" }, "geometry": { "type": "Point", "coordinates": [ 108.201, -6.912 ] } },
{ "type": "Feature", "properties": { "no": 652, "nama": "Anan Suherman", "nik": 3211260912500003, "usia(tahun)": "75", "alamat": "Dusun Cibadak RT.009/RW.002", "desa": 3211111002, "kecamatan": 3211111, "kabupaten": 3211, "koordinat desa (lat)": -6.922, "koordinat desa (long)": 108.128, "koordinat calon lokasi persemaian (x)": null, "koordinat calon lokasi persemaian (y)": null, "koordinat calon lokasi penanaman (x)": null, "koordinat calon lokasi penanaman (y)": null, "penyuluh kehutanan pendamping": null, "keterangan": null, "cdk": "CDK IX" }, "geometry": { "type": "Point", "coordinates": [ 108.128, -6.922 ] } },
{ "type": "Feature", "properties": { "no": 653, "nama": "Cecep Suryadi", "nik": 3211260909710004, "usia(tahun)": "54", "alamat": "Dusun Cibunut RT.012/RW.006", "desa": 3211111002, "kecamatan": 3211111, "kabupaten": 3211, "koordinat desa (lat)": -6.922, "koordinat desa (long)": 108.128, "koordinat calon lokasi persemaian (x)": null, "koordinat calon lokasi persemaian (y)": null, "koordinat calon lokasi penanaman (x)": null, "koordinat calon lokasi penanaman (y)": null, "penyuluh kehutanan pendamping": null, "keterangan": null, "cdk": "CDK IX" }, "geometry": { "type": "Point", "coordinates": [ 108.128, -6.922 ] } },
{ "type": "Feature", "properties": { "no": 654, "nama": "Sarma", "nik": 3211262308810003, "usia(tahun)": "44", "alamat": "Dusun Cibunut RT.014/RW.006", "desa": 3211111002, "kecamatan": 3211111, "kabupaten": 3211, "koordinat desa (lat)": -6.922, "koordinat desa (long)": 108.128, "koordinat calon lokasi persemaian (x)": null, "koordinat calon lokasi persemaian (y)": null, "koordinat calon lokasi penanaman (x)": null, "koordinat calon lokasi penanaman (y)": null, "penyuluh kehutanan pendamping": null, "keterangan": null, "cdk": "CDK IX" }, "geometry": { "type": "Point", "coordinates": [ 108.128, -6.922 ] } },
{ "type": "Feature", "properties": { "no": 655, "nama": "Mardi", "nik": 3211040406580003, "usia(tahun)": "67", "alamat": "Dusun. Antara II RT.02/RW.03", "desa": 3211090004, "kecamatan": 3211090, "kabupaten": 3211, "koordinat desa (lat)": -6.949, "koordinat desa (long)": 108.033, "koordinat calon lokasi persemaian (x)": null, "koordinat calon lokasi persemaian (y)": null, "koordinat calon lokasi penanaman (x)": null, "koordinat calon lokasi penanaman (y)": null, "penyuluh kehutanan pendamping": null, "keterangan": null, "cdk": "CDK IX" }, "geometry": { "type": "Point", "coordinates": [ 108.033, -6.949 ] } },
{ "type": "Feature", "properties": { "no": 656, "nama": "Dahriat", "nik": 3211040603730001, "usia(tahun)": "50", "alamat": "Dusun. Antara II RT.04/RW.03", "desa": 3211090004, "kecamatan": 3211090, "kabupaten": 3211, "koordinat desa (lat)": -6.949, "koordinat desa (long)": 108.033, "koordinat calon lokasi persemaian (x)": null, "koordinat calon lokasi persemaian (y)": null, "koordinat calon lokasi penanaman (x)": null, "koordinat calon lokasi penanaman (y)": null, "penyuluh kehutanan pendamping": null, "keterangan": null, "cdk": "CDK IX" }, "geometry": { "type": "Point", "coordinates": [ 108.033, -6.949 ] } },
{ "type": "Feature", "properties": { "no": 657, "nama": "Omo", "nik": 3211040505570005, "usia(tahun)": "68", "alamat": "Dusun Antara I RT.03/RW.09", "desa": 3211090004, "kecamatan": 3211090, "kabupaten": 3211, "koordinat desa (lat)": -6.949, "koordinat desa (long)": 108.033, "koordinat calon lokasi persemaian (x)": null, "koordinat calon lokasi persemaian (y)": null, "koordinat calon lokasi penanaman (x)": null, "koordinat calon lokasi penanaman (y)": null, "penyuluh kehutanan pendamping": null, "keterangan": null, "cdk": "CDK IX" }, "geometry": { "type": "Point", "coordinates": [ 108.033, -6.949 ] } },
{ "type": "Feature", "properties": { "no": 658, "nama": "Dewi Rina Asmara", "nik": 3212015405830007, "usia(tahun)": "42", "alamat": "Blok Cijambe RT.014/RW.005", "desa": 3212011001, "kecamatan": 3212011, "kabupaten": 3212, "koordinat desa (lat)": -6.574, "koordinat desa (long)": 107.877, "koordinat calon lokasi persemaian (x)": null, "koordinat calon lokasi persemaian (y)": null, "koordinat calon lokasi penanaman (x)": null, "koordinat calon lokasi penanaman (y)": null, "penyuluh kehutanan pendamping": null, "keterangan": null, "cdk": "CDK IX" }, "geometry": { "type": "Point", "coordinates": [ 107.877, -6.574 ] } },
{ "type": "Feature", "properties": { "no": 659, "nama": "Dedeh Ipen Komala", "nik": 3212014202790001, "usia(tahun)": "45", "alamat": "Blok Cijambe RT.017/RW.006", "desa": 3212011001, "kecamatan": 3212011, "kabupaten": 3212, "koordinat desa (lat)": -6.574, "koordinat desa (long)": 107.877, "koordinat calon lokasi persemaian (x)": null, "koordinat calon lokasi persemaian (y)": null, "koordinat calon lokasi penanaman (x)": null, "koordinat calon lokasi penanaman (y)": null, "penyuluh kehutanan pendamping": null, "keterangan": null, "cdk": "CDK IX" }, "geometry": { "type": "Point", "coordinates": [ 107.877, -6.574 ] } },
{ "type": "Feature", "properties": { "no": 660, "nama": "Ania", "nik": 3212255009820002, "usia(tahun)": "43", "alamat": "Blok Cijambe RT.017/RW.006", "desa": 3212011001, "kecamatan": 3212011, "kabupaten": 3212, "koordinat desa (lat)": -6.574, "koordinat desa (long)": 107.877, "koordinat calon lokasi persemaian (x)": null, "koordinat calon lokasi persemaian (y)": null, "koordinat calon lokasi penanaman (x)": null, "koordinat calon lokasi penanaman (y)": null, "penyuluh kehutanan pendamping": null, "keterangan": null, "cdk": "CDK IX" }, "geometry": { "type": "Point", "coordinates": [ 107.877, -6.574 ] } },
{ "type": "Feature", "properties": { "no": 661, "nama": "Kamin", "nik": 3212290704720001, "usia(tahun)": "53", "alamat": "Blok Pancer II RT.020/RW.007", "desa": 3212162005, "kecamatan": 3212162, "kabupaten": 3212, "koordinat desa (lat)": -6.264, "koordinat desa (long)": 108.298, "koordinat calon lokasi persemaian (x)": null, "koordinat calon lokasi persemaian (y)": null, "koordinat calon lokasi penanaman (x)": null, "koordinat calon lokasi penanaman (y)": null, "penyuluh kehutanan pendamping": null, "keterangan": null, "cdk": "CDK IX" }, "geometry": { "type": "Point", "coordinates": [ 108.298, -6.264 ] } },
{ "type": "Feature", "properties": { "no": 662, "nama": "Nurtam", "nik": 3212291002780001, "usia(tahun)": "47", "alamat": "Blok Pancer II RT.020/RW.007", "desa": 3212162005, "kecamatan": 3212162, "kabupaten": 3212, "koordinat desa (lat)": -6.264, "koordinat desa (long)": 108.298, "koordinat calon lokasi persemaian (x)": null, "koordinat calon lokasi persemaian (y)": null, "koordinat calon lokasi penanaman (x)": null, "koordinat calon lokasi penanaman (y)": null, "penyuluh kehutanan pendamping": null, "keterangan": null, "cdk": "CDK IX" }, "geometry": { "type": "Point", "coordinates": [ 108.298, -6.264 ] } },
{ "type": "Feature", "properties": { "no": 663, "nama": "Kasmin", "nik": 3212290712720002, "usia(tahun)": "53", "alamat": "Blok Pancer I RT.007/RW.003", "desa": 3212162005, "kecamatan": 3212162, "kabupaten": 3212, "koordinat desa (lat)": -6.264, "koordinat desa (long)": 108.298, "koordinat calon lokasi persemaian (x)": null, "koordinat calon lokasi persemaian (y)": null, "koordinat calon lokasi penanaman (x)": null, "koordinat calon lokasi penanaman (y)": null, "penyuluh kehutanan pendamping": null, "keterangan": null, "cdk": "CDK IX" }, "geometry": { "type": "Point", "coordinates": [ 108.298, -6.264 ] } },
{ "type": "Feature", "properties": { "no": 664, "nama": "Samidi", "nik": 3212150407780008, "usia(tahun)": "47", "alamat": "Blok Tegur RT.018/RW.005", "desa": 3212162004, "kecamatan": 3212162, "kabupaten": 3212, "koordinat desa (lat)": -6.267, "koordinat desa (long)": 108.33, "koordinat calon lokasi persemaian (x)": null, "koordinat calon lokasi persemaian (y)": null, "koordinat calon lokasi penanaman (x)": null, "koordinat calon lokasi penanaman (y)": null, "penyuluh kehutanan pendamping": null, "keterangan": null, "cdk": "CDK IX" }, "geometry": { "type": "Point", "coordinates": [ 108.33, -6.267 ] } },
{ "type": "Feature", "properties": { "no": 665, "nama": "Sapar", "nik": 3212151106710002, "usia(tahun)": "54", "alamat": "Blok Tegur RT.018/RW.005", "desa": 3212162004, "kecamatan": 3212162, "kabupaten": 3212, "koordinat desa (lat)": -6.267, "koordinat desa (long)": 108.33, "koordinat calon lokasi persemaian (x)": null, "koordinat calon lokasi persemaian (y)": null, "koordinat calon lokasi penanaman (x)": null, "koordinat calon lokasi penanaman (y)": null, "penyuluh kehutanan pendamping": null, "keterangan": null, "cdk": "CDK IX" }, "geometry": { "type": "Point", "coordinates": [ 108.33, -6.267 ] } },
{ "type": "Feature", "properties": { "no": 666, "nama": "Tasiman", "nik": 3212151111760001, "usia(tahun)": "49", "alamat": "Blok Bungku Timur RT.002/RW.004", "desa": 3212162004, "kecamatan": 3212162, "kabupaten": 3212, "koordinat desa (lat)": -6.267, "koordinat desa (long)": 108.33, "koordinat calon lokasi persemaian (x)": null, "koordinat calon lokasi persemaian (y)": null, "koordinat calon lokasi penanaman (x)": null, "koordinat calon lokasi penanaman (y)": null, "penyuluh kehutanan pendamping": null, "keterangan": null, "cdk": "CDK IX" }, "geometry": { "type": "Point", "coordinates": [ 108.33, -6.267 ] } }
]
}
